username,anime_id,score
pringelony,50549,8.0
Katastrofico,6746,9.0
KasteK,27787,6.0
itskindacl0udy,31,7.0
promanias,53888,8.0
Fomi,34902,7.0
FraN_cs,49236,7.0
psychopeachtree,44387,6.0
Monnen,30276,8.0
MonsieurPapillon,16762,7.0
-Deimos-,1004,6.0
Moonalice,18229,5.0
FrancohGZ,905,7.0
Kasow_Durow3,6,9.0
articburnn,40496,8.0
Caio_Oliveira,2595,5.0
Fomi,38671,8.0
Frank_Lotion,4081,9.0
pris_sucks,42590,8.0
Thompsongunner97,1432,7.0
Fourbo,51367,9.0
Rixsu,57066,8.0
KatsuraDaa,28405,8.0
Cabraboiga,53439,6.0
ivaxx,24833,8.0
-Exxo-,39534,7.0
FourSeasonSage,40729,8.0
arminamini01,52299,9.0
--Secretoben--,14027,7.0
-Dakki-,237,7.0
Katiica4869,40615,8.0
Foxfell,16157,4.0
aru54,2001,10.0
CRIMSONHydra,5231,9.0
iwatch2muchanime,664,6.0
isseixkoneko,52305,7.0
TiagoLuiz,53149,7.0
CakesGalore_,54857,8.0
Kashik,40454,8.0
TiagoMoraes,36649,7.0
Katsureki,24211,7.0
ForflayyO,58939,7.0
-Autem-,28891,10.0
KasutoroSama,32282,8.0
Katsu-kun,26243,8.0
itsrj20,6624,9.0
Monusha,27631,6.0
ashe,6351,2.0
itshopelol,41361,7.0
ThuThi,3712,8.0
Kat0Megumi,4472,7.0
itikitty,40392,8.0
Tief,2961,5.0
KatsuraRin,7791,7.0
CUMGUZZLER69,25777,8.0
Foxxxxx,37991,8.0
aru4l,45613,5.0
Fotoxxxxxxxo,32937,10.0
MonkeyDMatt01,50410,8.0
Katrinvond,23441,8.0
TightBikini,52305,10.0
ashye2,226,3.0
FranHakken,8246,8.0
-David-,38883,7.0
ashigaru_anime,14719,6.0
priyaaaaa,8063,7.0
RiukixD,35459,6.0
Rissio,35459,6.0
-KATH-,36800,6.0
CPiva,48643,7.0
RiverLilly,13335,7.0
-Ariaaa-,19163,7.0
arppit,37510,9.0
Karkato,2993,7.0
iss14,45560,8.0
ps2_superstar,11665,7.0
Monkiesto,37210,6.0
itsmedibba04,49357,7.0
Karurosuuu,50713,9.0
-AcNo-,33255,9.0
Rinsing281,16417,7.0
Monkiesto,6372,7.0
MoonPhos,33455,5.0
KarnaKua,5084,7.0
FrancisFrancisco,30711,8.0
MonkeyDSean04,40956,9.0
Ritesh_0,41103,7.0
Katives,42203,10.0
Karman6,48736,6.0
KarlHare,34839,6.0
CafardVert,384,6.0
Moonmonk,1214,8.0
CSRED,19815,10.0
Francotk,31798,7.0
Riux,30279,6.0
Karinyia,49721,8.0
TiffyIffy,603,8.0
princefa5,371,5.0
armedslave,36563,7.0
Riroshi,15039,8.0
Monnen,51535,9.0
FourSeasonSage,3786,9.0
-Fuyuki_,37497,9.0
itzLevii_,39652,1.0
CaCl2,40532,9.0
TigerInSpace,48661,7.0
Francisco_Avila,56230,8.0
FoulPlay42,10721,7.0
Rio-7,22297,7.0
C_Lab,49458,9.0
RiverChan,12477,10.0
Monteriggionii,18897,5.0
KasukeLp,34577,8.0
Thypnos23,57217,9.0
Fotsuan,32551,4.0
CainhoDoHype,20899,7.0
Rionnx,36456,7.0
Moonto1987,54869,8.0
TicolinoTicolas,33731,6.0
Katsuragi222,23079,6.0
KatharinaDan,17115,5.0
-City_Hunter-,34933,7.0
Riselv,31845,7.0
Kartik_1212,52359,5.0
prouted,37208,4.0
Franciscocsjr,47778,10.0
Rishabh069,16762,7.0
Thoru_UwU,31490,9.0
asheccen,45576,7.0
artijin,11597,9.0
Throni,12531,10.0
Cacadepollo,2164,8.0
asdy,2167,8.0
Thunderman88,449,8.0
-Kyuube-,35849,8.0
Rizaadxn,30276,8.0
CLModerno,227,7.0
CaaAaaAadu,31646,8.0
RioFutabaAztec2,52034,9.0
CThrall,5680,7.0
Katoteshi,801,8.0
artosapien,44961,1.0
-Ghosxuto-,39551,8.0
arshagor190,52921,8.0
Fr4m,3786,8.0
iva-braun,158,8.0
ivyeyy,15037,3.0
princesahu1567,58939,7.0
CRManuel,41226,3.0
potatostuff,245,9.0
CachGarb,37105,8.0
promisesomething,24833,9.0
asce91,530,8.0
asd-,8425,9.0
--kitade--,6045,9.0
Fonzworth,37393,8.0
-Lei,35760,8.0
isimpfordio,39576,6.0
Followkata,56146,7.0
-AkagiChan-,1636,7.0
itsapplekid,46569,8.0
KatoJoro,52196,7.0
Monitor_LCD,14827,8.0
Kariyu7,23673,6.0
asaderu,34612,9.0
ashisland,23283,10.0
Ritsuchaaan,33037,6.0
Rinxx,44586,7.0
prodmingi,15379,7.0
Cajermo,43693,10.0
FranGS,51958,6.0
MonokuroKinema,16211,6.0
MoonAegyo,11757,8.0
CLanzion,57944,6.0
MoonbowSp,42310,8.0
KatieMH,31098,8.0
Kasugano,11633,7.0
Monofly,39313,4.0
Riten,51252,6.0
-All,10800,6.0
FrancWyvern,2904,4.0
arvon2,17082,7.0
art3mes,1292,7.0
itshoo_,40530,7.0
Thorfinn459,457,10.0
ashenone0025,4358,4.0
Cabidela,6211,8.0
Katsuki,32295,4.0
FoolishTaoist,17909,7.0
iwatch2muchanime,432,7.0
Monusha,54492,9.0
Thopps,40852,8.0
itoshi_kare,32951,6.0
itsmepee,2167,6.0
ThyEmeraldMoon,1412,6.0
Forgodzake,40453,7.0
KatOtaku,38040,9.0
Food_is_yumm,32281,8.0
Fonzies,11751,8.0
psycogundam,1346,7.0
Karudima,199,9.0
iv4oooooy,47778,7.0
arma2021,16870,7.0
Riveh,58502,8.0
Franguinho,10080,6.0
MonkeyDHunter,28497,6.0
projectfear22,25099,10.0
-Danmaku-,35248,3.0
FoolishFacade,20847,9.0
Caeruleus_CCXVI,205,7.0
Francisco998,1362,8.0
iwum_bo,28025,7.0
Franciel,25,6.0
Ritainix,36800,7.0
Forgotten6772,22535,9.0
produdestr,42361,3.0
MoonLightGirll,26243,8.0
Cakethatisall,44235,7.0
KatOtaku,41487,10.0
Katrix,4059,6.0
Cadmium,14355,8.0
-Insider-,35839,9.0
Foolishweeb,36220,7.0
ashye,5162,6.0
FranjoZovuMe,42310,9.0
MoonLuchan,20365,8.0
FouAlter,37492,8.0
aru54,34599,10.0
progrockboy,462,8.0
MonkeSupremacy,33478,7.0
Thunderbird624,41402,10.0
itzTenzy,591,5.0
iwum_bo,58913,8.0
itacha4ever,24151,8.0
-Hayley-,4059,7.0
Katsumeio,10379,9.0
Rizzadd10,54492,10.0
Rirbale,40776,9.0
CUNAGOSSUS,59730,6.0
-Kirito,10321,10.0
itsalerio,40748,8.0
RiverSorcerer,53494,7.0
Monkeyy_,56843,7.0
Fraggy03,13663,9.0
istrie,54918,8.0
Thraggrotusk,37210,3.0
Mondain,11061,9.0
MonsterTNT,41946,6.0
---bym---,30015,8.0
ashinkei,4744,5.0
Karolinskis,37393,7.0
artikfoxa,40591,8.0
TiagoMoraes,36106,5.0
potion_seller_ye,32937,8.0
FrancescoTheFrog,9736,7.0
Katsudonz,6746,9.0
Katastuos,39547,5.0
ithaswhatitisnt,39940,6.0
Katsuki,32983,8.0
probjodye,368,6.0
arya_p2004,85,8.0
Caiera,37618,6.0
CXLIV,31953,6.0
primordial_noir_,2001,8.0
CabooseGI,17265,10.0
Karuzo95,39523,6.0
TiagoRn28,11737,6.0
-Bommel-,58567,10.0
KarlWho,199,7.0
Moodiekiller,889,8.0
Karl-Rihonin,31765,9.0
prometeo392,47163,6.0
Thorfinn_glazer,339,6.0
istrie,48585,7.0
Franchize57,36882,7.0
Riritsu,6421,8.0
artaditcz,38328,5.0
Thunder192,21,7.0
RoXas_MMIV,30276,9.0
armin_m1,1535,6.0
MontuBoss,37377,6.0
Cablecords,7805,5.0
ivanflinn,35363,7.0
itsmepee,54790,6.0
MonogatariLSD,1943,9.0
-Cheesecake-,36699,8.0
Karitori-Kusari,35847,8.0
prodigy34,32949,6.0
Montie,884,6.0
-Luhui,405,8.0
Ripti,52034,10.0
CaioLima20,24133,6.0
Rizuraki,1575,9.0
KasuraGirl,16592,6.0
MonkeyDDave,1119,7.0
-Kuroitsuki-,39017,5.0
artosapien,10495,5.0
artdog,24765,8.0
Karmel,10620,7.0
poyu1717,24,7.0
Kasusu,28387,7.0
CalCal63,25397,7.0
CYioReti,37521,9.0
Rixiia,37999,10.0
pranss0_0,953,5.0
Monstergamer265,36316,7.0
MoonLuchan,2397,8.0
Thrack,47194,9.0
Karlsefni13,14719,7.0
KaseSenpai,31980,7.0
ThunderKnight125,40456,7.0
Katsuragi222,55749,6.0
Franciscocsjr,56062,8.0
asaderu,4938,8.0
Rius,40530,7.0
Rise_Kujikawa__,19,10.0
-GABU-,31051,7.0
Moonphantom,8538,6.0
TiffyIffy,2397,7.0
Rizuraki,10863,10.0
-Jaegers-,40748,9.0
potatoman69,23755,8.0
asiangodz69,32182,7.0
Franca1212,38414,8.0
itsukandy,49721,10.0
itsFranny,35790,4.0
ashfavz,32935,10.0
Monkeyy_,40776,8.0
Frallan0702,30891,4.0
Fraetor,45753,6.0
prowtar,15813,4.0
Thorfinn459,30240,7.0
RipVanKiller,36474,7.0
Riseofanime22,31500,6.0
ThugHunter,38939,2.0
Calderia,5343,10.0
-Corzator-,52588,9.0
CLanzion,41402,9.0
pratiksingh1594,85,7.0
-KAL,22119,2.0
arvin946,53065,9.0
Fox5135,58572,8.0
-City_Hunter-,28121,5.0
TibO123,57334,10.0
Foquitoss,41084,9.0
KatrinaWeeb14,15335,9.0
Kashtanator,40340,5.0
ForflayyO,6594,8.0
Karo_cchi,55701,9.0
arunkumaran,57555,10.0
artosapien,37347,7.0
KarmaSlyr,1490,3.0
KasrkinSaser,885,8.0
-Frigo,34712,6.0
progrockboy,18679,9.0
RivRev9188,37932,8.0
Foreveryoungsana,25777,10.0
Cade2606,32935,7.0
-Kiraide-,11633,7.0
Calais_,41025,9.0
przemek123,431,8.0
Foltvers,56228,6.0
Tiippy,48583,10.0
CLaNLoRrD,40028,10.0
itchydango,40852,8.0
Ritakuma,36474,8.0
Thoru_UwU,41084,10.0
-FUUJIN-,28999,8.0
Moonlight_Arc-V,31706,9.0
----shia,634,7.0
prohli,39547,10.0
armob,53888,10.0
armin12345678912,41587,6.0
asia_2k,34572,8.0
-BL0SS0M-,55629,5.0
Frakits,52578,7.0
-Azurel-,6351,9.0
CabralKDC,28999,8.0
ThomasMeta,47160,6.0
-Ichihara-Yuuko-,7054,9.0
RisottoNero1337,38186,5.0
Thomas_Atwood,12729,10.0
RlyBored69,10568,7.0
Cafune-,32542,4.0
KasukeLp,23321,8.0
Rlylex,152,6.0
RitaGandra,10504,10.0
itacha4ever,2490,7.0
Riskelfish,34134,7.0
itachi1,4224,8.0
-Anii-,11757,7.0
MonkeyMe333,53439,4.0
FragileGlass,28891,7.0
Karniale,543,9.0
-Juanjo,54803,6.0
Rixiia,35062,1.0
Karumont,3759,7.0
arrazolavguille,11661,6.0
FrankPT,37987,10.0
itsmekarlyyy,55973,7.0
Monstruox23,54794,7.0
Rising_Sun,36936,7.0
--EYEPATCH--,40834,10.0
Fomi,14741,7.0
CLEsadra,47159,7.0
--Fiend_09--,22135,10.0
Monsheri,30014,7.0
FrancescoTheFrog,37991,7.0
Katsuragi222,19429,9.0
Katou81,39587,10.0
CSGMarch,53446,8.0
Monou,6172,9.0
itsybits,58222,8.0
Rishabh069,31904,7.0
FookinWeeb,2993,7.0
FookinWeeb,36456,8.0
Fortescue,22729,7.0
pseudo,578,6.0
Moo_and_ma,40748,8.0
-AkagiChan-,2001,8.0
-AdelineBelle-,18457,4.0
Kasou,5205,9.0
Fr37vb,50265,9.0
-AC-,13807,10.0
princefa5,1363,7.0
CafeManager,5909,5.0
arnovego,32615,6.0
Kashio13,8074,4.0
Riten,52991,10.0
-Dullahan,51019,8.0
Foreverhin,2026,8.0
Riwn66,33049,7.0
--Jin--,11266,7.0
MonetD,11757,6.0
iwatch2muchanime,782,7.0
aryxnpandey,11887,6.0
Moomeowmoomoo,52990,5.0
Monkey_D_Mrowek,40052,9.0
Fradischen,1536,8.0
CLAW_Animelife,996,5.0
Foreverhin,16592,9.0
itav,3455,7.0
iturbeh,37349,8.0
itsFranny,18753,6.0
artonelico69,10581,8.0
-Inuki,3784,10.0
Foxie1810,523,6.0
Caladan,10162,9.0
Monkey_D_Alif_21,8115,7.0
Thryms,52709,4.0
Rirusy31,18153,10.0
--Rosie--,38000,9.0
RipeerGameplays,19163,9.0
Katsureki,19137,6.0
ThomasPokemon,34626,8.0
psychoplast,37779,8.0
Katholic,18153,4.0
Kashynku,899,6.0
-Dullahan,10020,7.0
asce91,1889,8.0
Tiago_Soares,19369,7.0
RioAl,32924,6.0
Rio-23,12859,10.0
prismajane,2926,7.0
CNoFlaw,51956,8.0
itsrj20,34973,8.0
-Kairix,31812,10.0
pranavx_007,54744,9.0
Caio7DUST,30948,6.0
Fradischen,23283,8.0
artemisthemp,40960,5.0
MonkeysWithGuns,7711,8.0
MonkeyDZoey,10408,7.0
asetrisk,38440,2.0
Cadenzavna,5205,10.0
TiagoLuiz,47164,7.0
Katsudon-kun,46095,10.0
--kitade--,364,8.0
-Loli-,32262,6.0
Thopps,31964,8.0
-Aster-,32615,7.0
ThunderSonTS,49387,8.0
-Elegy-,37442,10.0
probreaux,16524,6.0
prthedisaster,52446,2.0
ThyroidBeanstalk,3230,5.0
Katrix,33478,4.0
Katsumi_Leaf,16782,9.0
Katsureki,4654,8.0
its_beako,56784,8.0
ishmamzara,37430,8.0
Ritsuchaaan,30384,6.0
princefa5,22145,7.0
Francisco_Goku,50306,8.0
asassiss,5258,10.0
Monzue,21659,5.0
Calaber,10092,6.0
prussianking,35507,9.0
ashhshh,31704,8.0
Thunder_Emp,25013,9.0
CagatayC,36456,8.0
CPiva,36266,7.0
-Bibs-,10087,9.0
ivenusdoom,1292,6.0
Riyuzu,37987,8.0
iuririn,31964,8.0
Caim_Sama,21185,8.0
arnold5000,54794,5.0
Cachoera,52635,4.0
itsslurpee,22199,9.0
Throttlee,10711,5.0
-KraftLawrence-,38940,6.0
princefaking,22729,6.0
Forever,857,7.0
itsThatWeeb,8675,10.0
Rivaliti,40456,9.0
Forbidd,1575,10.0
Cai_Gamer,29803,9.0
arrazolavguille,3292,8.0
Risswelt,12959,7.0
as1186052,35760,9.0
Thruddingsfly,32189,8.0
privateale,6880,7.0
Risewild,20031,6.0
-Ascendancy-,55813,8.0
itsthatoneguyYT,35203,7.0
Fotsuan,2847,4.0
Monix-sama,296,4.0
prakhargr8,30296,6.0
-AC-,16157,10.0
-BL0SS0M-,22961,7.0
Kast2,50220,6.0
CMRkun,18247,3.0
Tigerrawr90,2904,9.0
pratapexe,1535,7.0
arruDawOo,10507,5.0
Rixel8021,30364,7.0
artas152,53129,7.0
KariudoPL,27775,8.0
CabVolp,32686,8.0
Rishadahmd99,52578,9.0
provec,55888,8.0
ForbiddenJ,14807,8.0
MooneBoy24,13659,5.0
KatOtaku,3728,1.0
FraN_cs,54918,7.0
Caioviski_,32686,6.0
ThunderBlade5053,52196,7.0
Caiorapososilva,42897,4.0
arodoetaniri,7769,7.0
Forbiddensimp,30714,6.0
--NoOneCares--,40417,8.0
Franciful,37999,8.0
Caius611,232,8.0
itsleoxz,48981,7.0
project2501_,770,5.0
ivdos,64,7.0
Foltvers,27821,8.0
CabralKDC,52619,7.0
arthuno,35120,10.0
itoshirin_gf,47778,8.0
-Lofn-,25157,6.0
CTcommander,33513,7.0
asetrisk,30895,3.0
Fortealto,35078,8.0
FourSeasonSage,30127,6.0
arm4gedon2112,49738,10.0
Francotk,59055,8.0
-Kano-,2608,6.0
as_yuuki789,37999,8.0
-Ariaaa-,31592,9.0
Kasaio,6045,8.0
Karinyia,3559,7.0
Riptos,9919,7.0
powerOfNeo107,27899,4.0
Kathikeyan,21033,7.0
RkGemr,36699,9.0
its-jsan,2167,8.0
KasanoKasa,33253,7.0
MoonWulf97,38329,8.0
CRISTALESCUITE,48569,9.0
-Endir-,36049,6.0
RizenAres,38691,10.0
ThuThi,1640,6.0
Risubb,176,6.0
Cagla,2923,7.0
-Jefuri-,31722,3.0
pryzak,53126,7.0
Karma_Lovers,31680,8.0
isuzusan,43299,8.0
arkapalit,1670,7.0
Thuuduujn,21855,7.0
Tichoslapek,12879,6.0
Frank,4023,6.0
Katis-Yeager,44961,10.0
Fomi,249,8.0
TikkiWiii,38668,10.0
itzTenzy,51533,7.0
ithaswhatitisnt,3588,9.0
Caldz34,39535,10.0
Francescotr,37521,6.0
Cakethatisall,50265,8.0
Forw3n,55848,4.0
ivo_nkr,36474,7.0
iuvin,20033,5.0
Rinzler145,39551,9.0
Rintaro2003,39701,7.0
-Loli-,36456,9.0
itsuka007,759,8.0
Tief,35760,5.0
Tifu006,10507,7.0
-Frazzle,17265,9.0
KatjieKat,50330,9.0
armiles713,23273,8.0
Cake1111,20031,6.0
Rizuraki,19645,7.0
Kasusu,5419,10.0
Rishama,36927,10.0
arkrnk,20507,7.0
MonkeyMe333,30276,7.0
ashliforel,28171,5.0
arshiA379,38408,6.0
MonkeyDMick,52034,9.0
asafsuf,527,4.0
Tiago_Soares,37998,3.0
Rizz97,31637,3.0
Karu-Sama,25313,8.0
CVManolo,48661,8.0
arokawr,12189,6.0
Kashou_,20449,7.0
CaldeCrack,28999,10.0
RitaGandra,35760,9.0
CQX77,34577,8.0
asfandjamil2,44511,9.0
artsysasaki,33206,8.0
Fraisja,35760,9.0
Karuchi,3981,4.0
Caguuu,33486,9.0
artursilvano,40908,5.0
Kasusu,555,7.0
prammy,30,8.0
FrakesUwU,33486,4.0
-Flaky-,10163,7.0
Tiffany_05,57353,10.0
Katania48,50380,8.0
Katman666,54789,8.0
Caktus,40028,8.0
-Handcrafted,39535,8.0
itsiisus,10073,10.0
princeof,13663,6.0
princemahdi8,24415,8.0
Rio-23,6203,5.0
-Aster-,6213,6.0
Kashou_,20931,7.0
-Chazz,463,7.0
-Ak1ra-,43007,6.0
MonkeeDan,54968,8.0
itsBits,18,7.0
--ALEX--,17247,5.0
Thovalo,37430,9.0
Monodami,30749,7.0
Rippinite,40748,9.0
Foodperson,31500,7.0
Ririchiyo-tan,8536,5.0
Ripler,39790,6.0
prototypeplayer,32937,7.0
Kasra_FP,35760,10.0
itsdihere,1535,7.0
Rndmguypassingby,2520,5.0
princefa5,20723,6.0
MonkeyAvsFan,24727,6.0
Riquiel,28999,8.0
aryaviotta,13271,7.0
KatOtaku,40750,10.0
ForflayyO,33354,7.0
MonkeeDan,5081,9.0
Framedingold,50360,6.0
KarmaSlyr,49759,9.0
Monitor_LCD,15335,10.0
RiseFromToilet,54744,7.0
psychedoll,849,8.0
itose1915,6746,1.0
Caio_Oliveira,7791,7.0
Katsuki,7079,7.0
-Luhui,2966,8.0
CYioReti,8795,8.0
prince_loomba,40591,9.0
--Dark-san,48561,8.0
-Kristian,22777,8.0
psi_rockin,33390,1.0
precurejunkie,1641,7.0
Fozhar,36038,8.0
CSGMarch,19315,4.0
Moonxch1ld,59192,8.0
prakhargr8,54855,7.0
Rk003,20541,7.0
asheccen,11757,9.0
princefa5,7647,8.0
Foxcoo,48553,8.0
-Kirino-,14515,8.0
TianDongen,8525,6.0
-Dislike-,48542,6.0
CTDrizzle,51009,10.0
-Hitokiri-,405,6.0
MoonglowBlossom,50631,9.0
Rkyn,30831,10.0
itsleepy,48760,7.0
CaioLima20,53438,7.0
CaldeCrack,39575,9.0
Karisun,32995,7.0
Foquitoss,10080,7.0
asetrisk2,1292,4.0
Cachje,48583,8.0
itachi_uchiva,2676,7.0
FoxyAnH,19815,10.0
pris_sucks,53129,7.0
ppoftherebellion,51009,8.0
proxy_1410,51009,9.0
Rittsuu,43299,7.0
Forionsy,52608,5.0
Monolorg,21881,7.0
ivanlzy,28223,9.0
pracyst24,33049,9.0
arthurbangoub,31240,10.0
CaCl2,39597,7.0
CSGMarch,39535,9.0
-Haoto-,31404,7.0
TikoMia,34009,5.0
-Ace,512,9.0
asadxawan,10030,8.0
arvin_1219,34658,7.0
Tigrao,35760,9.0
Foxx0108,45576,9.0
Ritu47,54853,6.0
itachi267,38935,7.0
-Ellisson-,10030,9.0
Kasielo20,37585,4.0
-All,28623,5.0
Fonzin,59898,10.0
CMMhero,39741,8.0
Thunder_Emp,18679,10.0
Montinihabato13,18441,6.0
Tiag0,5258,9.0
Ririchiyo-tan,19429,8.0
-Kurara-,30654,3.0
Thunderbreak11,38992,4.0
asheccen,55312,7.0
prismheart,9750,6.0
Rishadahmd99,40938,9.0
Risha_Haruki,41812,8.0
psihius,37446,2.0
isratul97,36043,7.0
pp4in,35203,7.0
MoonFangs,288,8.0
Forqot,32189,7.0
ittl,1564,3.0
Monzue,10819,5.0
Moonchild_ish,53447,9.0
Tiff_D,2676,7.0
-Heika,35120,5.0
--Roxy--,32282,6.0
asaderu,34934,7.0
Foomfa,12467,5.0
provec,22319,7.0
psychowera,51440,8.0
itsuka007,50594,7.0
-MAZ1NO,23273,8.0
-Kotoamatsukami-,12671,7.0
Tigre96,6811,7.0
CalCal63,19815,9.0
Fragworks,14513,8.0
Moontenegro,37716,7.0
prism__,36098,9.0
CRISTALESCUITE,40489,5.0
Kassitero,11597,7.0
Riquetrom,39783,7.0
Katsuragi9,50265,8.0
RizkyKusuma,32924,7.0
Caiovdkato,35466,8.0
Cachoso13,21033,6.0
MooDuck,10418,6.0
Kathaa,21603,9.0
Thorfinn101,5114,10.0
itzreinier,50602,9.0
CalabreseMuzza,36793,8.0
-Aria-,18397,9.0
Foreverhin,32542,9.0
RisuRisuRisu,35788,8.0
MonsterOfLogic,21405,9.0
arrazolavguille,15417,8.0
promanias,31326,8.0
princessleddit,37446,1.0
KatarinaFi,39659,7.0
KatieFrank,35994,8.0
asdfgoat,14813,10.0
Karsaaa,37171,8.0
-Dislike-,59833,8.0
Rionaa,9919,10.0
Kat091,50410,8.0
Kasuga_Arata48,38524,9.0
Foursixx,37521,9.0
-Ewoo-,10087,9.0
isrozzis,30187,4.0
itadakitontaro11,58939,9.0
Thoru_UwU,19775,10.0
Foziak,892,7.0
ashwinkumar005_,37510,9.0
CRXWLEY666,31757,10.0
-Denki-,32281,10.0
CLfromHS,355,6.0
prozyne,50608,7.0
arwen7stars,4181,8.0
itsjace,22297,8.0
Kasdar,20689,7.0
Riskelfish,33051,9.0
CairoSCCP,3515,7.0
arya333,36474,9.0
itallowinch,36456,8.0
Moon_pers0n,49220,7.0
Caiosus,11061,10.0
Thorak91,269,9.0
Rinsland,856,10.0
Fomero,34034,4.0
River_IX,52211,7.0
Monsmania,4399,7.0
-EpicMan-,22319,9.0
FourSeasonSage,31733,7.0
Riskelfish,39198,9.0
Thupa,32981,3.0
Katiica4869,9919,8.0
Katiica4869,39175,8.0
Frank_G,1575,7.0
ThundBlack002,43608,9.0
CaixaCaixa,34100,8.0
Karinyia,32518,7.0
Rishon007,36862,8.0
Throni,31327,6.0
ThudSoundEffect,31933,8.0
Monsheri,28851,9.0
-Deimos-,846,9.0
-HonokaKousaka-,2963,8.0
arnxcra,1535,10.0
Rizuchii,27831,7.0
CaioOkada,54714,7.0
asdasdasd111,31716,10.0
CPiva,31326,6.0
Tigertoxins,31859,9.0
itachi_re,1393,7.0
TijlE,52211,8.0
itsdreo,33352,10.0
prabhakar1717,49926,10.0
ThorfinnT_T,2386,6.0
Forever--Young,36729,10.0
ashlanex,34599,8.0
CaffeineCrusader,8516,9.0
Rirukiddo,49709,8.0
Monte_Carlo_1971,539,6.0
Moonl1tS,22535,9.0
Kasia0909,7817,6.0
-Kirito,1985,10.0
asetrisk2,32262,2.0
Tiago_Reis93,1735,9.0
ith_,30276,9.0
CKRpl,38297,5.0
itachi267,30654,8.0
primordial_noir_,50346,8.0
-Keen-,40956,8.0
ThySe77,40594,5.0
Forge9,39587,6.0
MonkeeDan,4214,3.0
prislila,32949,7.0
-Araragi-,16001,9.0
ivenusdoom,377,6.0
Monomatt0013,1726,5.0
ivoza,38329,8.0
MoneybagsMcGee,59561,6.0
FpsArena,24687,8.0
-Hogarth-,1462,8.0
ashuweeb,20583,9.0
artsysasaki,11111,9.0
isiah1214,40787,8.0
ashlynww,30778,6.0
Mont_,37985,7.0
artkage_,45576,8.0
Tiag0,44037,2.0
MonstroDoOlhoSo,15689,8.0
Karma_BW,3455,8.0
Kasraj,35790,8.0
Riwn66,49109,7.0
MonkeyDHunter,11843,8.0
-Azurel-,940,9.0
psychowera,6877,8.0
Ripti,55791,9.0
ixShiroKishi,1965,10.0
-INFERNO,8740,9.0
CNGeorge,13391,8.0
ppurin,37426,9.0
Thryms,58913,8.0
artas152,35507,7.0
MonsterEnder,23321,7.0
Rivallu,18177,7.0
poyomon99,11769,4.0
pradeep_20144,223,10.0
Ristarchik,4182,7.0
Karlsefni13,40938,6.0
CakesGalore_,42203,9.0
Ritor,11757,4.0
MonjaElisa,29017,3.0
iwatch2muchanime,3795,7.0
Kash356,918,7.0
Forbiddensimp,44931,9.0
Monix-sama,24271,7.0
CSRED,59750,10.0
pozadoza,25777,8.0
Four420twenty,58567,8.0
Kata89,15809,5.0
Monkeyking908,61,8.0
Foxx_03,8426,7.0
powerpig,32189,5.0
CPUNeptune95,17513,7.0
asetrisk,4565,6.0
Tigre_,53526,7.0
Rizqy_FA,29803,8.0
-Emiya-,56285,6.0
Fox0073,33047,8.0
ThymeSeyU,39551,9.0
probxxx,38034,4.0
itsjayde,513,9.0
-Azuki-,37086,8.0
Monkeryz,42156,5.0
KatarinaFi,36239,6.0
Foosen,18679,7.0
as33,1387,8.0
powlowc,50461,6.0
Monkeyking908,41623,9.0
Foxyclaws,50796,8.0
Risa0_0,41619,8.0
Foyxal,22319,7.0
RitaMita,58853,7.0
prettiawkward,1,5.0
-Akirion-,31933,9.0
Monsi,53127,8.0
ForeverGolden,2787,10.0
Kartoffel13,59845,10.0
Thoru_UwU,32792,10.0
Kashim2484,72,10.0
TiagoGomes,937,4.0
Foxyclaws,43779,3.0
CMZeus,30727,8.0
MoniStar,20853,8.0
Kashio13,34902,8.0
CThrall,50713,6.0
Riusnaan,512,7.0
MongoDB,31404,6.0
armedlmpala,1120,8.0
itsybits,32182,9.0
-MAZ1NO,37525,9.0
iurikill111,36816,7.0
Ritinha_chan,32935,10.0
-Arcane-,32547,8.0
CaLeah282,21647,7.0
ForgiveMySkills,52588,9.0
arsenyshalin,54900,8.0
Rio-chan97,31478,8.0
MonkishGorgon8,35968,9.0
Caioviski09,36039,1.0
arrrrrrrr,46431,7.0
Monsmania,8407,8.0
itsmee_0e,54898,9.0
Forgodzake,31327,8.0
Throwawaybathtow,41694,7.0
-Araragi-,25517,7.0
CaSV,35247,9.0
Fr1d4y_94,21069,3.0
pranavx_007,30296,6.0
Kartik_1212,50709,7.0
-Loli-,18671,8.0
istrie,23755,8.0
Fovez,9008,4.0
-FacetiousGuy-,1362,7.0
-Cyberia-,11837,4.0
itslitmo,4437,7.0
ashe,457,10.0
Forw3n,37987,8.0
iwum_bo,21561,6.0
CaixaCaixa,31722,6.0
arsenking,45055,8.0
FranXico1997,20899,8.0
KasutoroSama,25013,8.0
ito-,49938,6.0
Karma717,23673,8.0
ForflayyO,40454,7.0
MonkeyD_Rimuru,10686,9.0
asahiruyoru,57181,8.0
itamanamikaze,48561,8.0
professorneo,17265,6.0
RoKuRotAz,8359,9.0
TiagoMe,14719,9.0
-Arifin,53434,7.0
Thumbsofglory,34281,7.0
KatjieKat,36563,7.0
Moon013,57192,7.0
Caio0202,5081,8.0
-AC-,3012,10.0
Fr1d4y_94,25161,8.0
iulian700,55809,10.0
Franciscojesus07,39617,2.0
Frabosco,189,7.0
Caio_Chat,31859,3.0
Karma-Senpai,22865,7.0
iwsifakismag,9981,7.0
itsKJlol,139,8.0
Riquetrom,16774,8.0
-Actually_Imab0y,60285,6.0
ThunderRed99,49052,8.0
Fopdoodle,33743,7.0
isimpforwaifu,9734,7.0
ThundRxD,42361,7.0
Ritsu-Kawaii,431,7.0
Karol11na,57031,8.0
KarioBaka,37779,8.0
ThunderJam,38572,2.0
psue,12413,8.0
Karinnn___,9989,7.0
ThorfinnT_T,27939,6.0
Riwn66,59002,5.0
prthedisaster,39609,5.0
MonsterEnder,53802,8.0
Karlstein,41710,6.0
-Deimos-,1091,4.0
ppearl,269,8.0
FrankFX,48779,8.0
powerOfNeo107,1530,9.0
arkein,27631,7.0
poyogoda,37435,6.0
Francis_G,18039,5.0
-FacetiousGuy-,37786,6.0
its_halesss,25777,9.0
MonnieohMonnie,7054,8.0
prisumis,52305,7.0
Ristarchik,6,8.0
RivetingWeeb,1756,8.0
arkandi,52214,4.0
preston_namikaze,20787,5.0
RivetingWeeb,1758,7.0
itsbartualtas,13357,6.0
RioAl,3727,8.0
-HoneySenpai-,54898,8.0
Moogy-Anime,27821,9.0
-Autem-,54492,10.0
FoxerMark,41392,6.0
Rioldarz,50709,8.0
Rizu_Ogata,52578,8.0
CalabreseMuzza,392,8.0
arzynik,11633,3.0
ashsih99,51213,5.0
profuse101,55911,9.0
itsapplekid,40540,9.0
Thyst,48736,8.0
proton0094,52299,9.0
-Haseo-,8074,2.0
CSRED,26055,10.0
CLBA,41587,10.0
ivekz,22763,5.0
Monkwok,41587,8.0
Caio_Oliveira,28297,7.0
Monix-sama,34863,4.0
RizzNoKami,39576,3.0
Montazer-kun,54744,10.0
KateyamaTaka,34443,6.0
ivanlzy,34618,8.0
itsEpi,48736,9.0
Thomhawk,2964,4.0
privatemike,32937,7.0
Karo_cchi,154,10.0
-Crown-,23283,10.0
-LK-,35760,7.0
itsmee,18277,6.0
-Araragi-,33352,9.0
Karphyel,33487,4.0
CXRBXRUS,36511,7.0
CacaoRigos,40591,9.0
-Flaky-,24415,9.0
ivaneb,34134,8.0
ThomasMeta,36470,7.0
-Hayley-,23273,8.0
ThymeSeyU,50392,7.0
itzmita03,39617,8.0
Tierryjien,47,10.0
Foxcoolman,10793,9.0
-Kiraide-,39017,7.0
Rm_Angelica,11189,7.0
itzLevii_,2847,6.0
CaPtAiNiCeCoLd,24439,7.0
--Phantom,15771,5.0
-AC-,10737,10.0
RioTey2004,50416,8.0
Fortato,52293,3.0
ThunderSonTS,2418,9.0
prince9971,9181,9.0
Tiippy,30727,9.0
Fradischen,11739,7.0
ForeverGolden,37210,10.0
Franck_Nicolas,32729,10.0
Tiger19,41946,7.0
Foxcraft92,59192,6.0
Rivallu,9032,7.0
Monkey-D-Efrain,36432,7.0
ithaswhatitisnt,32485,5.0
iwatch2muchanime,29807,7.0
Monkeyfrompoland,34134,8.0
powersonic19,13403,9.0
MonkeyAvsFan,20507,8.0
-LK-,40028,6.0
itsbblolz,37510,10.0
CRAZYTAGGER,12293,9.0
-Elegy-,535,10.0
itsjustraxa,41660,5.0
Tib__Furude,32902,6.0
Rizuraki,12189,9.0
KatOtaku,16762,9.0
TigaJun,38959,8.0
-BL0SS0M-,33036,5.0
arunkumaran,40028,9.0
CSMPiano,25157,7.0
praveen97,1366,9.0
ismokesoysauce,28171,9.0
KasukeLp,15951,8.0
Calarin,5306,7.0
CUNAGOSSUS,39463,7.0
Tiago_Vaz_007,36475,8.0
Fortress_Maximus,85,10.0
Montazer-kun,33050,10.0
Kasdar,4415,6.0
Rishi1207,36862,9.0
MonkeyDLuffy123,20359,5.0
arta779,32282,8.0
iwatch2muchanime,40399,6.0
KatOtaku,41120,7.0
ivekz,2593,7.0
CachGarb,7724,6.0
Katsukineko,37999,7.0
-DreamerQ,28311,10.0
CQLLIST,31757,8.0
KarmaRex-69,31338,5.0
Kasix123,42249,8.0
KatShortwick,39576,6.0
itsdankyo,10087,8.0
-Ansh-,1689,7.0
iskariotes,4393,5.0
its_ASH,30654,8.0
-Kiraide-,384,7.0
France53,620,10.0
pranss0_0,513,8.0
asdfghjklin,38759,6.0
Franelas,38408,5.0
Monix-sama,2685,8.0
Kasunia,22043,10.0
Fosforoo,49470,6.0
Katriel,34934,5.0
artemisthemp,33203,7.0
Riptash,9253,8.0
Kashim2484,523,8.0
Karinyia,13785,6.0
Rizuno-Shikari,17265,8.0
Rivitan,36649,10.0
Rintohs,37964,6.0
Thrasherx13,40540,7.0
ForeverGolden,33242,9.0
Kateyo_,34822,10.0
arrrysu,31904,7.0
CTcommander,31953,8.0
Risuyo,39112,10.0
isuzusan,22729,9.0
prxmavera,51462,8.0
Riusnaan,32182,10.0
Riot,32542,7.0
Fr1d4y_94,40586,8.0
CL_02,59833,6.0
CaffetteSchwein,28805,9.0
asdpsdxdasd,42361,3.0
Rna87,57100,6.0
ThunderRed99,41006,8.0
-Harold-,49877,6.0
ivirue,8557,7.0
CalCal63,30307,8.0
KarlWho,42361,8.0
MoneyMoon,22663,7.0
ForeMateus3,39792,7.0
itikitty,33898,6.0
psi_rockin,513,8.0
ForflayyO,56165,7.0
Riria,193,7.0
-KATH-,31952,7.0
Katenou,56964,7.0
-Guacamole-,1735,8.0
TiagoSeca,38671,8.0
MonkeyxDxDiablo,185,6.0
Thunderbreak11,36949,7.0
Riusnaan,19685,5.0
priyapickles,13271,10.0
ividsc,21439,7.0
itslitmo,40456,9.0
Karthy,5081,7.0
Thomas_Report,245,8.0
ThunderBlade5053,52742,9.0
prollyumbra,20583,7.0
--Luminous--,4059,9.0
Monomonomonokuma,36864,6.0
--Secretoben--,27821,8.0
artehene,14353,10.0
Francisco_Avila,58080,7.0
pphilautia,31758,9.0
arjupg,1571,6.0
--Aestuo--,4794,8.0
princess_mermaid,228,10.0
-Kurinto-,34822,9.0
Ritik_Sharma,40111,8.0
-Ascendancy-,50416,7.0
Fosforoo,38414,8.0
CMinamoto,5365,10.0
Monkey_D_Mrowek,889,7.0
Karo_cchi,31559,8.0
itzbklnjc,49835,5.0
CSGMarch,11013,9.0
Cactuuus,14941,8.0
MoonlightBridge,53273,9.0
MonkiDonki,7785,9.0
Cai_Gamer,36049,7.0
-Blacha-,1238,7.0
CMRulZ,10030,8.0
Moonpiee,31758,8.0
-AcNo-,17535,8.0
Calal-Chan,52034,7.0
Foshito,36098,8.0
-Aster-,28025,7.0
Thrasherx13,5337,5.0
RitsuTwisted,5,8.0
Francisket,39539,5.0
preguissa,1530,9.0
-Casteel,38883,8.0
FoxSenpaiYT,28927,7.0
Rishabh1987,38778,8.0
princefa5,842,6.0
-Inuki,11077,4.0
Thuz1m,31490,10.0
Caio14,48736,6.0
Foreverhin,2667,8.0
aroaracil,212,8.0
MoniStar,15315,9.0
-IguanaMilk-,513,7.0
CafeAlpha,22535,8.0
Ritsu_Kun,28221,7.0
Frank_00,223,8.0
France53,38735,10.0
psychichigo,4087,9.0
Moomeowmoomoo,49828,9.0
KatjieKat,2592,4.0
Foltvers,23273,9.0
MonkeMuncher,10589,8.0
Katsohiki,50739,10.0
Karlosian,31765,8.0
prouwn,32281,10.0
isvr95,50197,8.0
Monoriu,206,7.0
Rinxx,38101,7.0
itsjustraxa,35198,9.0
asdlolxd_,37202,5.0
Tiago_Reis93,25157,10.0
-DreamerQ,42591,9.0
-KazuChii-,49154,6.0
-Kyuube-,33161,8.0
Monoluxuria,10396,8.0
CMRulZ,18229,7.0
Ripti,1,10.0
Ritokuro,6325,7.0
itikitty,51128,5.0
Katraptor,530,7.0
itsyamagucci,19315,1.0
MoonTan,52741,5.0
-CyberpunkTaste,1,8.0
-Jhon-,32686,7.0
CactiCognoscente,33028,7.0
pris_sucks,54724,8.0
Cactus01,40852,10.0
prowo,6213,8.0
Rithik393,15037,9.0
Ririchiiyoo,47591,4.0
arne0,21939,9.0
MonokuroKinema,1805,7.0
RlyBored69,1887,8.0
Tictac72,32937,6.0
Ristophicz,14833,6.0
procq,55644,8.0
iwantodai,39523,7.0
-FacetiousGuy-,10464,5.0
ppankajj42,7054,9.0
CabooseGI,36038,6.0
Kasusu,48542,8.0
MonkeyDSean04,51265,7.0
CaitNAnt,34870,8.0
Forged_Spectre,5962,7.0
FoxSin-Fen,8937,5.0
arrazolavguille,34644,5.0
RoDem,59145,8.0
Thomegg,26055,8.0
itskenkaneki,53802,10.0
Forever--Young,527,7.0
Money_82d,23283,7.0
arthreemis,72,9.0
ivivapi,50739,9.0
Kathrinekmj,32995,9.0
Katiesomething,8074,9.0
profsatjipto,53879,8.0
Franciscojesus07,40852,4.0
MonkeyNate,39894,9.0
programmargorp,22319,5.0
Katsuki_Ahbab1,43,9.0
preet248,12467,7.0
-Axelrod-,39587,7.0
Monstruox23,6045,10.0
Monkeyking908,55,6.0
ThyroidBeanstalk,5877,1.0
Thundershotboy,1577,7.0
isrozzis,30276,8.0
itsdihere,20899,8.0
profsatjipto,57524,9.0
Foodperson,33558,8.0
pskgod2000,60146,8.0
---Th4nder,12113,8.0
Karokek7,54947,7.0
Foxy15,44037,5.0
Ro-Senpai,68,9.0
Forion,32995,9.0
Forever--Young,32105,10.0
Kashi_Otaku,53632,6.0
Monofly,32144,7.0
-Aly-,164,7.0
--Ikaros--,31240,9.0
Tico0,55701,8.0
MonkeyDLuffy420,23479,7.0
arrived3rci,9989,9.0
Tiger19,28171,9.0
armageddon78,1505,10.0
Kartein,16143,7.0
-I-unknown-I-,35237,10.0
Moon_War,20507,7.0
priyanshuluffy,54714,8.0
itzl,40748,7.0
asdasjdsa,19221,4.0
arya333,3467,8.0
CThrall,39463,8.0
Caiyou2004,52461,8.0
Rioyan,31964,5.0
pslehaps,59986,10.0
Rionsta,50416,8.0
-Animewatcher-,6547,10.0
Fr3shL3mon,6114,7.0
MoonSpider,9253,8.0
Rizenrack,32948,6.0
itshoo_,36726,5.0
Montei26,40417,1.0
Riunite,4654,7.0
iwsifakismag,23423,3.0
Francesca29895,1535,10.0
Rio-7,51562,6.0
artgamer0916,23487,6.0
CMRkun,39565,9.0
Thomas_Ribeiro,30321,8.0
ashorataka,42310,10.0
asheccen,54744,8.0
CaioLima20,42590,8.0
RiverAce,24833,7.0
Cacadepollo,31964,7.0
KarmaNouzen,37393,5.0
Kasinda,50265,8.0
Montazer-kun,36999,10.0
ivosicsu,50425,6.0
ThunderSonTS,9656,8.0
Foobanana,31240,7.0
ashsku,36699,7.0
powersonic19,14811,8.0
FraN_cs,13161,7.0
Moontenegro,24175,6.0
Folochs,18679,9.0
RioFutabaAztec2,54915,9.0
Ritokuro,31478,8.0
Tiberald,40046,8.0
Ristiriita,31043,9.0
isrozzis,35672,7.0
itoshi_kare,37823,3.0
-Ichihara-Yuuko-,2926,7.0
aroaracil,496,2.0
MooMooFluff,20449,6.0
priebs,38753,8.0
Frank,984,7.0
Rittsuu,40750,6.0
ForflayyO,18115,8.0
Cachinnation,36296,7.0
KatoJoro,16498,8.0
itsmee_0e,11771,8.0
FpsArena,6547,6.0
Fouton,34280,7.0
Forerito,10681,10.0
project005,33489,7.0
Monu36,14227,4.0
KarmaSlyr,39080,7.0
Monstruox23,22,9.0
Monkeyke,50172,8.0
ForbiddenTempo,30296,5.0
Moonxch1ld,18661,8.0
Kathikeyan,38186,9.0
MontheZ,17247,7.0
CNGeorge,37675,9.0
Ripler,50339,6.0
CVBuckets,2904,10.0
itamarZ,39535,8.0
TiKay75,12669,5.0
ThugPou,41226,7.0
ashwinvsudeesh,28851,9.0
Forluth,16498,6.0
Rion2,37055,8.0
prakhargr8,4181,8.0
iwashizue,37926,7.0
ThomasTankEngine,53200,7.0
Fotoxxxxxxxo,24227,8.0
Moonyboi,31181,9.0
--_Hani_--,40591,10.0
Rkelt,51219,6.0
KatOtaku,61431,5.0
ThunderRed99,36896,6.0
COMThing,32887,7.0
MoonPea,20507,9.0
Frank,288,7.0
Calarin,40591,9.0
pssp_16_2005,1535,6.0
KatsuraDaa,32366,9.0
Monolight,10793,9.0
ashhshh,34822,3.0
Katsudon96,48468,9.0
Montesinos,31737,10.0
Monsmania,42340,6.0
Rita-,34382,8.0
KatOtaku,3759,5.0
Kasuzer,39198,7.0
Rintarou_95,27821,9.0
Tiakka,30,7.0
Fovez,2251,8.0
arnautu_stefan,48483,7.0
Ritam_1,36098,10.0
-Kenshin-,11741,7.0
Katon967,40504,8.0
ash74827,50265,9.0
Kasoki,27821,8.0
Fraiiz-Wanderer,23755,8.0
-Anna-,27899,7.0
as_yuuki789,7311,8.0
--sayori--,35994,10.0
CaiqueMTO,51678,7.0
Karsaaa,37430,8.0
----shia,33506,7.0
Forstarly,9656,9.0
Monkeryz,31830,7.0
-Anathema-,2025,7.0
Kashik,53439,6.0
MoonViolet,6045,9.0
FoxEyes,2546,7.0
MonkeyYeager,27899,6.0
-KazuChii-,28869,8.0
artemisthemp,35076,7.0
arkandi,34280,7.0
ashyvers,32182,8.0
Katsuro-chan,631,7.0
Kathikeyan,17827,7.0
itshoo_,12753,5.0
MonsieurPapillon,48761,8.0
-Kirino-,9393,7.0
Fouton,6512,7.0
Ripmav85,52807,7.0
iwatch2muchanime,1838,9.0
issekai_lover,48549,8.0
itsmeaagain,22547,10.0
Rna87,37561,6.0
RiverSorcerer,34798,9.0
-Fenris-,20545,6.0
Kato_han,14227,8.0
itsKJlol,51916,7.0
arth2809,5097,6.0
artemisthemp,52196,7.0
-Alexa-,30123,8.0
RisingWeebHero,43608,10.0
Riss-,38000,6.0
Karinyia,16614,5.0
CNeto,372,8.0
itikitty,55907,5.0
itsreihan,39017,5.0
Rizwan_Siddiqui,35507,7.0
Foshinh,28999,8.0
-Mahiro,17725,10.0
Calarin,50739,7.0
Forionsy,58426,5.0
promanias,57334,9.0
prismajane,17831,6.0
CSL06,35849,6.0
prakhargr8,52034,7.0
pslehaps,11241,7.0
MoonLuchan,10659,8.0
Katachidfoxy,4224,6.0
-Kurara-,38101,1.0
MoonlitHalf,11771,8.0
-BL0SS0M-,50854,7.0
-Ayu,21,7.0
CalabreseMuzza,39324,7.0
Thundarnix,54856,9.0
iwatch2muchanime,292,7.0
Kashiv_97,52871,6.0
pristelyo,54492,9.0
Katsuki,25879,8.0
KatsuAnael,32930,6.0
FourSeasonSage,34284,7.0
Karokek7,21635,7.0
CORR_Kubs,6573,3.0
-Graina-,18897,8.0
Rize19,57611,10.0
-Jhon-,28851,10.0
-Autem-,22729,4.0
CaiqueMTO,9656,7.0
prowlee,35760,9.0
KatsuMMR,42361,6.0
as_kostek,3901,9.0
CachorritaMala,30276,10.0
asdfSchnitzel,32,10.0
Risso03,34534,9.0
Tiet1,30544,6.0
CaioAJ,38691,7.0
Rivaliti,2331,6.0
poziomek,34437,9.0
TiganuCocaCola,21,10.0
Franck50,4224,7.0
Ristoki,33845,9.0
Karumont,31704,7.0
Riwar9,58059,8.0
CLUB_ANIME,50602,10.0
isngyn,41025,10.0
Ritz501,45576,9.0
iwasanee,41084,9.0
primevalsoup,740,6.0
RoDem,34451,7.0
Monkeyy_,59452,7.0
princenublet,49891,7.0
KasperSwag1001,34618,6.0
Kariyu7,263,9.0
Rizz_y,37430,8.0
-Alberto-,1122,8.0
Caju144,527,10.0
itsscarlots,36286,10.0
Katatsumuri-san,610,6.0
C__C,1047,7.0
Katman666,48413,6.0
itsFranny,24227,6.0
-Kushii-,31710,1.0
Fr1d4y_94,8039,8.0
-David-,19815,7.0
itskenkaneki,37105,8.0
itskaito,30240,6.0
CakraFritz,35838,9.0
Monkiesmata,11061,10.0
itsDVN,44940,8.0
Moonlit_Lilium,16742,7.0
-Kurage-,9756,10.0
Monoluxuria,42414,4.0
priz98k,4492,5.0
iuvin,49778,4.0
itss_abbyyy,34599,8.0
-Lucilfer-,38000,8.0
-Hayley-,2476,5.0
KarlaSoop,30,9.0
Katalyzed,42310,8.0
Frank-Senpai_89,49869,10.0
Forw3n,54234,3.0
-Gryphus-,35076,4.0
Karuchi,37396,4.0
Riselv,20767,8.0
-Aeriel-,40807,6.0
asdassss123,50175,7.0
pressurpoint,27775,6.0
FrakkinChar,19775,7.0
itsiisus,21995,10.0
MongMiloKih,37258,7.0
iv_nn,23273,7.0
Rivenoxern,25429,4.0
KasanoKasa,57524,9.0
Fotsuan,38883,5.0
ThymeSeyU,41471,7.0
-Juanjo,18245,8.0
MoonAegyo,52046,6.0
Riptos,36001,4.0
Riptash,28171,7.0
Monzue,21939,10.0
Kartik_Gusain6,38101,6.0
arthreemis,31404,9.0
iwatch2muchanime,503,6.0
MoonMoon405,22297,6.0
-All,6165,3.0
Karunas,35760,8.0
Tiglet_Piglet,28907,9.0
potatsguy,52381,3.0
proudsauce,39533,7.0
KatOtaku,55973,8.0
arsenking,37430,8.0
Fracazo,16870,7.0
princessleddit,31706,6.0
itikitty,37460,5.0
Cafra,849,6.0
ashenone0025,22319,7.0
Fraiiz-Wanderer,15197,6.0
ForkEatingGoblin,39292,3.0
Fr1d4y_94,22815,4.0
Ca1ebw,22199,9.0
MonoXchrom,49849,6.0
Tigeren,31404,8.0
ThySe77,30831,7.0
asdfnyan,14349,10.0
asetrisk2,38572,2.0
potatostuff,56230,7.0
ashen_rei,20507,7.0
----shia,5084,6.0
itsKJlol,45613,7.0
potatofever,54233,6.0
Katrov,11111,6.0
-DeepWeeb-,5081,9.0
Tigeren,40815,7.0
KataiOreki,31414,4.0
iuzumi,40787,8.0
poziomek,23385,8.0
Moonlightbae2512,54617,7.0
ivor940,40454,7.0
FragileGlass,12189,8.0
TigerInSpace,53998,8.0
poyomon99,52736,9.0
itztragic,45556,7.0
itsNoya,39940,8.0
Ristoki,38778,7.0
-Akirion-,51009,8.0
Tidoux,34798,9.0
Throndir,1519,8.0
-Dice-,10589,7.0
Moonlight_mori,553,8.0
-Ecliptix-,50916,7.0
Riptos,9925,7.0
FourthKind,2787,9.0
prabhakar1717,49835,9.0
CaelDeus,23281,2.0
FourthKind,1195,10.0
ForflayyO,2847,8.0
Cactuuuu,48561,9.0
RitaGandra,830,5.0
MontyLearoy,44276,7.0
-Legoshi,58572,9.0
CachGarb,877,7.0
Moon013,52747,9.0
arminamini01,61595,7.0
Cabrian53,34599,10.0
TiaanM777,40336,5.0
Frank-Senpai_89,32281,7.0
artin_1702,38826,8.0
-Grand_Grievous-,5681,9.0
-Arifin,52482,9.0
Monijij,18679,6.0
arsonal,8675,6.0
MonokuroKinema,2218,4.0
arvo-san,424,10.0
istorms132,9513,8.0
itssharki,31933,8.0
----shia,39569,6.0
ashdrxp,10719,7.0
MonkeyDLuffy65,38524,10.0
artin_1702,34474,7.0
Tidy_Name,55888,9.0
itsmemario55,38544,6.0
-Kiraide-,32038,6.0
Kati-chan,34723,7.0
ForgiveMySkills,9253,7.0
Rna87,35905,6.0
asahiruyoru,12413,7.0
Risexkise,37779,8.0
Cactus7,51009,9.0
arvin_1219,32828,8.0
Foundingweeb,34881,5.0
ashen_rei,37430,7.0
RitaGandra,9675,7.0
arya_p2004,6675,10.0
Thomasama,30484,10.0
Thunderbird624,15809,9.0
Riselv,4886,8.0
Katil007,11771,8.0
ThousandRJ,38040,10.0
pragadosinfernos,46102,10.0
CNeto,52701,9.0
CSHCHnehir,30831,7.0
-Akirion-,36990,8.0
-Lazed-,32648,8.0
Monkeybeast,36474,6.0
KasperSwag1001,6324,3.0
arthur__leywin,20507,6.0
Kasusu,31478,7.0
-Bommel-,3455,9.0
TiagoCosta,3572,6.0
Thyntho,5114,8.0
FrAsta17,15051,8.0
C_Par,50275,8.0
CXLIV,6379,8.0
-BerserkArmor-,35248,3.0
-FrankliN,20583,9.0
projectfear22,424,10.0
ThousandRJ,12123,5.0
KasaiKouhai,16001,10.0
artsmajor,36946,8.0
MonkeeDan,32,8.0
itsmedibba04,1735,9.0
Fouton,39071,7.0
-Beffy,18679,10.0
RkGemr,4437,8.0
princefa5,2159,6.0
CUNAGOSSUS,44524,7.0
TiagoGomes,13863,2.0
psychedoll,30654,10.0
FrancyBenz,2236,8.0
Ripjaw999,10397,8.0
Kasou,29317,5.0
Foltvers,35484,6.0
Rioyan,36896,5.0
potion_seller_ye,37430,8.0
RoWatchesAnime,8934,7.0
-Lobo-,32023,6.0
armob,52092,9.0
Karisun,3785,8.0
armin26,40456,10.0
artsarast,9513,7.0
arm4gedon2112,29317,3.0
itsravenkwe,52865,7.0
TigrisAlba,33352,8.0
-Hawke-,136,8.0
Katachidfoxy,35120,6.0
Monsmania,24377,6.0
ThyroidBeanstalk,1735,4.0
Riri_33,35315,5.0
armin26,41930,8.0
Kato23,34626,10.0
Monkey_D_Noor,42310,9.0
-Cake-,3457,7.0
artemisthemp,34443,8.0
poyomon99,22319,5.0
Thot_Begone,10165,8.0
CaCl2,48858,6.0
armob,11266,9.0
CTBlue,37347,7.0
Rm_Angelica,30015,7.0
CaioOlive,11843,8.0
-Lightbulb,36862,8.0
itacha4ever,443,7.0
Rio-,33948,7.0
Katastro,9756,9.0
ashe-,1575,10.0
pp4in,25159,9.0
CRXWLEY666,30503,10.0
Mooni00,18671,6.0
MonsterZero11,9181,7.0
-Lucilfer-,32867,8.0
Caboose,5909,6.0
-Anokata,900,8.0
CLAR-A,20583,10.0
Moooldaccount,38329,8.0
Riskelfish,39570,9.0
CRXWLEY666,67,7.0
Thomasq1,39638,6.0
Foolsome,6572,7.0
RitaGandra,13357,9.0
Caioviski_,37525,7.0
CQLLIST,34561,5.0
Francisco_Mota,10620,5.0
ThorinPink,34281,5.0
Katie8026,9969,8.0
ashe-,23427,9.0
psy181,35203,7.0
princefa5,1074,5.0
-Des-,31327,5.0
ThorusFTW,54275,7.0
-GABU-,18153,10.0
issei98141,41461,8.0
Throni,36155,5.0
ForRealZach,43608,9.0
Calaglinn,9919,10.0
-LireZ-,317,9.0
Fortijack,19815,7.0
ittsxenia,7711,8.0
Fradischen,5342,7.0
princess-jasmine,11757,10.0
Forbiddensimp,8231,5.0
arrekkusu,42249,10.0
Rio-7,35790,9.0
CaioLima20,3782,9.0
ThunK69,32542,7.0
iuuki,49114,10.0
Fox,3467,9.0
Monoluxuria,36121,4.0
pseudovrsna,38101,5.0
asiad,50265,10.0
artosapien,40074,1.0
armanyan,20785,8.0
Caecilius,44087,8.0
-Elliot,38883,7.0
iuzumi,28121,8.0
Moonwalk69,1575,8.0
-FOXX-,29067,8.0
--Ender--,11111,8.0
Foolish656,3091,8.0
Frank_Lotion,5682,7.0
pris_sucks,38680,8.0
Monkey_D_Alif_21,33421,6.0
Tiago_Alex,30307,8.0
poyu1717,13367,7.0
Thrive2Mix,38192,7.0
-Lofn-,31227,7.0
Rinxx,53033,7.0
Katana7_,22297,10.0
Riventures123,55818,8.0
potatoladica,512,8.0
KatharinaDan,39575,9.0
CMacAkira7,40083,8.0
CabVolp,6880,5.0
Caiyou2004,24833,8.0
itskahush,38524,9.0
Kariyu7,55866,8.0
-Aymen,6880,10.0
ThomasFukano,52092,6.0
Foxtsune,2520,5.0
Cactieee,54492,8.0
Fonazo,1118,5.0
COOLGUYxmz,38659,7.0
arkady_000,1535,7.0
Monya3,16498,9.0
-Denki-,10110,6.0
Caju144,35889,9.0
potatofay0,145,8.0
-Da_weeb-,40834,7.0
-Araragi-,59,9.0
itsCmac,5114,8.0
TieboRiri,21667,6.0
Calarin,1218,6.0
Kashou_,25777,9.0
FoxanaFoxy,60593,8.0
Cah-Chan,11703,7.0
Riten,37141,10.0
-Barto-Luvr-,38629,8.0
Thund3r789,49376,8.0
arppit,5205,9.0
ThunderStr1kes,950,6.0
KasaraEm13,227,9.0
TikkiWiii,37377,7.0
-Jon-,34480,9.0
MoonLightGirll,32,9.0
itspro,37497,7.0
itarekahmed,53050,4.0
asia_2k,25777,8.0
Thomas_Atwood,4015,10.0
princessLINDAA,38680,10.0
itskyzer,40834,8.0
Monster__170,39617,7.0
-Kirumi,32526,10.0
Katsunii,40215,8.0
ThunderZero,10447,9.0
Rk003,50602,9.0
CaioOkada,15617,6.0
Foxtrot_05,52173,8.0
-AinZ-,31181,8.0
MoonlightBridge,1281,9.0
CNoFlaw,34902,8.0
RioAl,9396,7.0
CRG,54865,8.0
Rizzless_420,27775,8.0
RisottoNero1337,28907,7.0
Kashtanator,43609,10.0
FraNxxx,35507,7.0
Tieddy,8675,6.0
RoDem,356,6.0
Moneppeli,42668,7.0
--Vanilla--,33352,8.0
Tibo_Bones,1122,4.0
CPiva,41573,6.0
itsSoHeavenly,57334,9.0
Karma___,9107,3.0
ashuran9007,31231,6.0
ThyBomb,57433,8.0
iwashalfawake,40417,3.0
-Hina-chan-,142,10.0
FoxSenpaiYT,31478,7.0
ashylz,34599,6.0
princeof,31043,10.0
issiehyoudou,23447,5.0
RinsAl,34438,3.0
Caio7DUST,12293,8.0
Monday_Sidereal,4224,9.0
ashhax14,34572,7.0
itsleoxz,39533,9.0
ivivapi,9367,5.0
-Ariaaa-,18397,8.0
procop,52991,9.0
ForgotEyeWasHere,899,6.0
CQLLIST,45055,6.0
Ristelle,9756,10.0
KarnEvil9,18679,8.0
prohibitedeyes,54722,7.0
FraCroci29,54968,7.0
Rittsuu,36027,5.0
Caioba42,28223,8.0
Kasuna-san,39551,8.0
ForflayyO,14513,8.0
Monodami,28883,6.0
Karmel,59497,8.0
Moonwalk69,49200,8.0
ForeMateus3,7791,5.0
Kasusu,1832,7.0
-Droid-,2685,9.0
Moony,54789,5.0
princefa5,4280,6.0
FoxyKasumi,52173,7.0
RivalS,41132,6.0
ThunderRed99,28121,7.0
Cacadepollo,23281,5.0
poziomek,32901,6.0
-Aria-,28735,9.0
promanias,37172,6.0
--Rosie--,28891,8.0
Kasdek,39597,6.0
Foolishweeb,743,7.0
psi_rockin,54714,6.0
Karthy,15689,4.0
Fourbo,40540,8.0
-BL0SS0M-,33674,9.0
CONTISUKIDESU,30749,7.0
Thuynh06,985,10.0
MonsterKat,51367,9.0
isimaele,40729,8.0
Moonknight12,32281,10.0
FouAlter,36266,8.0
Frajer_9,2759,8.0
Karsaaa,39597,7.0
RoKuRotAz,33421,10.0
-Aster-,11061,9.0
Cablecords,43745,3.0
pringelony,34612,8.0
princesjelyfish,31912,5.0
Fr1d4y_94,39741,7.0
-Anokata,11061,10.0
Moonyp,8861,3.0
asesinojulio98,47778,9.0
itsyamagucci,34712,9.0
CTcommander,38777,6.0
itikitty,25375,6.0
Karinnn___,57524,9.0
ash74827,37492,10.0
Framework-_-,54744,10.0
--kitade--,28235,6.0
potatosaregreat,42923,7.0
-Dakki-,34420,7.0
pranavcognito,11061,9.0
prodigy1807,9917,10.0
CTDz,34933,6.0
-Fenris-,13331,5.0
Riunite,23283,8.0
potatoladica,16067,8.0
priyanshuluffy,52890,9.0
ThunderZero,20785,8.0
isshoniikitai,58939,9.0
Moony_7,42361,6.0
Kartinix,38192,5.0
Rndmdd,28497,8.0
Forwards,49470,4.0
Thyg,40938,5.0
Thomas_Ribeiro,23755,9.0
Moon013,44069,10.0
Katsuki,79,6.0
Tigerin0,6746,8.0
-Baya-,34240,7.0
FourSeasonSage,1738,6.0
itmustbetim,869,6.0
Cakethatisall,6213,8.0
ivosicsu,392,9.0
iwatch2muchanime,9718,6.0
arti131,41487,8.0
Rishabh069,22745,7.0
CacaoRigos,33036,7.0
MonsterZero11,4192,7.0
COLD_JAUM,10271,8.0
itchipsphere,28999,7.0
-Kuuso-,37510,10.0
itikitty,57494,5.0
premium08,145,8.0
-Caio,481,8.0
-Angy-,13759,6.0
RizeleaSerafall,12729,8.0
Tiippy,48549,10.0
prouted,51535,4.0
CabMister,31636,5.0
istrie,9989,10.0
aseeon,448,5.0
Tiancheng964,39576,7.0
RitzierSeal,41109,8.0
programmargorp,14075,9.0
CLModerno,48761,7.0
FoxOf,8425,7.0
-Akaneechan-,6637,7.0
-HeXy-,31478,5.0
Tichoslapek,16866,6.0
CMinamoto,8348,10.0
Moochisicakes,40435,10.0
prokkirin,32526,9.0
itachi_re,50183,7.0
primzcm,25015,8.0
Fortijack,21863,4.0
CairoSCCP,9756,10.0
RivalS,18671,3.0
aroiporridgu,50172,9.0
prohli,53421,6.0
Rizz_y,27899,7.0
Rna87,1142,8.0
Rito-kun,27899,9.0
--Dark-san,21085,8.0
Moodiekiller,40783,4.0
praveen97,37210,7.0
Kartik_Maurya26,57334,9.0
proxime,339,9.0
its_mario_l,38691,8.0
Tiamat26,38659,6.0
armandomora,30749,8.0
Cakethatisall,40397,7.0
Moomeowmoomoo,60168,10.0
Rlight,53879,7.0
Moonknight12,10507,7.0
Monkey_and_Panda,37141,9.0
ivvas,12189,9.0
-Aero,39940,8.0
Thresandy,50932,7.0
Kat091,38883,7.0
psavage,49618,3.0
FooFighterStan,41467,6.0
Rishadahmd99,39547,8.0
Tidoux,35673,9.0
powerhouseofcell,22663,5.0
-Itachi_Uchiha,20031,6.0
prado086432,41380,4.0
Rkp_NS,28979,2.0
iwnii,51128,6.0
RipperAkkarin,54900,7.0
pretxel,37345,6.0
arpsa,1535,8.0
-Gokuu,36245,7.0
princesskamila,31757,10.0
Tiago_Vaz_007,30736,7.0
Thunderlord01,33581,5.0
poyomon99,23209,9.0
Katarushisu,18295,7.0
Karunas,38408,8.0
CNeto,16664,8.0
Tiffany_Zuchkan,32887,10.0
artosapien,20899,6.0
prokkirin,32717,4.0
ThomasSeabear,40815,5.0
-Heika,16035,5.0
ashish1106,40507,6.0
princessLINDAA,428,8.0
-Droid-,3712,6.0
Karma_Lovers,54915,8.0
Karlsefni13,36882,7.0
KatarinaFi,36474,10.0
asesinojulio98,12067,9.0
Thunder_1,31758,10.0
Riskelfish,51498,8.0
Cacadepollo,264,8.0
psthfn,466,7.0
Kash_Sky,48849,10.0
Franck50,49889,6.0
Karmanoel,46422,7.0
itsRaphael,32,8.0
Riskeric,53438,7.0
iuguns,1453,5.0
Montie,30240,10.0
Frakits,39587,6.0
pretenders,5114,8.0
FraNxxx,50709,8.0
aruah,40221,9.0
Tidy_Name,37675,7.0
RiuZakeh,3782,7.0
arodoetaniri,14741,8.0
Fon-,4059,7.0
RoDem,36296,8.0
-Jaegers-,19,10.0
aroelsfc,58359,7.0
psychoalchemist,37965,6.0
Fontes02,72,8.0
-DeepThroat-,7791,2.0
-Arisama-,10408,10.0
KatarinaFi,31144,6.0
Forest_1,35848,2.0
aronyn19,36949,7.0
proximo,48698,8.0
arte11a,27899,8.0
Ritu47,49918,7.0
ThrawnyBoy,52588,8.0
-Hiku-,38408,6.0
FontSize72LOL,44524,4.0
arntu007,52173,5.0
TigerWasHere,6702,5.0
Forbiddensimp,49613,9.0
Fortsy,11757,7.0
psi_rockin,33741,7.0
asdlolxd_,4282,8.0
Francesco_Bossio,9308,8.0
MoneyMoon,25099,8.0
Karlie,1542,10.0
asdlolxd_,57,8.0
Kasumiiiii,28999,9.0
Karurosuuu,49470,8.0
-Mahesvara,15039,9.0
Tijolinhoo,35849,8.0
CXLIV,31163,8.0
Katsuki,19315,2.0
asd-,30016,6.0
MoonStalker,33,8.0
CMDRWaffles,37105,9.0
Frank_G,55644,6.0
KasAK30,30,8.0
ividsc,54492,10.0
ixShuriken,42962,8.0
Caboose,761,4.0
Ti_Gonn,53127,7.0
MonsterRubberDuc,29803,9.0
-Alberto-,23755,8.0
Thorsson,57334,8.0
-Kirito,138,10.0
-GuyHitchens-,6444,7.0
potatsguy,6421,8.0
prince_loomba,55823,7.0
FrancisR12,49387,10.0
isseixkoneko,50652,10.0
Kasou,33486,5.0
Katastro,37779,10.0
Katsuki,31952,5.0
-Ichihara-Yuuko-,51105,9.0
psdbzguy,512,9.0
ash_2701,4224,10.0
-Kiraide-,30711,6.0
MonkeyDNic,53050,1.0
RippleLover,59251,2.0
FouleBazarD,54852,6.0
RiverboatRam,28675,8.0
Thourivel,182,10.0
Tijolinhoo,37078,9.0
Rizzles,477,8.0
Katesimp,37902,7.0
-Araragi-,8525,8.0
Rioyan,51096,3.0
iwasanee,55911,8.0
Risubb,32937,10.0
Monusha,53446,8.0
Rna87,52991,10.0
issen-ken-taka,2500,3.0
-FacetiousGuy-,30484,2.0
issy_walker88,199,8.0
ThomasBull,32937,8.0
psi_rockin,35737,9.0
Tiag0,42310,6.0
Rippinite,48583,9.0
Franceyo,38414,7.0
ivo_nkr,48549,8.0
artikfoxa,33486,6.0
Rioton,11499,7.0
Rndmdd,33674,8.0
Ritakuma,11111,6.0
MoneybagsMcGee,6707,7.0
Fortio,121,9.0
Tiame,27821,6.0
ashuran9007,50739,9.0
Rna87,39741,8.0
artemis99,38790,3.0
itsyamagucci,24415,9.0
prettypinkstar,16498,9.0
ThomasGremory,32886,4.0
Thrasherx13,49520,6.0
Riux,7705,2.0
--Secretoben--,37952,6.0
Kary88,40730,5.0
Katsura_Eikichi,4181,10.0
Francisco_Mota,11061,10.0
FouteMakelaar,37086,6.0
MoodyDead,52034,8.0
Caerulcifer,58853,6.0
CLAE_1278,39195,9.0
arniboi1337,8278,6.0
FollowYourHeart,4059,10.0
Rio-,26351,7.0
itori,31559,5.0
MoonPhos,19209,5.0
prantzpatil,40904,7.0
Fpt_leyenda1105,2993,8.0
MonkeDLuffy,39523,6.0
RisadhiUt,40571,8.0
ashkankb84,40708,8.0
Thugchu,54743,6.0
itsMidorin,249,6.0
Franciscan_Duck,10080,9.0
Throni,33241,9.0
CalcifiedCalcium,10370,7.0
-Crizzy-,2001,8.0
MonkeeDan,58080,6.0
Fr3yz_,41487,8.0
Ristoki,50655,8.0
-Bibs-,1689,5.0
-MAZ1NO,37952,7.0
FrankTobar,25157,9.0
-Kushii-,20853,1.0
Moon_pers0n,40748,9.0
Caboose,2397,6.0
powerofemo,392,10.0
Monix-sama,5690,7.0
arrivedercixox,50330,10.0
Foxxxel,6547,9.0
iskariotes,28991,9.0
MonstAR_,5118,6.0
Rna87,22535,7.0
-Caio,10110,5.0
Moonl1tS,22663,8.0
Monzue,25985,5.0
Thunderbreak11,48661,8.0
CLASAIN,60285,8.0
Thomas_Atwood,22199,10.0
-Ecliptix-,10162,9.0
-DxP-,32282,8.0
KarmaNouzen,53626,7.0
RitaTrindade12,777,10.0
ismael16,22297,7.0
ashton18,32189,8.0
pruto1233,16870,6.0
Tiago_Vaz_007,11703,3.0
CSRED,202,9.0
KatOfFuture,245,9.0
KatOtaku,49860,6.0
Kasinda,42847,8.0
Rinsing281,49599,7.0
KashKetchum,34465,5.0
Caeruleus_CCXVI,37521,9.0
-Cresent-,11111,7.0
arman_,48548,8.0
-Kiraide-,10794,6.0
prxphet1,5081,10.0
Foxygamerx05,49114,9.0
CVNT,2403,7.0
asadxawan,48414,6.0
Mongezuranyan,28977,9.0
-Lucas_Rocha-,41456,5.0
pretomdas,37430,9.0
FoolishTaoist,15417,10.0
FrAgE_NiTe,48561,7.0
C_H_I_N_M_A_Y,16870,8.0
Katsuro-chan,3594,7.0
Fr_MoonDan,7,7.0
Thupa,24687,8.0
Thunderking3,249,7.0
-Caio,39030,6.0
KatieMH,54852,8.0
itsaparrot,26055,9.0
CSHCHnehir,20767,8.0
Karinyia,33926,6.0
primzcm,5667,6.0
Monu36,40591,8.0
arthur__leywin,52299,8.0
itshananas,20,8.0
Forgodzake,38555,5.0
ito-,35159,5.0
Fox_tart,34599,10.0
Katsu-kun,11499,7.0
ppg_,40221,4.0
TiinaSprout,22877,9.0
aroiporridgu,52211,8.0
Fran,31564,7.0
-AC-,10020,10.0
Karrow121,53810,7.0
-HonokaKousaka-,8876,6.0
Monu36,44074,9.0
Kashiv_97,49894,6.0
Foraustin,14513,7.0
arkady_000,527,7.0
ThyToastedBread,41103,10.0
Rizwan_Siddiqui,34134,8.0
RitsuOkumura,30524,6.0
--kitade--,21033,7.0
RizeOfTheNation,1589,9.0
itsBiru,60543,8.0
ivekz,6802,6.0
Rizzadd10,3783,7.0
Thrack,35849,6.0
CaioOkada,7017,6.0
potbrick,10119,5.0
arlex16,16918,7.0
Katsudon96,30583,10.0
-LG,2596,9.0
arte11a,40776,10.0
-DenisaHatake-,29803,8.0
Mont_,49587,10.0
iwsifakismag,169,6.0
RizaLy,41611,8.0
-Cultured-,37287,7.0
Rk003,48561,8.0
ashhax14,37521,8.0
RizeleaSerafall,3225,7.0
proGaMmA,37991,9.0
ittybittytitty,31442,9.0
arte11a,55813,8.0
Thypnos23,41168,10.0
-Deimos-,226,10.0
ashlynww,9982,5.0
MonkeSupremacy,1120,6.0
Tiggsie,39569,8.0
arthskuro,27833,9.0
Moniiicaa,34403,7.0
Rirukiddo,59189,6.0
artbbertucci,40748,8.0
aru54,31637,8.0
Kashirou,19511,6.0
KassaneRendal,40010,9.0
Foxy_Psycho,51213,6.0
-Kurume-,32281,10.0
proxy_1410,57334,8.0
itchika,41456,3.0
Karpman,2026,6.0
Thyg,19775,6.0
Katon967,45572,7.0
FosterSon,44931,9.0
CM_k2205,40221,9.0
itzsumi,38524,10.0
isimaele,3588,8.0
KathPissu,35484,7.0
itsbabu,28297,5.0
itsRaphael,21881,7.0
psycronos,34134,9.0
Kasen-Ibaraki,26055,10.0
ThymeSeyU,49469,9.0
MoonTan,9260,8.0
Katou81,20031,7.0
FourSeasonSage,37914,5.0
CaffetteSchwein,40750,4.0
Ririchiyo-tan,14829,5.0
Tiippy,14027,8.0
Thony_Ant,51019,8.0
Rinya_Alpaca,27787,7.0
FoxanaFoxy,50590,8.0
RoXas_MMIV,40748,10.0
asia540,53933,8.0
Monkey_D_Mrowek,6573,7.0
artgamer0916,34777,6.0
Thorek4MAL,40052,9.0
TicklingThoughts,7311,9.0
Kartal-Joel38,10448,10.0
itmeh_anime,52608,6.0
itaisinger,39495,7.0
Fraikz,33286,7.0
FrankUFO,20159,7.0
ascretion,44881,6.0
Monstergamer265,48548,8.0
princefa5,12317,6.0
-Ellisson-,24227,7.0
KarstNoPrime,24833,8.0
CNeto,21189,7.0
-Cody-,57907,10.0
iwatchbadanime,22297,8.0
priyapickles,34933,6.0
pris_sucks,34599,8.0
asiangodz69,39026,8.0
RiverboatRam,51252,7.0
Thunder__Bunny,452,8.0
Cairos,16742,8.0
ashmotrex,43325,8.0
Katsuragi222,8424,7.0
Kartik735,356,7.0
ars2,48569,10.0
Karokek7,59265,7.0
ito044,857,7.0
RissieChie,393,3.0
-BL0SS0M-,53393,8.0
MongoDB,53393,1.0
CaekCake,38408,7.0
itoshi_kare,53889,6.0
Cainthazar,21809,4.0
RiyalDiamond,40083,6.0
Kateer,11757,6.0
FoxOf,55823,9.0
ishiyama_yumi,53512,7.0
Rna87,28391,7.0
Moon_Memelord,5114,10.0
arppit,2669,7.0
ThomasAndersonTR,34638,8.0
FormulaXPS,37442,8.0
Throni,11887,5.0
Thryms,38414,9.0
RiverLilly,13125,7.0
CLUB_ANIME,39741,10.0
psistogiakafe,28121,7.0
Kashik,51462,6.0
Forstarly,17895,8.0
prsteel,48736,8.0
iwantodai,24833,8.0
Moon_Memelord,8410,4.0
ash_alex,44069,8.0
Kasra092,49692,6.0
provat_haque,31327,6.0
MoonpieMary,1260,6.0
isxzraz_2002,36563,9.0
KathPissu,28825,6.0
-Ender-,34599,9.0
Katsunii,42249,9.0
itsmepee,55889,4.0
Riseofanime22,14027,9.0
--Dream3r--,40586,7.0
-DxP-,10087,10.0
itsthemilkyway,37964,7.0
RipTide,40496,8.0
Monkey_D_Alif_21,55888,8.0
RivailleHero,51648,10.0
Riskelfish,25013,8.0
Fouweior,1535,9.0
asetrisk,37590,3.0
itsCmac,20787,5.0
CStephen,23385,7.0
ThyPenguinZ,31478,8.0
Fouton,59,6.0
princesmoke10,11617,8.0
RizanEx_yc,51234,8.0
CMacAkira7,49926,9.0
Fotsuan,40206,3.0
arth2809,6609,8.0
Kashima12,53111,10.0
psycodrumfreak,50612,7.0
Fortress_Maximus,40333,6.0
Rinzler145,55791,10.0
KasukeLp,27787,7.0
-Kagaya-,5277,7.0
Kasuga_Arata48,32936,6.0
Ripped_99,49858,7.0
ivo_nkr,10863,7.0
-Cyberia-,6704,2.0
ash_nataliee,35507,8.0
Kartogamo,30363,7.0
Thoru_UwU,50713,8.0
-Katty-,6547,10.0
ThymeSeyU,43439,8.0
-Chazz,40956,8.0
----shia,1554,6.0
potatosaregreat,58567,7.0
iwasanee,12413,8.0
MonokuroKinema,29163,7.0
-GabiZ-,40956,8.0
-Des-,32188,7.0
MonoHatari,56654,6.0
Moon_Sham,4975,6.0
Karlosian,19815,10.0
itzreinier,11757,7.0
CaelDeus,2236,7.0
ThrowStone,55791,6.0
iuzumi,47160,7.0
CURSED_DEM0N,35968,8.0
Rizz_07,52608,9.0
-Aurelius-,36098,7.0
---Kirito---,38992,9.0
KatharinaDan,40456,5.0
Riskeric,7593,6.0
-Crizzy-,6880,6.0
Katsu-kun,28957,8.0
ForkzAreEvil,11757,9.0
Karo_cchi,40730,8.0
Thor_Almighty,5630,7.0
Fovez,117,8.0
Rixat,18679,10.0
-ASURI-,1689,5.0
iwatch2muchanime,14751,6.0
-Luffy_,59361,8.0
Rizuraki,35806,6.0
Monero-Chan,35120,8.0
CaioCK-H,14659,7.0
----shia,59189,6.0
Tighs,40028,10.0
Ritsu-Kawaii,586,7.0
--6,40351,6.0
arsenking,51213,7.0
Rish141,33513,8.0
ivosicsu,50631,9.0
itsKJlol,15411,5.0
arjupg,22043,7.0
arrow-san,38793,10.0
prabal04,56038,7.0
Katsuki,317,5.0
Forw3n,11111,3.0
Cairom,47917,8.0
Monkey-D-Efrain,51020,7.0
artofyusefu,55888,9.0
Kashema1,39292,7.0
Risame,9890,6.0
isyasad,10521,7.0
TiagoCosta,13411,5.0
Throttlee,1120,7.0
Katraptor,32664,9.0
CYioReti,2321,8.0
--traveler--,10087,8.0
-Fuga-,185,9.0
ashley5891,916,5.0
-Araragi-,21797,7.0
KarlHaro,32686,9.0
RipeAppleSauce,28851,8.0
Rinto-kun,9213,7.0
-EpicMan-,12231,8.0
princenublet,49559,7.0
progrockboy,904,6.0
FourSeasonSage,23787,6.0
Tijs1710,39551,5.0
-Hitokiri-,4970,7.0
Katania48,4181,9.0
-Kurara-,4181,6.0
ThunderbroAnime,23317,7.0
-IsaqueSmile-,22273,3.0
Karmainstantanel,36525,6.0
Katelynlist,24833,9.0
CM_k2205,2847,7.0
Thyntho,52742,8.0
armageddon78,30276,5.0
arta779,35760,10.0
pseudolemmadoxum,256,4.0
pp813,1575,9.0
-Luhui,861,8.0
Karma99,38671,9.0
Caioviski_,38731,9.0
princefa5,238,6.0
Riot,25437,4.0
iusededmemes,28121,7.0
MonkAce,250,7.0
FrakkinChar,21743,8.0
MonkUnit,10110,6.0
prajnaviraa,24415,8.0
Moonto1987,52211,9.0
Kasuga_Arata48,40750,8.0
-Dei-,34881,7.0
KaseySau,585,7.0
RipperAkkarin,40010,9.0
Kartik_1212,43556,7.0
-Mahesvara,48633,7.0
Kashtanator,48483,5.0
Cajita_Hoshi,51009,8.0
MonkeyTang,22319,7.0
Rlylex,101,5.0
itsankan,10029,9.0
-LuskaS-,41457,10.0
Fractured-Image,949,7.0
asagimin,16982,5.0
Caezzy,36474,9.0
RitaTrindade12,50346,6.0
Foms,34368,7.0
prof-milky,36902,9.0
CacaoRigos,30911,6.0
Riucc,48849,9.0
Rishabh069,22199,9.0
ThomazSpoiler,54112,3.0
arth2809,36522,7.0
CK_Underwear,31757,5.0
Monstergamer265,50338,4.0
KarmaXx,205,9.0
-Kagaya-,51251,10.0
ashylz,27821,7.0
CR_Ahmed,437,9.0
its_skylar12,42940,7.0
prakhargr8,42203,9.0
FourSeasonSage,186,9.0
art3mes,48171,8.0
RioScoty,431,7.0
FrankPT,30740,7.0
Karma717,49721,9.0
-LastPain-,1210,8.0
FrancesDubaiano,48171,7.0
ivosicsu,6512,4.0
Kasekex,38408,8.0
Foolishweeb,24655,6.0
MonstroHormonal,53888,9.0
Karmel,34280,8.0
artin_1702,31338,6.0
-LuskaS-,36896,4.0
Formidable_MAL,379,10.0
TigerOtome19,37233,8.0
Calaber,12291,10.0
Monsoozi,24793,4.0
professor_otaku,29786,6.0
Folster,34281,7.0
itachi_re,287,7.0
KatieNeko06,28891,9.0
Kasvai,34451,9.0
Ristarchik,32360,6.0
arjupg,23755,8.0
CaioLima20,50384,8.0
RishJD,24543,8.0
MoonPhos,39468,6.0
Cactuuus,32935,9.0
CQLLIST,37510,9.0
Foundec,57524,8.0
Kartaldk,7054,9.0
Karma_BW,34280,7.0
pranss0_0,918,8.0
---Th4nder,24997,8.0
-DxP-,10793,8.0
MongoDB,19,2.0
Tiagolima1,1132,6.0
Risqifauzan,42340,7.0
itsalisiamarie,37086,8.0
Kasix123,51648,7.0
prichilla,269,8.0
Cakethatisall,58357,6.0
--Secretoben--,11161,7.0
KatsuraDaa,20507,8.0
Fraffo_,25777,6.0
Kasdar,28701,7.0
pouco_espaco,37999,10.0
Monitor_LCD,9756,7.0
-Mahiro,10588,10.0
MonkeyDTeti,226,9.0
MoonPea,11111,6.0
Thyst,30544,7.0
Ririchiyo-tan,14813,8.0
FoolishTaoist,15879,3.0
Franciscojesus07,31339,6.0
CafeAlpha,36903,5.0
ismaprobet,31964,9.0
CafeAlpha,11597,9.0
FrakkinChar,445,6.0
TiagoGomes,37407,5.0
Rius,31988,10.0
Fr4m,24705,8.0
RitaGandra,3102,4.0
praveen97,382,7.0
-Mahesvara,8277,7.0
Caiouu15,21881,4.0
Montizep,35849,7.0
Mononoke-san,37510,9.0
-Kurara-,19111,7.0
Katiica4869,30205,7.0
Rion_666,52995,6.0
--kitade--,1654,8.0
Katsuna,47162,8.0
Monou,11061,9.0
Katsuki,20743,6.0
Kasuna-san,49637,6.0
Caldog__,40530,6.0
ThuThi,461,8.0
RkGemr,39617,7.0
Rioteck,42249,8.0
--RIE--,10298,7.0
KarlSaiyan,223,8.0
-Droid-,11665,9.0
Foxx_03,20899,5.0
Monzue,36792,5.0
Monzue,2393,9.0
-I-unknown-I-,40320,6.0
Foorty,54853,6.0
itshoo_,48895,8.0
-Des-,40497,7.0
ppwilla,50265,10.0
Monozone,38408,7.0
Riwan-chan,53998,10.0
--tsukuyomi--,33352,10.0
Riverterra,853,7.0
itadoriyuji5,49596,9.0
Moonscar,9367,9.0
CaffeineCrusader,1161,7.0
arshagor190,37202,9.0
-LK-,39991,5.0
Kartik_khare_18,14837,9.0
CQLLIST,28223,6.0
Caeruleus_CCXVI,317,3.0
Forever--Young,16642,8.0
Cairom,43007,6.0
asi_dc,35677,8.0
Katachidfoxy,25161,8.0
CNeto,10798,6.0
Calculus94,9121,5.0
Thornshadow17,900,8.0
Foxy15,32937,9.0
artmarxism,35994,4.0
Monsmania,35241,7.0
Kartik_1212,38329,9.0
MonkeyDaddio,25777,9.0
Rinzeh,11757,9.0
RjtheGreat14,40911,8.0
Ristoki,32281,8.0
RitaMita,57416,10.0
-Ezra-,39547,7.0
KatsuMMR,18897,7.0
potwasher,34599,9.0
Thunder007,38435,9.0
--kitade--,51213,7.0
arkein,578,9.0
programmargorp,15809,6.0
TigreDoPi,54112,8.0
Tibbe_NL,28677,8.0
Fountain_Of_Milk,37764,9.0
ForgotEyeWasHere,1564,7.0
Thunderlord01,36873,7.0
Kartein,40708,8.0
Fox_tart,6,9.0
Frank-Senpai_89,37188,6.0
KatoJoro,54857,8.0
isuzusan,28701,8.0
itadakitontaro11,34572,10.0
ThunderSonTS,51122,8.0
prabal04,57433,9.0
armin26,38671,7.0
RiseUA,15809,8.0
CKK2,28805,5.0
itspro,31245,8.0
Karmacrazy14,37510,8.0
ForflayyO,59162,6.0
Cah-Chan,59361,8.0
Fractured-Image,36999,6.0
CRT_616,1889,5.0
RitsuOkumura,4898,8.0
proj_rone,5114,7.0
Fortress_Maximus,1210,7.0
FrancescoTheFrog,16774,4.0
ThrowStone,37989,3.0
povyouarecorrect,223,7.0
-Ace,31798,7.0
Karrzzzzzz,10165,6.0
TiaVaylik,33064,9.0
-Anathema-,5760,7.0
Cafer7,39063,1.0
Rmekude,60146,7.0
--NoOneCares--,3782,7.0
Cakethatisall,16157,6.0
MonogatariLSD,1210,8.0
priz98k,6531,7.0
CaesarKilljoy,1210,7.0
itsmad,23277,6.0
-Amaryllis-,26243,7.0
Thoragorn,822,8.0
isratul97,36220,7.0
Foodperson,8769,9.0
artmarxism,46352,5.0
Monix-sama,9638,7.0
itzTenzy,28223,8.0
Tiago_KT,37451,6.0
potnoodil,38249,7.0
Cakeiou,38572,5.0
ivanlzy,30503,10.0
Thomasq1,31240,8.0
Tiagosoutei,36028,8.0
-AC-,6211,10.0
isimpforwaifu,23847,9.0
Monoxide12349,44511,9.0
Katsuragi222,36124,3.0
-Blackswordsman,53273,8.0
-KetsunoAna,26243,2.0
MonsterLiebert,24227,5.0
isshuukan,19671,10.0
-GuyHitchens-,30694,7.0
primzcm,32282,8.0
power_shile,918,1.0
RivRev9188,39587,8.0
CabMister,31637,9.0
itsivy,28171,8.0
MonsterOfLogic,35847,4.0
Kati-chan,36266,6.0
Rkaos64,37999,9.0
pris_sucks,15199,7.0
Monnishue,54492,10.0
Thresandy,15811,7.0
River_IX,31964,6.0
Thraggrotusk,53411,8.0
MoonXenite,2890,10.0
Calabre006,4282,8.0
pp4in,28223,7.0
itsankan,42481,7.0
Kartein,25731,8.0
Fraiiz-Wanderer,15687,9.0
Moony,156,8.0
CabbagePants,28617,7.0
psi_rockin,34148,6.0
CPiva,53411,7.0
itsleoxz,60285,8.0
Monzazaraza,35905,6.0
Kasunia,18897,8.0
Montazer-kun,48548,10.0
Riot,31756,7.0
Caiyou2004,50392,8.0
CaiqueMTO,12293,6.0
aseeon,1686,6.0
Tiff_D,52092,6.0
-GabiZ-,31736,5.0
iuzumi,25777,9.0
Calc_,38619,7.0
artbbertucci,31798,7.0
Thosperus,49891,7.0
CR0MaRTi3,31043,8.0
ThrowStone,6637,6.0
Thundera,28825,7.0
Foxaris,30296,8.0
presentedtax,51009,10.0
Karrow121,52034,9.0
Franelas,34604,6.0
itzVital,23283,7.0
CainhoDoHype,10029,5.0
-Dakki-,13601,8.0
CaffeinatedRoman,11757,6.0
Tiet1,39195,5.0
pouckis,37999,4.0
armanyan,37430,8.0
MoonXenite,18661,10.0
iss14,46352,8.0
MonkeyDTeti,5391,1.0
ismichi,29067,9.0
TiffyIffy,5341,6.0
pretomdas,44069,8.0
priyanshisenpai,40834,9.0
iveseenstuff,15895,6.0
arma2021,34443,7.0
Tighs,11577,9.0
-Francis-,5252,7.0
-Chilly,4181,8.0
itsuka007,12049,7.0
-Dakki-,40750,1.0
Kato_han,759,9.0
Kashtanator,53640,8.0
itsGoLdY,48736,7.0
-Ellisson-,14813,10.0
Forgotten6772,45576,8.0
Ritsuchaaan,32664,6.0
CakesGalore_,2904,7.0
Rithic,29786,7.0
ashpelo,28223,5.0
France53,37103,10.0
FoolyCooly01,344,6.0
power_of_morgana,28223,7.0
Ro-Senpai,19815,9.0
RitaGandra,36266,7.0
-Angy-,237,10.0
przemek123,52092,7.0
-GabiZ-,38145,6.0
CaioOkada,35838,7.0
itszak,40595,5.0
Monctr,53770,8.0
pothekin,55701,7.0
KatenoXD,14513,10.0
ThunderGW,17747,9.0
MooZombie,39382,6.0
Tiakka,48895,9.0
FouxHashi,4726,8.0
itchika,22865,5.0
Kasusu,39292,9.0
Monteschizo,3782,8.0
Riri-_-,22839,8.0
its_me_lmao,37055,9.0
Ristelle,33486,10.0
itachi_re,31519,6.0
Rizor,8516,7.0
TiasheRaggs,28621,6.0
Foulek,9656,10.0
ashuran9007,29998,6.0
Monolorg,36793,5.0
ppelsa1432,35076,7.0
iskariotes,11705,5.0
itsmemario55,28297,5.0
Thooka,37510,10.0
Thus0,6213,8.0
MonkiDonki,31181,8.0
RitsuOkumura,334,8.0
artehene,3092,7.0
asia540,28625,6.0
Cactus01,40679,7.0
itskrrahul,50172,9.0
Montycc,58567,7.0
CactusCalamity,30831,10.0
artechee,44511,8.0
MonkeyOtaku07,19685,7.0
-Hotaru_,33926,3.0
-Cobre-,40852,3.0
Tiger19,40608,6.0
asdfgoat,40453,10.0
TiagoGomes,39940,5.0
prodcyberia,28121,7.0
ixaa,40028,10.0
Katsudon96,32962,8.0
Monijij,15809,4.0
asd-,22199,10.0
Rishabh069,9379,8.0
FoolyCooly01,37520,8.0
arkham-bat,20021,4.0
KasukeLp,48449,9.0
pritamrulz,40221,7.0
Kat0Megumi,38145,9.0
Monctr,50392,8.0
Foolyou,14513,8.0
procq,245,9.0
Rishabh069,31812,8.0
Monkiesto,40269,9.0
MoonSpider,58288,6.0
KatShortwick,20431,9.0
Thotank,34542,8.0
-Des-,32995,6.0
ThomasGremory,40004,8.0
-Artix,4280,10.0
ForgottenDays_13,34577,6.0
iwazunan,2904,10.0
-HeXy-,19685,6.0
Foozy,10589,8.0
prodmingi,25781,10.0
-Mahesvara,18115,9.0
ito044,30503,8.0
Karphyel,40542,8.0
Katakiki,31933,9.0
princedizzytoon,31737,5.0
Katana7_,43523,9.0
Caius,306,7.0
Fr1d4y_94,24991,6.0
Monstergamer265,39030,8.0
ars2,32801,7.0
KasperSwag1001,37579,5.0
KarlKafka,40591,9.0
-Juanjo,55866,6.0
iwatch2muchanime,857,5.0
Frainne,49612,4.0
Rittsuu,31098,8.0
Thriftygamer,32281,10.0
itsAvato,8074,7.0
ForeverGolden,38186,10.0
prabhakar1717,34636,9.0
KatExist,49114,7.0
Kastynux,40456,7.0
italktowomen,32587,2.0
Forgodzake,33489,7.0
ThySable,7088,7.0
Rizzadd10,14227,5.0
Tiger19,39960,6.0
-Cake-,22043,7.0
asahiruyoru,48849,10.0
ismokesoysauce,35459,7.0
asahi_49,4898,4.0
Franguinho,15699,7.0
Karinyia,28497,7.0
ars2,11111,10.0
proximo,32833,8.0
Katsunii,40028,10.0
Ritu47,11979,8.0
KatenoXD,37210,6.0
Caio_Cunha,16868,5.0
Risu-chan14,2001,9.0
MonkeeDan,15315,6.0
Moon_Sham,57891,4.0
Franguinho,38249,9.0
israelingostosin,41389,7.0
Monkey_D_Litty,20583,9.0
MonoHatari,48997,7.0
MononokeYol,32281,8.0
itsEpi,18679,9.0
Ristophicz,41392,5.0
Kashi99,121,8.0
Rnaka,49236,9.0
Kasunia,20583,10.0
itskindacl0udy,48583,10.0
Ripjaw999,17074,8.0
KasuuKun,1689,10.0
Monkey_D_Alif_21,49160,7.0
Calarin,59145,8.0
arizkykun,33181,7.0
-Mahesvara,37675,5.0
CainhoDoHype,37141,5.0
MoooooooooMilk,2251,10.0
RipVanKiller,38483,8.0
CTcommander,45576,7.0
pris_sucks,54898,8.0
Katadziina-chan,23283,7.0
KarstNoPrime,49114,9.0
ForflayyO,585,7.0
Thorsson,9253,9.0
ThunderStr1kes,504,8.0
Karpman,161,5.0
Kasusu,1,8.0
Ritsu-Kawaii,36515,3.0
arnavra3,38826,8.0
CaiqueMTO,32542,5.0
CaitNAnt,1535,9.0
-Kitsuneko-,31608,7.0
ash101939,38000,9.0
TiaanM777,15583,7.0
Kartein,37221,8.0
Ripped_99,57502,5.0
KatOtaku,38620,4.0
itsslurpee,32681,7.0
KatenoXD,37105,10.0
Threnzy,10495,9.0
Rior_Archnemias,114,10.0
-Heika,28927,9.0
RiveTTo,51215,6.0
Thrasher96,19815,8.0
ix-seven,15487,9.0
-ANIMEXHUNTER,37450,9.0
CabralKDC,55742,7.0
Katsuna,11977,10.0
isokeatiba,28623,5.0
-Emg4-,34933,7.0
CLADDAN,19647,8.0
itsNebura,38408,8.0
-Kakera-,40930,6.0
Tiag0,2904,5.0
--kitade--,53439,7.0
Tiblaster,38524,9.0
-Aya_Chan-,44069,7.0
artbbertucci,59145,8.0
-00,40028,7.0
-Cresent-,11703,5.0
pr0dukt,2899,8.0
Monstruox23,34542,10.0
Fox5135,39535,9.0
Ritsuchaaan,462,10.0
powerOfNeo107,41930,7.0
ashpelo,34240,8.0
Kashtanator,10298,6.0
CRLUFFY,31765,7.0
istfg,36885,7.0
-Kotoha-,28701,9.0
artanblacknight,11553,5.0
CLAR-A,28149,8.0
arppit,57892,5.0
Kato23,10209,10.0
CaNNaBizZ,4793,6.0
Rivallu,39701,7.0
Caerulcifer,50404,6.0
Monzue,51305,5.0
Cadmium,28725,7.0
-Des-,37109,8.0
-Endir-,29803,8.0
ashuweeb,1887,9.0
Frank-Senpai_89,12549,8.0
Thrifted,15689,7.0
ashe-,457,9.0
ivivapi,40938,10.0
CNeto,51461,7.0
Forskin,33352,9.0
Foreignex,6213,8.0
TiagoCosta,36927,6.0
MoonLuhAna,56179,7.0
KashKetchum,25781,6.0
armadillo7zO,50265,7.0
CMFish,42203,6.0
Karmainstantanel,22043,7.0
itsmemario55,22777,6.0
Monsmania,15417,8.0
ThunderKnight125,51179,8.0
Rizk,249,8.0
Foxmester38,40010,8.0
CabMister,14719,9.0
-Alexandre,30243,1.0
Monkey_D_Alif_21,53263,5.0
MonsterGH,5365,6.0
princessLINDAA,5690,7.0
-Kaizen-,51019,8.0
Fraisier,24415,8.0
priz98k,14685,6.0
artheart634,11741,8.0
artehene,11013,9.0
isshh,49784,6.0
-Gokuu,14837,9.0
arunwadhwasocial,4477,9.0
Tiamat26,32729,6.0
Ripmav85,59730,7.0
Forrest-_-tt,20847,8.0
MonsterLiebert,1565,5.0
Monix-sama,16005,7.0
itsDeruta,15117,8.0
-Elliott-,10087,8.0
Kasinao,34577,2.0
isyasad,357,2.0
Monkey_D_Alif_21,169,5.0
KatOtaku,44200,10.0
TigerBasilisk41,38329,8.0
CTcommander,53888,8.0
arvo-san,1519,10.0
-Dodo,37259,5.0
ashgulp,54633,10.0
RiyalDiamond,35760,9.0
ixargon,44511,7.0
KatKiller111,25013,10.0
ivirue,1818,7.0
-Mangekyu0-,5962,8.0
ThySe77,35507,5.0
Foyxal,11491,6.0
ThyKonvict,38101,9.0
Franguinho,44511,8.0
Fonzworth,21327,10.0
Karlo_Molnar,39195,8.0
Katon967,40540,9.0
prakhar27803,36474,9.0
Fracrock,9253,9.0
RiverboatRam,44931,7.0
-Australis-,41353,7.0
Folster,8074,8.0
CXLIV,23273,9.0
procrastinater,36475,6.0
poyogoda,10378,7.0
as1186052,59192,10.0
KaseSenpai,226,8.0
Monzue,1121,6.0
Fonurb,40729,5.0
Cabraboiga,31859,8.0
asatsuki_pyong7,14131,9.0
---Mirai---,44511,9.0
Tibet381,15437,7.0
MonsterTNT,35073,8.0
Fr0nzy,32360,7.0
-Atsuhi-,5258,8.0
Monkey_D_Alif_21,23317,7.0
arkilag,813,8.0
pransue,41025,9.0
psychowera,53262,6.0
artsysasaki,149,7.0
pri_arts_,52352,9.0
Rizqy_FA,50594,9.0
COSLIAS,40028,9.0
Katsura_Eikichi,30346,8.0
Forever--Young,54595,10.0
Ritsuchaaan,20919,5.0
Forgotten_Again,1535,10.0
Foodening,48896,7.0
CaiII0u,39570,8.0
Monix-sama,4497,7.0
Tiagooow,44203,7.0
MonkWu,49709,9.0
Moonyboi,10863,9.0
-Ijumi-,40483,5.0
iwatch2muchanime,1261,7.0
prohibitedeyes,52367,7.0
Tiago_Vaz_007,50631,10.0
-Cresent-,13405,1.0
CMacAkira7,56690,8.0
Kataleyita,437,10.0
Fradischen,4975,5.0
psychowera,53300,5.0
artursilvano,42249,6.0
Tigereye76,35507,8.0
KatsuKaizo,245,8.0
asaf,3901,5.0
arwen7stars,6746,9.0
Tigeren,35044,7.0
itzl,135,8.0
TikTikPL,46095,9.0
Foundec,11933,7.0
Fosforoo,33049,8.0
ittybittytitty,1887,9.0
Franguinho,10620,10.0
prozyne,5114,9.0
Risuyo,8675,9.0
CLModerno,30503,7.0
Caju0,34497,10.0
artist-retired,228,7.0
Risswelt,52046,6.0
COLD_JAUM,906,5.0
MonstruoH23,30243,10.0
Rishabh1987,18001,8.0
itazuko,8246,7.0
ThunderRed99,46471,6.0
--Dream3r--,32937,9.0
Monoriu,40453,2.0
istrie,40595,8.0
projectfear22,30806,10.0
ashesrain,38777,10.0
Franco1993,54839,10.0
CRLUFFY,16782,6.0
CTyphoon,28121,8.0
itsmarx_man,6033,8.0
Katsura_Joestar,36511,5.0
CalamityOfWar,32281,10.0
FoxEyes,11685,6.0
Moonlit_Ember,1210,7.0
Money_82d,3727,8.0
KartProwler,60449,8.0
ivy_of_elusia,11741,9.0
Kariyu7,250,7.0
Fracazo,264,9.0
FranGS,40708,5.0
Rna87,31240,7.0
Thwoops,34240,10.0
ithaswhatitisnt,1121,5.0
RisingAceTraine,39988,6.0
pskgod2000,37994,8.0
Foy,32901,6.0
Risha_Haruki,49470,7.0
Karo12w,60293,7.0
arsonal,10604,7.0
KassaneRendal,33372,7.0
asdy,30015,6.0
Calc_,9617,8.0
princedizzytoon,13759,9.0
Tibbe_NL,1689,8.0
CShadeZ,40935,8.0
Forthelawlz,20899,8.0
Foms,48488,9.0
MoonEresh,39940,7.0
-Kazu,8841,8.0
Thund3r789,42203,9.0
Kartik_1212,49930,7.0
pspROCK,8630,8.0
RoKuRotAz,36604,8.0
potatosalad1,55866,5.0
Rinzler145,53912,9.0
RivetingWeeb,43609,7.0
Karphyel,905,5.0
RiveTTo,48680,6.0
Katsuki_Rayu,27787,8.0
Monoriu,1089,10.0
asaderu,24703,6.0
Ripper_30,905,9.0
Tiffanys,35073,9.0
ThomasBull,51179,8.0
artikfoxa,57184,5.0
Moonphantom,31478,9.0
MontyLearoy,877,6.0
Karl_von_Bahnhof,199,9.0
Rirukiddo,44200,8.0
psavage,48849,8.0
powerOfNeo107,30903,6.0
Riot,28677,8.0
-Hakuyu-,9989,9.0
asianbearshow,4196,10.0
MonkeyDSean04,39565,9.0
-HUNTER-,38181,1.0
--Secretoben--,38145,8.0
ashmotrex,54744,7.0
Moonshiro,40591,8.0
princesjelyfish,1675,5.0
TiagoCosta,52229,7.0
Formutor,39196,10.0
Formutor,24703,8.0
armageddon666,2602,10.0
itminly,1575,8.0
iusededmemes,55749,9.0
ashuulinksu,35760,9.0
Tiago_Reis93,11697,8.0
Moneypencil,235,9.0
provat_haque,31368,7.0
Ti0_z3r0,39518,8.0
CaitKnight,54112,9.0
Thwoops,513,7.0
itz-_-alip,50608,6.0
Rizor,34321,8.0
Fractured-Image,1109,4.0
prichilla,1239,8.0
Monkey_D_Mrowek,48569,8.0
-Luffy_,37430,6.0
KaspitoN,37999,9.0
asi_dc,30015,8.0
-Droid-,24765,9.0
CagalloPerSequia,38002,8.0
itacha4ever,37449,9.0
asetrisk2,5667,2.0
itstheresa,25681,7.0
Thund3r789,42072,6.0
MonstroDoOlhoSo,33352,6.0
KatjieKat,28789,7.0
isxzraz_2002,28405,8.0
CMDRWaffles,20583,8.0
MonsterZero11,42963,7.0
Kashi_Otaku,58822,7.0
potatoguy77,37349,7.0
-Dice-,6862,7.0
-Anokata,2797,8.0
MonarqueCeleste,9969,9.0
Moonyp,9919,6.0
Karkitty4,23987,6.0
princefaking,11887,6.0
iwubanime,50425,9.0
iwatch2muchanime,2961,5.0
iwubanime,34403,7.0
-Khaphs-,53,7.0
princenublet,37985,7.0
-Kushii-,56662,1.0
Ripo,4156,7.0
Moon013,11759,9.0
Katsunii,48561,9.0
MooXa3003,63,5.0
arrozeoce,53434,7.0
pranta20141,6675,9.0
RiverboatRam,52193,8.0
artubis,27899,7.0
ThunderRed99,23385,8.0
prismheart,11033,7.0
CakraFritz,205,10.0
asaba_yorune,30795,6.0
psycronos,51367,10.0
Tiakka,34104,7.0
-Emiya-,58224,1.0
Fraiiz-Wanderer,1569,8.0
Tien07,28999,4.0
KatieFrank,48417,6.0
Fractyon,27821,8.0
TiagoSeca,30503,9.0
CXLIV,10087,9.0
procq,22135,9.0
Thombelcar,46095,8.0
Thrillerek,1535,10.0
iwatch2muchanime,123,7.0
ForgedLives,9969,9.0
Risswelt,55071,7.0
MoonRoses,16782,6.0
arskidd,56784,8.0
artas152,49316,5.0
RippleLover,40908,7.0
iuuki,223,8.0
-Chiklet-,55997,8.0
Kasuga_Arata48,7268,8.0
its_jordan,3713,9.0
Caju0,30056,7.0
ashutosh_vatsa,16742,7.0
-Chilly,37991,8.0
itskrrahul,55996,8.0
Katowiice,47257,7.0
Karpman,193,2.0
TikoMia,53128,6.0
KarnaKua,18153,8.0
KashKetchum,21881,5.0
ThrowStone,36516,1.0
asa50x,15335,6.0
Foxygamerx05,35790,9.0
CachGarb,40936,8.0
Monkey648,57334,10.0
princefaking,49114,10.0
ForkEatingGoblin,34104,4.0
ThunderS1,33047,6.0
-DreamerQ,11827,9.0
Kasuri,32937,8.0
pranavcognito,58567,8.0
Foxmester38,37105,9.0
-Desu-,6347,10.0
TiagoRn28,25781,8.0
ivvas,37965,8.0
CNoone,256,9.0
Thunsgp,50796,9.0
potatofan123,53407,9.0
iwatchbadanime,57334,7.0
Thonkerton,28851,10.0
Montoshi,6201,3.0
Monofly,55682,2.0
KaterineR,61625,9.0
Katanadude,898,5.0
-Absynthe-,40059,10.0
Katsuki_Rayu,1120,5.0
ashwinvsudeesh,46569,8.0
MontyLearoy,35788,8.0
Football1650,101,8.0
MoonFangs,28677,9.0
RiverboatRam,37441,5.0
Katiica4869,40128,8.0
Montyjn,42940,7.0
itzzrayy,28891,8.0
Katsuna,52588,9.0
itachi_re,41306,6.0
primevalsoup,3457,6.0
Ritsuchaaan,27991,9.0
Kasuga_Arata48,10582,8.0
Tibberr,36456,7.0
Rivitan,120,8.0
Katharsis_draco,28927,6.0
arona_0101,37446,5.0
Fr0nzy,39523,7.0
Rixat,38663,7.0
MoneyMoon,52446,7.0
RioTey2004,22297,7.0
potatostuff,55842,7.0
itsParth,49926,9.0
arm4gedon2112,27899,8.0
powersonic19,18679,8.0
Katenou,45055,7.0
-Arifin,33731,7.0
-ASURI-,16762,6.0
RoDem,36726,7.0
MoonBlade44,18897,8.0
TiagoGomes,38084,4.0
-Kurume-,5681,8.0
Ritsumi_,35849,3.0
-LilBabuSpectre-,12293,7.0
FragileGlass,1364,8.0
Francisco_Avila,14189,7.0
-FacetiousGuy-,5074,9.0
prodigy1807,48736,10.0
Karma___,39783,6.0
RisaYuyuki,34914,9.0
islandultra,21,10.0
Kasdar,32282,9.0
Football1650,28999,8.0
River_IX,41025,8.0
MonitoLol,57625,4.0
Frank-Senpai_89,32323,10.0
ixShiroKishi,13759,10.0
iskariotes,4028,7.0
israelingostosin,37521,8.0
-Lucas_Rocha-,6347,7.0
TigasMen,48414,5.0
prohibitedeyes,55749,7.0
Tiarwa,36317,7.0
Katsohiki,38826,9.0
KasumiSh,50594,10.0
-Barto-Luvr-,415,8.0
Fran_Law,12031,7.0
-HUNTER-,35851,9.0
iwasbae,51179,7.0
Fractyon,5040,9.0
-DeepWeeb-,54616,6.0
ars_andras,4067,9.0
Tibler,27787,9.0
Riq14,33487,6.0
asahiruyoru,16664,8.0
ashyvers,41710,6.0
KarlKafka,13759,7.0
CROWgaandmedega,50528,8.0
arrays,31953,6.0
KasietheMighty,47917,10.0
Moonlight_mori,1943,7.0
KasukeLp,57820,5.0
Karma,34933,7.0
prokkirin,31757,6.0
Thunder007,38186,8.0
CROWgaandmedega,16592,2.0
CLTX77,9936,7.0
-GabiZ-,61269,8.0
-Lofn-,7334,3.0
Cable52,52093,7.0
ThomasMcK,52588,5.0
Fouton,30355,7.0
FourthKind,1210,7.0
artas152,23277,8.0
Rizzles,16211,6.0
Tichoslapek,49979,6.0
RioRiru,39247,10.0
-Akio-shin-,37430,7.0
itsmiaover,39175,9.0
Kartoferu_,33988,7.0
MooMooWeeABoo,40595,9.0
ashyvers,52034,9.0
Kathaa,9793,5.0
itoshi_kare,40591,8.0
ivangeek_999,42203,10.0
Katachan10,16023,7.0
TiagoRn28,41468,9.0
iwasanee,50265,7.0
Kashiv_97,48926,7.0
FoxSin-Fen,35994,6.0
-11,11577,8.0
Thovalo,47778,9.0
MonstarFN,32615,8.0
CZ2128CZ,17729,8.0
Kat091,38733,7.0
iverdawg,32083,5.0
CPTyami,33352,10.0
arz101,36946,10.0
Risukasa,31283,2.0
Rlan98,56845,10.0
asa50x,6033,7.0
Monstruox23,34383,8.0
CSL06,36633,7.0
pranavcognito,59160,6.0
FranML,31043,8.0
Katadziina-chan,863,8.0
-Ian-101,33486,8.0
FrankUFO,2001,10.0
-ASURI-,40750,6.0
Karrzzzzzz,42668,7.0
aromanga,2890,8.0
pryzak,50695,7.0
FourSeasonSage,23433,6.0
Kashi_Otaku,49877,9.0
isshh,19429,7.0
arkilag,52736,8.0
Mondaleaf,1489,6.0
-Ginko,4654,7.0
CaNNaBizZ,20021,7.0
Caio_Chat,30654,7.0
Monusha,22199,6.0
aronh15,28617,8.0
arnovego,39988,4.0
Karuchi,39710,7.0
iwan021,2904,10.0
Ritam_1,41402,8.0
princesahu1567,47790,7.0
-ARMIN-,43299,7.0
MontSkul,732,7.0
Fonsy,24415,9.0
Riselv,32152,6.0
iuririn,1254,8.0
Forionsy,32937,9.0
ForRealZach,60531,7.0
arthskuro,37965,9.0
ars2,2178,9.0
Monel24,13055,7.0
Ritakuma,35062,7.0
Rizor,15315,7.0
TigerInSpace,457,9.0
Thruddingsfly,31859,9.0
armageddon666,31933,10.0
itzmarlon1,18153,7.0
power_of_morgana,34561,7.0
CSPDreawNL,821,5.0
Monix-sama,35843,7.0
Rivolva,50265,7.0
COOLGUYxmz,28999,7.0
proximacanal,16782,9.0
-Heika,31553,7.0
Rivido,38671,9.0
ForflayyO,52093,7.0
ivtox,10851,6.0
-Kiraide-,227,8.0
Rinxx,37450,10.0
ashinkei,34675,8.0
arne0,39388,5.0
Kashifam,35790,5.0
CainhoDoHype,53129,8.0
Tigeren,15489,6.0
-Aether-,35540,7.0
TicolinoTicolas,32282,7.0
RisaYuyuki,37675,8.0
art050612,22319,5.0
primevalsoup,10030,6.0
-Aeriel-,7711,9.0
Monzue,22859,5.0
Thourivel,512,6.0
-Chiklet-,3470,10.0
MoonXenite,849,8.0
FrancoZGZ,51096,8.0
Rizz97,32681,7.0
--Dark-san,11617,10.0
Thonsucre,37105,9.0
-Bob-,38040,8.0
Monkey_D_Raghul,59095,9.0
Moooldaccount,2924,5.0
MonsieurPapillon,412,8.0
KatarinaFi,24151,10.0
Karinyia,10152,7.0
Fosforoo,42897,6.0
asheccen,40080,6.0
itsDespera,356,4.0
arth2809,40206,9.0
Throni,673,7.0
Fouadbenameur,3002,7.0
arkein,32867,8.0
KasukeLp,15227,10.0
ash_alex,35507,9.0
TiagoLuiz,39523,6.0
Fortescue,23289,6.0
Ca1ebw,52305,4.0
Thyda,58059,8.0
ashobashoo,37521,9.0
Foxterix,32998,8.0
psychoalchemist,31636,5.0
-Haseo-,202,7.0
-Blackicon,585,9.0
Fractured-Image,32268,5.0
arne0,35639,5.0
Risteeen,6548,7.0
Forrest-_-tt,58272,1.0
Katadon,36885,9.0
Threnzy,32542,8.0
Foolyou,8937,8.0
probjodye,51009,10.0
Monsheri,57181,7.0
princessleddit,36862,5.0
ThomasMeta,199,9.0
ForgottenClosed,8630,10.0
ThrowStone,5114,8.0
Ripped_99,40356,6.0
potatoqueen__,10271,10.0
itisme28,46569,7.0
Fosh_W,49926,10.0
Caio009,59689,7.0
Thoughts3rased,36286,9.0
CNGeorge,37210,8.0
Rivaliti,32281,10.0
Riskelfish,52093,8.0
ashmayo,22789,10.0
Katsureki,12445,9.0
-Lasthope4-,40540,9.0
-Kaizen-,37675,8.0
Tiago_Alex,41623,3.0
----shia,36043,6.0
Katrix,36286,6.0
its_idl,4898,8.0
poyogoda,8841,6.0
FoolyCooly01,31757,8.0
RoX__,48316,8.0
Kassachino,11433,10.0
Monochrosanity,17265,6.0
-Lara,9989,4.0
iunne,38680,2.0
its_bunny_1536,16678,8.0
Monzue,36999,10.0
RioFutabaAztec2,12467,10.0
power_shile,779,9.0
itzreinier,5958,5.0
Monkkz,2993,8.0
arne0,31091,5.0
Tiayeone,228,7.0
KasumiN1x,59361,7.0
ashgan,11577,7.0
CKRpl,16762,3.0
Monse_,10271,10.0
itikitty,21241,7.0
Thunderbreak11,33051,9.0
CLModerno,33003,4.0
RitoDeviluke,8841,6.0
its_bunny_1536,1074,7.0
Ca7,35629,6.0
KatShortwick,26165,3.0
ThomasioDeWeeb,31592,7.0
pronoy_02,40221,10.0
TiaraKazuya,60593,9.0
pslehaps,6702,7.0
----Blank----,28927,7.0
artonelico69,1179,7.0
KasrkinSaser,34280,8.0
Risqifauzan,51213,7.0
Ritokuro,41762,7.0
CaitaXD,9756,9.0
pozadoza,57334,6.0
itsivy,43692,8.0
issei98141,26349,7.0
ivdos,4059,8.0
psycodrumfreak,56671,7.0
ashmotrex,55791,8.0
-FaintSmile-,36896,7.0
itchydango,51009,9.0
Monix_,51837,8.0
ForeverGolden,34618,9.0
asdfnyan,20021,10.0
Caerulcifer,48316,8.0
-Dislike-,7338,8.0
itsmemario55,23755,8.0
Tibo_Bones,22729,5.0
Rintohs,30485,8.0
Francie,28171,8.0
itsKJlol,52031,7.0
ivioon,41457,10.0
CachGarb,10418,3.0
prettysenpai,6675,10.0
TidierBubble,30654,7.0
Rishabh1987,241,8.0
TiagoLuiz,34795,6.0
-El-,2156,5.0
C_mikhail,2955,5.0
itoshi_kare,53421,5.0
CaitBread,28851,8.0
C_mikhail,30891,7.0
MontyLearoy,32995,7.0
ForflayyO,38480,8.0
Francesco_Bossio,21339,9.0
-Desu-,6682,8.0
ForflayyO,40262,8.0
asiangodz69,2926,5.0
MonkeyFist134,22043,8.0
Kasuga_Arata48,668,4.0
ForestGuardian7,7791,9.0
Katsike,2164,6.0
powerOfNeo107,40028,8.0
CaSV,41084,9.0
Katelynlist,40052,6.0
Fougu3,39463,9.0
CRISTALESCUITE,23225,8.0
ashuweeb,33071,8.0
Fooje,25835,9.0
arthuroom,13601,8.0
italo_komi-san,16498,10.0
ThomeofReality,31772,6.0
Throwawaybathtow,1453,3.0
-Frazzle,26243,5.0
CYBEREMPEROR,47194,10.0
priz98k,39392,7.0
FrancoZGZ,15687,8.0
-Cody-,10418,9.0
Monsheri,56352,8.0
-Danmaku-,51837,4.0
Thunder1227,37991,7.0
FoolyCooly01,28891,8.0
its_beako,22145,8.0
Rior_Archnemias,18001,10.0
CaFeSuaDaddy,27899,9.0
Karumont,7054,9.0
Moony-Denriatys,28297,10.0
Foms,32370,9.0
TigasMen,10110,5.0
CabralKDC,28927,7.0
Cactuuus,37435,10.0
Rising_Tempest,30485,6.0
Riquetrom,8795,5.0
arrrrsh,28701,8.0
Montycc,52308,6.0
itaii,19815,7.0
prettykawa_bby,10408,7.0
artijin,170,10.0
princessleddit,1550,5.0
Rinxx,34019,7.0
-BL0SS0M-,565,7.0
MonkeyDMick,9919,5.0
Rior_Archnemias,34006,10.0
Karo_cchi,33950,7.0
Thorfinn_0001,19,10.0
Foukalt,38659,8.0
CNGeorge,54794,8.0
ashe-,6547,8.0
itsmemario55,33012,7.0
-00,58359,4.0
ixajii,32998,7.0
KasrkinSaser,23383,6.0
Calarin,15005,7.0
COMELOL,50265,8.0
psihius,54794,9.0
Frank_00,41084,10.0
-Aya_Chan-,41094,5.0
ThyroidBeanstalk,33486,8.0
ashuran9007,15437,7.0
asdfignacio,9989,8.0
pruto1233,31240,7.0
itsanimel,55318,9.0
-Ian-101,37403,8.0
Ritsuchaaan,3615,10.0
Rivaldo01863,49220,10.0
-Heartthrob,51318,8.0
Foms,4196,10.0
Monzue,442,7.0
CaPtAiNiCeCoLd,11981,9.0
Rndmguypassingby,4596,5.0
Calaglinn,28701,8.0
Tiippy,49596,10.0
RnJ,23199,8.0
KatieFrank,16904,8.0
-FacetiousGuy-,11597,7.0
Monstrule,17549,7.0
RnRoger,52299,7.0
prettysoon,39783,8.0
ForkzAreEvil,7769,6.0
prince9971,20,9.0
Francis_G,32899,6.0
power_of_morgana,29067,8.0
Fraikz,464,9.0
Monsmania,33979,6.0
-Ak1ra-,38909,5.0
Kasou,21329,9.0
Kast2,47160,7.0
itsMErcy,49926,10.0
Frakits,42351,10.0
-DanZo-,36456,10.0
CVNT,31758,9.0
Riri_33,30484,9.0
RoKuRotAz,51077,9.0
Thunderclapper69,60157,8.0
MonkeyDNic,23233,4.0
iskariotes,1681,6.0
itachi-i,38349,8.0
Kashimo_,1735,7.0
asahinamafuyu,36649,8.0
iuliuscezar,55701,9.0
-Gryphus-,8861,2.0
CYCLONE8X,30458,7.0
Monix-sama,1562,8.0
Monsoozi,46352,10.0
Tibbers001,31765,6.0
MonsterZero11,874,7.0
ThymeSeyU,51781,6.0
CKRpl,14719,7.0
armandomora,51105,9.0
TiannaUchiha,47778,10.0
Katana7_,4155,7.0
-Chilly,34612,7.0
Caio_Oliveira,19315,1.0
TigerOtome19,12059,6.0
powersonic19,9587,8.0
professor_otaku,30901,7.0
RiverRoest,39555,7.0
Forgodzake,31933,7.0
TienLachowski,34383,2.0
princessleddit,39495,4.0
Monstruox23,35247,10.0
powersonic19,37141,8.0
RivalS,32949,8.0
MonarqueCeleste,35788,7.0
RiskyPT,12365,9.0
Rion_666,9756,8.0
Fonzin,20517,8.0
itsayansh,51403,9.0
iwatch2muchanime,6951,5.0
Riri_33,25519,10.0
TiagoCosta,38992,6.0
Katanawe,40776,9.0
Monkey-D-Andrei,39940,10.0
pspROCK,23321,8.0
FoxEyes,13599,7.0
arya002,25777,8.0
ashketch95,40392,8.0
preet248,12531,8.0
Riten,33337,8.0
princemalikxp,48415,7.0
CQLLIST,40571,4.0
Kasuga_Arata48,25015,6.0
ixShiroKishi,37976,7.0
Katadziina-chan,9656,10.0
ashdoggo,36286,6.0
prettybot,268,9.0
Cachoera,43,7.0
Katiica4869,9926,9.0
Francian124,16498,9.0
Franciscan_Duck,42203,9.0
Monitor_LCD,27387,7.0
-Luhui,16,7.0
privatemike,38414,7.0
MonkeMuncher,50594,7.0
KasperSwag1001,30276,9.0
Cachoera,36999,7.0
Fraiiz-Wanderer,4186,8.0
princenublet,52619,6.0
ThunderbroAnime,11385,8.0
RiokiRobson,32093,9.0
pp813,33668,8.0
artonelico69,8042,7.0
RlDennis,41710,8.0
asiad,23755,8.0
its_me_lmao,22147,7.0
RizanEx_yc,36456,8.0
artemawpn,26349,6.0
Forskin,33674,8.0
Tiayeone,11013,7.0
itachi_re,54860,7.0
Rlylex,51552,5.0
ixShiroKishi,18247,9.0
-Hotaru_,365,5.0
Rinzler145,60603,9.0
Forever,2923,7.0
-DeepThroat-,857,5.0
KasteR_,37799,9.0
Ritorn,30346,8.0
CR7SPY,1816,7.0
KatorixKorgiz,56425,4.0
CMFish,42361,6.0
MoodMojo,37341,9.0
Cakyoin,9919,8.0
ThyToastedBread,46420,9.0
itachisama313,18153,10.0
Fondofwisdom,48553,8.0
--kitade--,13469,7.0
poundest,40852,10.0
-Eien-,23441,6.0
Tibet381,10659,6.0
Monta93,23755,10.0
-Aiko-,2476,3.0
Franguinho,38814,5.0
-Crown-,16355,9.0
Francisco_Lemos,1536,8.0
its_meunlanky,18139,6.0
powerofemo,5204,8.0
arpia97,19815,8.0
isjmmy,11103,6.0
arquitrabe,226,7.0
Rittsuu,7088,7.0
-Lobo-,40595,6.0
issiehyoudou,24439,7.0
-KraftLawrence-,37320,1.0
-Inuki,1887,7.0
-GabiZ-,550,5.0
iuzumi,52173,7.0
arunbainz,5342,5.0
-Juanjo,4872,7.0
CXRBXRUS,24873,6.0
ThunderPrakshan,32542,10.0
RiveTTo,34019,8.0
poziomek,30503,9.0
itsDeruta,35849,5.0
powercell,14027,5.0
RoXas_MMIV,51092,7.0
-Ginko,5300,10.0
itsdankyo,44203,8.0
Katanawe,49052,10.0
Rlan98,10800,10.0
isshoniikitai,121,5.0
MoonAegyo,49930,7.0
asdasdasd111,38329,10.0
asdasjdsa,1535,9.0
itssofiahah,35994,9.0
Fr3shQ,9756,5.0
prakhar27803,36511,7.0
itskiaraaa,30,6.0
itikitty,41744,5.0
Karniale,12477,10.0
itsmemario55,37435,6.0
CKTalon1,1535,9.0
Cale5542,59935,6.0
Ritsuchaaan,121,10.0
CaldeCrack,39597,9.0
pseudaesthesia,34134,5.0
Rirukiddo,52830,1.0
-Aliee,40357,8.0
its_tussi,1575,10.0
-Itachi_Uchiha,25777,7.0
MoooooooooMilk,2596,8.0
Karma1100,16498,9.0
itsMidorin,513,10.0
FoolishTaoist,36699,8.0
asdfe12,28223,10.0
Kasuga_Arata48,21751,8.0
islaxd,10218,9.0
itsravenkwe,282,6.0
Monokuma39,40496,7.0
itsdreo,35997,5.0
RiveTTo,61167,7.0
Tiago_Soares,670,5.0
primagi,2804,6.0
KatNZ,13599,9.0
prism__,57181,10.0
Moonxch1ld,51533,8.0
itchika,32282,8.0
RiscoEdits,30694,6.0
-Kirito,13247,10.0
Rixiia,6547,7.0
preet248,27989,7.0
Fr1d4y_94,49989,1.0
Moonbee_0,32995,10.0
ituhata,11433,7.0
CLAW_Animelife,11553,9.0
TiagoSeca,35507,9.0
asetrisk2,41590,5.0
itikitty,52372,5.0
Rizqy_FA,185,9.0
Monkey_D_Alif_21,52093,7.0
-KAL,36456,8.0
poziomek,44516,7.0
artemisthemp,34599,9.0
ashafiction,48736,8.0
-Dusk,32282,8.0
ThrowStone,48549,7.0
its_jordan,1594,10.0
artemisthemp,860,8.0
itsuka007,32648,9.0
Cajosh24,36862,8.0
Katsuna,33253,9.0
-Chronos-,27787,8.0
arnina,23279,5.0
Caim_Sama,23847,9.0
Foreignex,50265,9.0
Monero-Chan,32979,7.0
Rionka,32268,9.0
MoneyMoon,199,10.0
----shia,38735,6.0
asdfSchnitzel,34580,6.0
ashraya657,48561,9.0
Moonl1tS,1840,8.0
Foolishmints,39597,6.0
COWBOY17,51180,9.0
-3002,880,7.0
-GabiZ-,8074,6.0
Monijij,57181,9.0
asagimin,14175,7.0
primagi,55779,8.0
iwrab,38000,8.0
Thunderking3,246,7.0
CRManuel,41084,8.0
KarmaSlyr,29803,9.0
project005,2476,8.0
-Aria-,28285,5.0
ThunderBlade5053,54362,7.0
priyankakarki,37984,7.0
pskgod2000,52299,10.0
CPiva,32887,7.0
princemahdi8,3479,7.0
CRIMSONXFROSTX,27631,6.0
princedizzytoon,53770,7.0
Fooje,21405,10.0
itz_Aditya28,43969,8.0
KathWolfie,243,7.0
MonsterZero11,31404,7.0
FoxTheStripper,437,8.0
-Cheesecake-,33486,9.0
RitzCo,8841,8.0
Forbiddensimp,39705,9.0
-Dullahan,71,7.0
Ritsuchaaan,16904,10.0
CabralKDC,49891,7.0
Kassandra2396,28999,9.0
Threepybot,60449,8.0
Kasugano,9922,8.0
Kasdek,49918,7.0
-Kakera-,50599,2.0
iwazunan,20767,7.0
TidierBubble,52168,7.0
CafeManager,38397,9.0
KatsuKaraage,34012,8.0
poyoluca,37450,6.0
RiseUA,2332,7.0
Moonshine_cookie,35120,9.0
TiagoMoraes,1535,8.0
FoxSin-Fen,6707,7.0
ForestWeeb2,38472,4.0
Rirukiddo,356,8.0
itachi_re,36286,7.0
Karurosu_ncz,10106,6.0
Fozhar,2605,8.0
Ritsu-Kawaii,35608,6.0
asahi_49,50172,7.0
Monctr,5962,8.0
psi_rockin,10162,8.0
-GabiZ-,6164,6.0
-Kiraide-,31621,6.0
KaszasHUN18,38000,10.0
KarmaSlyr,53887,8.0
prot0pixel,1593,6.0
-Hotaru_,4282,9.0
MonkeyNate,35222,6.0
Karinta,801,8.0
iwatch2muchanime,1635,7.0
arshiA379,55690,10.0
Katana7_,36456,8.0
Moonmonk,1519,9.0
-Luhui,4713,8.0
Caio2000,6547,8.0
Thom_dos,53924,8.0
Karuchi,6347,3.0
-Elegy-,43,6.0
Kasugano,1260,9.0
Risteeen,2897,4.0
isrozzis,33731,6.0
MonkeyWithPipe,48,1.0
Tico56,38524,9.0
presentedtax,37210,8.0
Risuperu,36038,8.0
isjusme,28025,6.0
princesahu1567,1535,9.0
Folster,11887,9.0
ashlynww,37522,5.0
ashram007,34636,9.0
itsanimel,52635,7.0
Monkey_2077,48556,5.0
Risqifauzan,34281,7.0
Tiag0,1575,4.0
Tichoslapek,54857,10.0
CalamityGod27,15583,6.0
arizkykun,31553,7.0
Rlylex,54790,6.0
priyaaaaa,32282,8.0
Thunder007,2129,8.0
-All,33082,7.0
Kary88,32977,8.0
Ritor,1008,9.0
Franelas,813,1.0
iveseenstuff,13629,7.0
-Animewatcher-,178,9.0
iwaois,11737,5.0
RiseTheS33D,40776,7.0
MonkeDLuffy,13115,7.0
Thosetimis,6045,8.0
provec,22865,6.0
Monometheus,32981,3.0
Cacheir,52701,9.0
-Kirito,29101,10.0
pragadosinfernos,10490,2.0
istshorty,6707,5.0
iverdawg,14813,8.0
Rivallu,51818,8.0
----Haku----,35015,7.0
Rishab_Panwar,45598,8.0
Kashim2484,20903,9.0
aryaahahah,34933,9.0
Katiica4869,8310,8.0
-Aymen,11837,7.0
artkage_,37450,6.0
Rmekude,37377,7.0
Thrasher96,51252,5.0
armimi,7079,6.0
iskandarsouza,5030,6.0
prof_salt,31772,8.0
MoonXenite,90,8.0
KatouruXD,19815,8.0
-Handcrafted,42826,5.0
Cadmium,9314,3.0
Tiago_Alex,37086,3.0
Kasusu,1563,7.0
iuuki,41084,10.0
FortniteMistress,31646,9.0
Foozy,6675,7.0
Riselv,14669,5.0
primzcm,11783,6.0
CaioOkada,10165,7.0
its_beako,1519,7.0
potrey,71,10.0
psy181,57334,9.0
iwatch2muchanime,35459,6.0
Tibo_Bones,34403,4.0
ashram007,37442,8.0
-Bibs-,40456,10.0
Rinsland,1887,8.0
Ritinha_chan,25161,8.0
ForflayyO,28405,8.0
iveseenstuff,11701,7.0
RlDennis,16762,9.0
arvin_1219,25519,8.0
-Lei,33082,5.0
Monstruox23,13377,9.0
Kartigzzz,52742,10.0
Rito2Ru,17265,8.0
princefa5,56348,6.0
Katsuki,38357,7.0
-Dei-,15039,10.0
CR0MaRTi3,41899,7.0
CNeto,19367,4.0
Tigre96,40165,2.0
Throdax,4196,5.0
-Axelrod-,36456,7.0
-Hogarth-,1880,7.0
istherefood,17341,6.0
Karudima,45613,7.0
CaioOkada,2899,6.0
isjusme,516,7.0
arul19,905,7.0
KatsuKaraage,32282,7.0
arranoust,47790,7.0
-Anathema-,240,8.0
aryxnpandey,39565,7.0
ivyeyy,50265,9.0
-AC-,15583,10.0
potatoladica,31580,9.0
its_skylar12,28701,9.0
Fotsuan,528,6.0
Fosforoo,22135,8.0
RivetingWeeb,7728,6.0
poyomon99,2124,6.0
KasukeLp,34934,7.0
Calderia,32615,5.0
-Ayu,34104,3.0
arpsa,178,5.0
-Crizzy-,37521,9.0
TidierBubble,58567,9.0
ppelsa1432,38830,6.0
ThorBundesen,49458,7.0
Karphyel,38843,2.0
Fon-,5341,10.0
RioAl,40936,8.0
Monkey-D-Andrei,50307,10.0
pragm,53411,7.0
istherefood,40496,1.0
CalabreseMuzza,51009,5.0
FouteMakelaar,42940,7.0
Tidy_Name,23273,8.0
Risqifauzan,59452,9.0
Fondofwisdom,2213,7.0
profuse101,34096,7.0
Forhad-hossen-,60543,8.0
arsenyshalin,57611,7.0
-DenisaHatake-,20,10.0
Caio7DUST,35076,5.0
CaSV,1575,9.0
Karniale,22297,8.0
asaf,15037,5.0
itsdreo,37999,9.0
Monix-sama,50713,4.0
-Kurena-,15583,8.0
Forbidd,24405,8.0
Moonchild04,13601,7.0
aryapersada,35790,8.0
prefile,48760,7.0
itachi_re,740,7.0
-BL0SS0M-,2064,5.0
Thomas_Ribeiro,53865,8.0
Rivenmainlol,38481,9.0
ThomazSpoiler,22135,10.0
MonkeyDNic,2904,10.0
Francotk,17895,8.0
Cakeski,30240,7.0
-FUUJIN-,2904,9.0
-ISHTIAK-,195,7.0
KaspitoN,34572,7.0
Thuron,36162,5.0
Moonlit_Ember,37786,9.0
MonkeyDHunter,762,5.0
-KAL,22199,8.0
arne0,37755,3.0
RiveTTo,34984,7.0
itshariish,28171,7.0
arwyn-s,48583,9.0
asahi_49,1430,10.0
Kashi_Otaku,32215,7.0
Cakyoin,37141,7.0
artsysasaki,56228,7.0
itslou1sa,41168,6.0
itsallinyourmind,3901,8.0
ixiao8,13601,9.0
Risteeen,28775,8.0
-LazySenpai-,4181,10.0
Rnewton98,15379,8.0
MonkeSupremacy,2889,7.0
Karmel,60593,6.0
pr0sage,4059,7.0
Karu_Bunny,11577,9.0
programmargorp,6351,4.0
MonkiDonki,15809,8.0
prettybot,36871,6.0
prabhakar1717,58572,9.0
itstoshido,19815,9.0
asdlolxd_,13161,6.0
RiskyPT,32542,7.0
-IguanaMilk-,5630,8.0
Cainmik,38807,8.0
Katsuki,53237,7.0
--Aestuo--,257,1.0
-Amnesia,33486,7.0
Foxx_03,527,6.0
itikitty,32924,6.0
power_shile,51105,7.0
artgamer0916,49200,8.0
Ro101hit,15809,9.0
iv4oooooy,6945,10.0
Risti4040,40748,8.0
Tigerin0,37799,8.0
ForeverGolden,43299,1.0
promanias,24833,7.0
Moon_Childz,34577,6.0
CPiva,384,10.0
MonkeeDan,51369,5.0
RivalS,31181,9.0
itz_IMMORTAL16,54265,7.0
CSJH,35968,6.0
CT4,34572,7.0
itsgabriel,53889,7.0
Frank-Senpai_89,35507,9.0
-Angy-,36999,7.0
Rizz97,38329,9.0
Ritokuro,46102,8.0
Kaseen_Kachow,48583,10.0
ThomasGremory,32023,6.0
CR_Ahmed,48736,8.0
Karmainstantanel,39576,6.0
Kasuga_Arata48,19569,8.0
-Cody-,33204,9.0
itsLain777,9260,9.0
TiamaT-,15315,5.0
ittsxenia,32481,5.0
Risubb,16700,7.0
ivancho3334,37347,8.0
Cafer7,39533,9.0
-Ellisson-,33255,8.0
CKasap,31478,7.0
Riqkei,11757,6.0
ForflayyO,2043,7.0
Foodening,53730,6.0
artemisthemp,28861,8.0
-Akuro,5081,7.0
ForeverFizz8,57334,8.0
arizkykun,38778,5.0
CLEFFF,56055,10.0
-FacetiousGuy-,908,6.0
Rivaliti,1735,8.0
-Chazz,22839,6.0
Kasou,10620,6.0
-FUUJIN-,10020,7.0
Riri-_-,36699,4.0
TigerOtome19,48513,7.0
TieboRiri,42203,7.0
Monix_,40586,8.0
KasukeLp,101,8.0
Katsumeio,36028,7.0
Thrawyacnt,4224,8.0
--EYEPATCH--,2594,9.0
Risuyo,27655,10.0
Franciscan_Duck,18897,8.0
FranGS,3731,7.0
progressivespoon,2476,7.0
Katsuragi222,4725,6.0
arshasj,47778,5.0
-Lucilfer-,225,6.0
ForflayyO,2174,8.0
Rivridis,51122,10.0
Tibler,8476,8.0
iwatch2muchanime,13221,8.0
potatostuff,35790,6.0
Tiagolima1,10620,8.0
ThundBlack002,6675,7.0
TigreDoPi,38483,7.0
Foms,4189,10.0
ForgottenClosed,30485,10.0
-Des-,48542,8.0
-Jefuri-,8861,4.0
Fooliann,33352,7.0
Tieguai999,25879,9.0
-Crown-,9379,10.0
Rivalisss,1222,6.0
Forfeit-,31964,8.0
Karkato,51495,5.0
-Blacha-,5252,7.0
itsanimel,52701,9.0
itchika,1292,7.0
Monijij,51552,7.0
Ripjaw999,10080,9.0
MoonlitHalf,15729,7.0
KasaiSenpai,16417,8.0
CairoSCCP,1259,7.0
Cabubaloo,22865,5.0
MonsterLiebert,6512,6.0
-Araragi-,10079,7.0
ForeverLucky07,36317,6.0
-Arti-,10087,8.0
Thoru_UwU,2759,10.0
ivekz,10162,8.0
ThugHunter,11111,5.0
Thunder_God,7054,7.0
artdog,21273,7.0
Tiamat26,24833,7.0
-AcNo-,39535,10.0
protonblast,3927,8.0
Kasunia,16742,7.0
RisingFlames2004,42310,6.0
psavage,54794,4.0
--Mizuki--,53446,7.0
Katman666,32365,6.0
Riselv,28211,9.0
-Alicia-San-,14345,10.0
MonoUmbreon,9135,6.0
-Kushii-,14355,1.0
arunbainz,27655,7.0
Franciscan_Duck,20047,9.0
-Killua-,227,5.0
itschrono,22043,7.0
Franc7ss,59349,6.0
arunbainz,2001,8.0
Monkey_and_Panda,49889,10.0
Rippinite,37999,9.0
-Ellisson-,2904,10.0
Moonshadows,28851,10.0
Rizz_y,38408,8.0
art3mes,20767,10.0
Frandark10,28025,7.0
Francotk,40615,7.0
itsSleepySoul,22199,8.0
Kasztanowiec1337,48585,8.0
MonkeyDGabrielll,153,8.0
RithLuffy,32935,9.0
Tiblaster,58018,7.0
-Cobre-,31741,6.0
Franelas,4654,7.0
CXRBXRUS,54362,7.0
----Blank----,40056,8.0
-Dinnae-,32281,10.0
-Carnifex,28825,7.0
itzlutfi,31234,9.0
Monofly,17295,5.0
arkanpm,11843,8.0
power_shile,48,6.0
Moonalice,16732,5.0
Katenou,36511,7.0
Karokek7,12175,7.0
potbrick,18893,3.0
-Jefuri-,14345,6.0
arnavra3,47778,10.0
prollyumbra,30503,9.0
arthuregood,37430,7.0
Kashirou,22273,7.0
Kasztanowiec1337,392,8.0
Foolishweeb,4752,6.0
Karurosuuu,13659,8.0
Thrasherx13,199,10.0
Risteeen,38408,8.0
itchika,30727,7.0
asaba_yorune,36704,7.0
RisheKafka,57183,8.0
ixDako,37719,1.0
itzTenzy,15451,8.0
potatoguy77,35062,10.0
Thomas2005b,32867,8.0
KarlFellOffAnime,42963,5.0
Rippuvan,33839,5.0
Cabrisin,40834,10.0
Moonlight_Arc-V,7858,8.0
Monochrome10,12365,7.0
-Ecliptix-,47250,5.0
Folsks,60140,6.0
aryxnpandey,15059,8.0
FragileGlass,2514,7.0
Monkey3215,18897,4.0
Kasusu,4262,9.0
C_mikhail,10119,7.0
CKTalon1,41120,7.0
MooZombie,40682,7.0
MoneybagsMcGee,30276,10.0
prometeo392,58514,9.0
Kartik_1212,39966,2.0
Franguinho,38395,5.0
itschrono,15809,7.0
MontagZ,40591,9.0
Foxofdeath,41514,9.0
TiagoGomes,6500,4.0
KasumiSh,1222,6.0
Thyg,7647,8.0
promanias,38483,8.0
Katrol45,48561,9.0
RishJD,4063,8.0
---KING---,37223,6.0
prz,189,7.0
-Cyberia-,37976,6.0
-Catsidhe-,28297,8.0
-Cobre-,30,7.0
Rior_Archnemias,35135,10.0
Monzue,8140,6.0
itsThatWeeb,14749,10.0
RisingAceTraine,41467,6.0
-Ghosxuto-,28025,8.0
RiverboatRam,40206,5.0
RinsAl,468,8.0
artsysasaki,38816,7.0
Fradischen,14527,8.0
-Aria-,11981,10.0
ismichi,18229,10.0
Throwawaybathtow,11061,9.0
Rna87,38333,7.0
pozadoza,47778,8.0
itsmeaagain,14719,9.0
ixajii,44511,9.0
-ISHTIAK-,34443,9.0
ash_ika,38524,10.0
-Danmaku-,42544,3.0
RnRoger,11285,7.0
Fonzworth,48926,8.0
-HoneySenpai-,1239,8.0
-Hogarth-,302,9.0
Fomi,37779,7.0
MonkeeDan,54850,7.0
professor_otaku,24211,6.0
Monoluxuria,31378,10.0
Kasou,30300,3.0
prismajane,21073,9.0
Rising_Tempest,6702,7.0
prettyHearts,40456,3.0
Thunsgp,39489,6.0
Montizep,27775,9.0
ThrowStone,35507,2.0
primzcm,37984,7.0
CLASAIN,57181,9.0
Foraustin,33674,6.0
pruto1233,164,9.0
KatoDesu,11679,3.0
Kati-chan,33486,6.0
Tijs1710,47778,9.0
C_ryptic,50346,9.0
arrrrsh,39940,7.0
Ritsu_Kun,32981,7.0
-Kaejin-,25013,9.0
Montie,384,8.0
primzcm,20507,7.0
Karloz548,19815,8.0
RivaCry,31283,6.0
Tijolinhoo,52830,7.0
FossilFinder28,12355,9.0
arne0,6746,5.0
Fraiiz-Wanderer,189,8.0
armandomora,27775,9.0
CRLUFFY,30749,7.0
CLAE_1278,40852,6.0
-Lucas_Rocha-,34403,4.0
arkein,28891,9.0
arminamini01,2178,7.0
CSRED,59130,8.0
itszak,25537,5.0
Foslix,36563,8.0
Thor_Almighty,10080,7.0
Rixiia,28223,6.0
KatharinaDan,32937,8.0
Monsmania,22859,7.0
Kashi_Otaku,37719,7.0
armtheque,2997,7.0
Karma99,2472,7.0
Monk3yKage,5764,7.0
RoLiRu,51794,10.0
Kath_E,41694,8.0
Rithik393,52742,10.0
prince9971,19815,10.0
Fox____,54275,9.0
-Anko-,1869,10.0
prassun,8666,6.0
RizelTheBaka,46352,7.0
FraNxxx,39783,8.0
Karumont,387,8.0
Monolamfahim,37987,9.0
Rnh123,40908,5.0
prateeplus,3091,8.0
CR7SPY,27821,8.0
Riskelfish,35180,9.0
Ritupan,40776,10.0
Cachoera,12565,6.0
Ritokuro,9919,7.0
Monsterkill249,23755,9.0
Franguinho,54857,8.0
C_mikhail,227,7.0
MooZombie,37806,5.0
Fork3,48414,7.0
Kashtanator,33964,5.0
Thundji,38329,9.0
KatharinaDan,58567,7.0
FouleBazarD,33206,7.0
asaf,31637,6.0
Fraikz,39486,10.0
--------788,31964,9.0
Moontari,44511,8.0
Fraffo_,42351,5.0
Caioviski_,32281,2.0
Fr4m,40454,7.0
RiuZakeh,31553,8.0
-AlexL-,3783,8.0
FrAgE_NiTe,54857,10.0
pris_sucks,38000,8.0
Kasvai,39701,1.0
-Inuki,4472,7.0
CSMPiano,6547,5.0
-FaintSmile-,14513,9.0
procop,32951,7.0
Rnd22,49766,8.0
C_ryptic,51297,8.0
Ritz501,28025,8.0
Katman666,5,8.0
Cachoso13,37799,3.0
Katsuki,34572,7.0
arranoust,55888,8.0
TigerOtome19,49353,8.0
potatosaregreat,11597,8.0
RioScoty,39551,7.0
RisingPhantom,15323,7.0
princefa5,51562,6.0
arya002,21327,7.0
Karva1,39819,6.0
-Cultured-,50434,5.0
Katsudon96,40496,8.0
-EpicMan-,41206,8.0
Throni,42249,8.0
Tifu006,5114,10.0
Kartein,37779,10.0
arrived3rci,3588,7.0
itsmee_0e,59177,9.0
pracyst24,42203,8.0
-Aras,31181,7.0
Kasusu,39597,8.0
CR_Ahmed,41457,6.0
iwatch2muchanime,5333,5.0
Rndmguypassingby,36896,5.0
probjodye,40221,6.0
Tigerin0,936,6.0
CaiooRibeiro,38671,5.0
Fractyon,37799,4.0
MonsterZero11,31931,7.0
Rioyan,48903,6.0
Katsukineko,36407,2.0
Foxcoo,35788,7.0
asi_dc,34134,6.0
CNeto,28701,8.0
RishJD,32262,8.0
poyomon99,30240,6.0
Ritinha_chan,32491,8.0
Karloz548,2001,9.0
MonsieurPapillon,39569,8.0
FourSeasonSage,2046,8.0
Fouzaniswatching,40852,9.0
-Dremer-,15225,8.0
Moonlight_mori,33486,10.0
Riyokuro,37956,10.0
FoxPerks,39551,8.0
Kataleyita,32438,4.0
MonitorShmonitor,8525,7.0
Thryms,57969,6.0
FoolishTaoist,10408,8.0
Katon967,59562,6.0
arsonal,10165,8.0
CSRED,6922,9.0
aroaracil,2117,5.0
-606,27775,10.0
Risteeen,28223,8.0
Kasuga_Arata48,5455,7.0
-Denki-,39547,8.0
iuvin,7017,6.0
Karma-Senpai,34822,8.0
prismheart,11005,8.0
Cal_cifer1,19163,7.0
Katou81,17389,10.0
Cal_cifer1,40454,8.0
MonkeyD1one,38753,5.0
Foxcoo,37999,8.0
-Alexa-,38992,8.0
-Frazzle,35788,8.0
-00,48363,3.0
Riquixote,20,8.0
CKRpl,121,7.0
Katsumiii__,56704,7.0
ThorfinnT_T,53621,7.0
prxphet1,28223,8.0
RitoRb,28891,8.0
ittsxenia,11757,7.0
Cajosh24,39551,9.0
itsKJlol,53621,7.0
KasteK,46,7.0
Foxcraft92,16918,7.0
CaioLima20,39292,7.0
ForTheHorde17,15583,8.0
FoolsOro,37450,9.0
KasteK,18465,6.0
itsve,24833,7.0
ThrowStone,8841,6.0
Fouqueuquette,39247,8.0
Risha_Haruki,38337,9.0
-Hayley-,21603,6.0
RlDennis,11061,9.0
Kary88,32542,8.0
KateyamaTaka,47790,7.0
ForestWeeb2,48583,10.0
Monoluxuria,11827,6.0
arsonal,35320,8.0
Kartein,50696,7.0
Rizqy_FA,40748,8.0
its_halesss,1575,9.0
arta779,22297,9.0
arz101,6927,4.0
Forgotten_Memo,31715,7.0
Foraustin,23321,5.0
Four420twenty,55888,8.0
Cabraboiga,40046,6.0
Foxxxel,61026,9.0
probabaege,54865,5.0
ashlynww,38691,10.0
FrAsta17,60543,9.0
Tigerrawr90,8630,7.0
itx_Kokomelon,23847,8.0
iv_nn,38000,8.0
istorms132,30831,8.0
prouwn,11771,8.0
itsapplekid,40746,8.0
KateyamaTaka,32281,9.0
isostar25,17743,7.0
-Kurena-,32215,7.0
Thrive2Mix,400,8.0
Ristarchik,33489,7.0
arjupg,6702,8.0
Riondera,1535,8.0
Riux,17159,1.0
MonsterKat,22535,7.0
-Daldo,30503,9.0
CROWgaandmedega,35760,10.0
Throdax,218,7.0
-Luhui,33023,6.0
-Aria-,21033,6.0
armimi,903,8.0
itsbartualtas,376,2.0
Fouadbenameur,9253,10.0
Tibikame,52081,10.0
Kasusu,59062,7.0
Calc_,32828,9.0
CNeto,10080,8.0
Monix-sama,5464,7.0
princenublet,31339,7.0
CLARiSViEl,36286,9.0
-Fuga-,46569,9.0
Katsuro-chan,820,9.0
itsBits,31710,6.0
RiyalDiamond,34102,8.0
art3mes,18153,10.0
Fradischen,51693,8.0
Foxtrox420,37510,9.0
Fradischen,762,6.0
artin_1702,37210,7.0
Karoshi_Mika,39486,10.0
MonsterKat,28891,8.0
ash_alex,35928,7.0
---Kirito---,36407,6.0
artemis_77,1535,10.0
Thraggrotusk,53273,7.0
pryout,51535,10.0
Moon013,35972,9.0
CSRED,41946,9.0
powersonic19,32603,7.0
arlenden,31376,10.0
ThorviBritannia,40858,8.0
KasutoroSama,48583,7.0
Ritsuchaaan,29974,4.0
Karyio,36511,4.0
MonsieurPapillon,1570,7.0
-Ecliptix-,3712,5.0
iwubanime,54856,7.0
FookinWeeb,39326,7.0
-BlueRose-,8422,8.0
itscristiz,35608,9.0
arppit,37651,5.0
FragileGlass,9786,7.0
itslinotlie,31964,7.0
--Dark-san,32360,7.0
Katarina1804,27991,9.0
-Kiraide-,41530,8.0
Calais_,34280,6.0
KarlVonAnime,53632,8.0
arupooprururu,9989,2.0
Caboose,14189,6.0
Calabre006,4087,7.0
Throttlee,874,8.0
Risaa4,54617,6.0
Fr3dM3rc0ry,48561,9.0
CactusCalamity,20543,7.0
Calabre006,11665,8.0
asapbakery,15809,7.0
itskenkaneki,11887,10.0
privatemike,31964,7.0
Rio-,17821,7.0
Katakurinna,31914,8.0
ThousandRJ,1241,8.0
-Droid-,54852,8.0
Cadenzavna,3783,9.0
prussianking,31636,7.0
----shia,51098,5.0
princevsanime,41930,8.0
Risha_Haruki,11491,7.0
Tiayeone,60658,7.0
-G-L-I-T-C-H-,10408,9.0
TickleMeHobos,43523,7.0
-EpicMan-,17901,7.0
ashtherobot,38753,8.0
Karumont,15451,8.0
-Lucas_Rocha-,36245,3.0
Thumbelina28,39195,10.0
FrancohGZ,39555,6.0
Thruddingsfly,38656,8.0
itsve,40852,8.0
Montie,5204,7.0
Tigeren,36522,7.0
proteq,33674,10.0
Frank,5877,1.0
pspROCK,28121,8.0
itachi_re,1016,7.0
-JLN-,47917,9.0
MoneyMoon,9919,9.0
Tijs1710,1535,9.0
isola-m,578,8.0
Katou81,34636,7.0
--ALEX--,52,5.0
Monody_,326,6.0
-KazuChii-,33253,8.0
-Azurel-,266,7.0
israelingostosin,33206,8.0
Kasd100,35507,10.0
KasukeLp,40398,7.0
Rixge,48413,6.0
Rishabh069,40005,6.0
Monkey_D_Rosee,10620,6.0
Fracrock,2144,7.0
-Danmaku-,19,9.0
-Funny-,31646,6.0
Riylv,50602,7.0
FoolishTaoist,14227,6.0
KasukeLp,5315,7.0
psychiccupid,27633,9.0
Rionnx,32182,9.0
-Krul,36896,8.0
Moomochi,28105,8.0
-Kushii-,40483,1.0
CMVenomSES,898,7.0
TiagoCosta,10017,6.0
MonyTheGreat,30915,9.0
Fortio,34881,8.0
FouAlter,49220,7.0
Rivolva,934,8.0
Rizz97,6702,4.0
CMacAkira7,49551,7.0
Rirukiddo,41457,9.0
preator_Caesar,36098,7.0
Kartogamo,36563,8.0
Thzinh_,46420,2.0
CaldeCrack,996,9.0
Rivalisss,48583,9.0
-Anathema-,320,4.0
MonsterGH,39324,4.0
Foxyclaws,36043,7.0
Rishabh1987,42091,10.0
ividsc,38889,9.0
FranGS,32268,7.0
-Beffy,30484,10.0
prismajane,32282,8.0
Thunder_Emp,45576,10.0
isimpfordio,55813,7.0
CalamityGod27,10740,6.0
MonkeyD_Goofy,46569,9.0
Fossa26,41389,9.0
Forionsy,10020,7.0
TigasMen,10030,4.0
Mooners,33352,10.0
Monix-sama,17777,4.0
Foxus,6114,9.0
-Cresent-,10838,5.0
arya002,24701,9.0
-Kiraide-,50346,8.0
Karmainstantanel,32887,10.0
arrow-123,31043,7.0
princefa5,460,6.0
itsyamagucci,37597,3.0
Risqifauzan,22319,8.0
iunne,6213,5.0
TigrisAlba,37348,7.0
ashouga,54112,7.0
Rizz_07,54913,8.0
Kasaio,30307,8.0
Kashiv_97,20473,5.0
CaioOkada,42894,6.0
KarlVonWolffe,44037,8.0
Karoshi_Mika,39547,7.0
-Chilly,8937,5.0
Monkeyking908,15315,10.0
--ALEX--,2798,8.0
Francis_G,28927,7.0
RoX__,16706,9.0
C__C,2471,7.0
CTGrell,38793,7.0
KatarinaFi,42205,10.0
Caden_Chu,35073,8.0
Throndir,56228,4.0
Tijolinhoo,35073,9.0
proton0094,40028,10.0
-Kosutasu-,6746,9.0
CPiva,32262,7.0
Thrasher96,47194,9.0
Calderia,36593,8.0
FoxEyes,1068,5.0
Foxbite87,38753,7.0
powerhouseofcell,1535,10.0
COUSINTYM,36220,6.0
Riquetrom,35760,7.0
princeof,28249,4.0
asei,10012,9.0
FoxMayCry,23755,10.0
Thuron,2924,9.0
--kitade--,48553,9.0
pryzak,57334,8.0
MoniAckerman,27899,6.0
Caffi,121,8.0
itsleoxz,42923,10.0
KatsuKaizo,33811,7.0
Moonshiro,47778,7.0
Monday_Sidereal,31147,5.0
priz98k,6988,7.0
Katsureki,13759,10.0
Tiger19,60523,7.0
itsmee,2150,8.0
Fovexes71125,1216,7.0
asdfSchnitzel,28063,6.0
Throdax,9756,9.0
ishoo_sama,1530,8.0
Tiamat26,36793,4.0
Thunder_1,26349,8.0
Caldo_KynoR,8536,1.0
asdlolxd_,23209,5.0
-Cake-,36904,7.0
-BL0SS0M-,40550,7.0
Kashish_Jani,13231,5.0
arya333,51648,8.0
prateekbhati,38080,7.0
Foreverhin,50481,7.0
Folochs,460,5.0
-Axelrod-,240,5.0
ForRealZach,59189,7.0
-HYDRA,54918,9.0
Risti4040,1698,9.0
FraN_cs,40416,8.0
RishiAnime007,49938,7.0
CP_Zero,57334,10.0
Monolamfahim,9989,9.0
-Cyberia-,35790,4.0
CakraFritz,50608,7.0
Kathikeyan,966,8.0
asdpsdxdasd,36817,5.0
MonkeDLuffy,25879,7.0
Kasteros,34465,8.0
Monkeyking908,50664,8.0
isidaura,52701,9.0
-Ifrit-,7724,9.0
Katsuragi222,8841,9.0
ThomasBull,33513,7.0
priz98k,51819,7.0
MonsterRayKitty,8861,6.0
Karoa1,16498,7.0
iwsifakismag,38161,5.0
Kashiv_97,918,10.0
its_ASH,21881,5.0
Monou,2847,8.0
Ririchiyo-tan,8876,7.0
Monijij,33352,8.0
Fondledloli,43439,9.0
CNeto,759,8.0
Katsuragi222,7769,9.0
prismajane,51009,9.0
CNeto,1799,6.0
-Akirion-,16916,7.0
-HUNTER-,31586,1.0
asherzohar01,31240,9.0
Monofly,60611,5.0
asia540,1827,8.0
-Ichihara-Yuuko-,27833,9.0
its_beako,47160,6.0
Moonscar,9718,6.0
ForlornHope,1132,5.0
KatsuMMR,38040,9.0
RisingAceTraine,32998,7.0
Moonlight_Arc-V,35507,9.0
iveseenstuff,31456,6.0
ittybittytitty,10460,8.0
Kasow_Durow3,40839,6.0
iwatch2muchanime,958,6.0
precurejunkie,614,9.0
asetrisk,22199,3.0
-Keen-,29317,7.0
CLBA,31859,10.0
--kitade--,22199,8.0
ThyToastedBread,32949,9.0
TienLachowski,57217,10.0
Thomybol,1165,6.0
ixFeisty,50360,8.0
asdpyon,34618,6.0
KatieFrank,34577,9.0
MonsterRubberDuc,35849,8.0
ForTheHorde17,1692,7.0
Rishabh1987,44276,8.0
itachi1,37779,8.0
-BL0SS0M-,44408,5.0
Monctr,38830,6.0
-All,32668,6.0
its_sans,1889,8.0
artemis99,32542,7.0
ivancho3334,30015,7.0
iwatooshi,32901,3.0
progguy,9253,10.0
its_meunlanky,55644,7.0
-Kirito,32901,10.0
prakhargr8,36864,5.0
ashuran9007,20709,3.0
Rivnn,44037,4.0
-BL0SS0M-,1999,7.0
Monsheri,8086,7.0
Thrack,38691,6.0
asapbakery,36286,8.0
-Mangekyu0-,42963,8.0
Kashima12,31056,7.0
asdasjdsa,11617,6.0
Forgotten_Memo,34350,6.0
Ritik_Sharma,37430,8.0
-Exxo-,33654,5.0
Katrix,57100,6.0
itskiaraaa,37407,6.0
ForflayyO,627,7.0
Cafune-,145,7.0
TiaVaylik,18115,10.0
itsChroma,40483,8.0
-Jaegers-,918,10.0
-Grrzl,17513,6.0
-Mahiro,39681,10.0
Rndmguypassingby,32182,6.0
Thomasama,32188,10.0
-Aras,41467,8.0
-Dislike-,228,8.0
potatosaregreat,55813,5.0
psy181,40356,10.0
Thuron,13259,6.0
Throw3r,36470,7.0
CaioOlive,36934,7.0
Rlsc,44235,10.0
KatjieKat,17641,6.0
MoonTurkey,87,9.0
-Elliot,32,10.0
iuliuscezar,5081,9.0
prefart,33255,10.0
Cakethatisall,32407,5.0
prodigy1807,50175,7.0
-Dessi-,30276,10.0
asia540,51680,7.0
pseudosalmon,51462,4.0
KassaneRendal,37967,6.0
itz-_-alip,37987,9.0
Fortealto,42249,9.0
KatjieKat,39093,5.0
Risteeen,52971,6.0
as_yuuki789,28479,8.0
Riri_33,57524,8.0
Moonchild007,56704,8.0
-Krism-,6610,6.0
Foms,33834,7.0
armin_lp,892,7.0
Rixge,52991,8.0
Frank_G,5114,10.0
praggg,38656,7.0
Rizwan_Siddiqui,35459,7.0
itsrj20,4063,7.0
CalabreseMuzza,53802,9.0
CLADDAN,14719,7.0
aryastrk,32615,7.0
Katsuragi222,241,10.0
-Heika,6956,3.0
potatoguy77,36949,8.0
-Luffy_,35222,9.0
Ripler,26243,9.0
-Kiraide-,21843,7.0
-Ginko,55823,10.0
itsSoHeavenly,36098,9.0
MonkeyDgino,22319,7.0
itzzmebunny,46569,7.0
-LilBabuSpectre-,20899,8.0
Fox5135,53407,7.0
Kary88,48742,5.0
Moondusk,36038,8.0
itsleepy,30,7.0
arrazolavguille,8647,8.0
-Feitanx-,23273,7.0
Moony,34055,7.0
potatoman69,48567,3.0
KarlKafka,2167,7.0
Moonmonk,15085,7.0
Riridesu,33487,3.0
Foreverhin,32961,7.0
Foms,11371,10.0
itss_abbyyy,40059,10.0
proximo,11807,9.0
-Luhui,11663,7.0
Katsura900,31988,8.0
itsMErcy,47160,7.0
CakeMan-kun,39940,7.0
Rinxx,54234,8.0
-FOXX-,30885,8.0
Rivido,2236,10.0
Fox____,30296,9.0
Monofly,50916,7.0
Foxy_UwU_,3503,5.0
iwatooshi,18507,7.0
iwan021,36456,9.0
primagi,1852,6.0
-Kurena-,14813,9.0
-IsaqueSmile-,4081,8.0
Katiica4869,45577,9.0
Ripss,56854,5.0
ashuran9007,20021,7.0
Foreverhin,34350,8.0
RnJ,52034,9.0
preet248,9863,9.0
Karumine,31147,7.0
Kasuga_Arata48,8277,6.0
progodxxx,777,8.0
--Secretoben--,28223,8.0
Moonbirra,210,8.0
Monday_Sidereal,54900,7.0
RivetingWeeb,1177,5.0
Thurfin,48896,8.0
Rishab1125,31704,7.0
Moon-dew,3002,9.0
CYioReti,49413,8.0
Monkey_D_Alif_21,15771,6.0
CMMhero,42091,7.0
CNiial,834,9.0
psychedoll,39710,7.0
itdoesnotmatter1,47778,7.0
itaisinger,55791,8.0
Risswelt,38572,4.0
Foreignex,20785,7.0
MonkeyDTeti,31964,5.0
Rizvi24,32282,8.0
MoneybagsMcGee,51265,6.0
Caiyou2004,52830,7.0
psdbzguy,1729,7.0
asdlolxd_,35905,7.0
Ristarchik,564,7.0
Rnh123,18499,7.0
-Azuki-,38524,10.0
--kitade--,3456,8.0
ivvas,31758,9.0
itzTenzy,57,9.0
Karmahjjjj,329,8.0
prxmavera,10020,8.0
MonkeMuncher,40028,9.0
FouAlter,41574,4.0
ivekz,52991,8.0
itsDespera,477,9.0
ForgotEyeWasHere,5225,6.0
itsapplekid,53580,8.0
TiccNA,34019,7.0
Kat091,33486,8.0
-Black-Reaper-,37991,9.0
KartProwler,53407,6.0
FosterSon,51764,5.0
psi_rockin,41457,8.0
Calarin,58359,7.0
isyasad,26055,3.0
Riy,61930,9.0
-Desu-,7593,6.0
Tic_O_Sos,31994,5.0
-Kirito,30709,10.0
Foralia,461,6.0
Tiago_Vaz_007,31380,8.0
ForcingARC,31765,7.0
-Keen-,23725,7.0
probreaux,11757,6.0
Monkeysalad,48492,5.0
FraN_cs,33047,7.0
Katsura_K,11771,10.0
ashleyke,51818,6.0
Thunder007,16005,9.0
Fox_tart,32729,6.0
prof-milky,39533,8.0
Fougu3,34964,7.0
arntu007,12291,7.0
asdassss123,20853,9.0
artonelico69,927,6.0
arya333,18115,9.0
Tikvah-San,21881,7.0
Thryms,59459,7.0
ashhshh,39547,8.0
its_meunlanky,22199,7.0
RiveTTo,54259,6.0
Cakethatisall,51096,7.0
asheccen,4720,7.0
arruDawOo,39587,8.0
RippleLover,53199,4.0
Tichoslapek,51817,6.0
poulman1,52991,10.0
Fractured-Image,5681,4.0
Riyokuro,32603,7.0
Katsuragi222,22297,10.0
ForcingARC,47790,7.0
Fortijack,25781,8.0
Kartik_Gusain6,39491,7.0
CPA,339,8.0
KasteK,251,7.0
C_mikhail,37475,8.0
Ristoki,10756,7.0
Folousho,49709,8.0
-Denki-,22199,7.0
Cablecords,585,8.0
powerhouseofcell,34403,4.0
-Darkbolt-,17391,7.0
FraNxxx,5081,8.0
pseudofiji,22135,8.0
Tigeren,1122,9.0
powerjoin,31240,10.0
CLanzion,47790,9.0
Thomas_Hiro,384,3.0
Fragsey,416,6.0
iwatchbadanime,34134,8.0
MoonFangs,135,10.0
CaitNAnt,14719,9.0
C_Par,37779,8.0
princedizzytoon,10620,7.0
Cabotin,39651,6.0
Karurosuuu,18277,7.0
TickledPickle,31988,8.0
programmargorp,30,9.0
MoonPhos,33487,3.0
arvin_1219,58600,6.0
Tijolinhoo,18897,9.0
Monstruox23,51562,8.0
Throni,36605,1.0
Moon-dew,39551,10.0
Thund3r789,37869,8.0
Forwards,22319,6.0
probability_0,11577,7.0
artikfoxa,33929,2.0
itoshi_kare,37349,9.0
Monkeybeast,37347,6.0
asia540,198,6.0
Moonshyla,41109,6.0
KarmaTempest,45576,8.0
KashikoS,50713,6.0
CalabreseMuzza,53730,7.0
Fraffo_,36871,1.0
Franciscojesus07,49854,2.0
ars2,19193,8.0
MonsieurLune,4181,9.0
-Kirio-,28819,7.0
-Dinnae-,33071,8.0
ivancho972,28755,7.0
itsmepee,356,6.0
Karpingkey,32801,9.0
ThunderStr1kes,20899,8.0
Franelas,41169,7.0
Frallan0702,2904,5.0
Kath_E,51019,9.0
Riux,1575,8.0
-Azurel-,3627,10.0
asa50x,36511,7.0
iwantodai,9379,7.0
-Chiklet-,53613,6.0
artemistelle,24821,6.0
Moonyboi,28851,9.0
-Ace,31636,8.0
Risuyo,22433,9.0
ThunderPrakshan,36895,6.0
Monoff,32951,4.0
RizalMadyan,31637,9.0
Monctr,36949,10.0
ivenusdoom,7897,2.0
Forcashen,40839,9.0
Cabotin,1033,8.0
arz101,35860,4.0
Ritz407,10794,7.0
MoneyDreamzzz,23755,7.0
MonkeyDDave,39587,10.0
ForbiddenTempo,14833,7.0
KasukeLp,50487,10.0
-Karma-,3457,6.0
itskaito,1943,6.0
Thosetimis,31988,7.0
RizeleaSerafall,1840,8.0
Tigereye76,40595,7.0
MonsterZero11,48569,8.0
itmeh_anime,30370,8.0
MoonKiller_,53411,9.0
KarnaKua,34902,6.0
Mondaleaf,50410,9.0
artkage_,24439,5.0
RioScoty,52082,7.0
RisingWeebHero,9253,10.0
presentedtax,40682,10.0
Ro101hit,36563,9.0
-Keiko-,12355,10.0
Ticafr,19163,9.0
ppalganppanda,28999,9.0
Kasakiru,16011,7.0
TiannaUchiha,11617,7.0
FosterSon,37987,9.0
Katsuki,1182,6.0
Moontenegro,21561,7.0
ivenusdoom,512,9.0
ishtiyak,42203,8.0
iuzumi,50602,9.0
Foundingweeb,11577,8.0
ashbash21,37027,9.0
Karman6,11741,7.0
Karma_BW,34612,8.0
Monya3,1047,7.0
itsmemario55,59135,6.0
CTcommander,37799,4.0
-Hogarth-,395,6.0
asahi22,724,4.0
FranceSama,41457,8.0
Threnzy,11759,7.0
CLAW_Animelife,32887,6.0
Katsuna,40834,9.0
France53,53223,10.0
asd-,50481,7.0
FraN_cs,3446,7.0
Monstruox23,32553,10.0
CalJealous,1535,8.0
asdlolxd_,35972,6.0
CactusWren,54492,9.0
CaaroArmada,6702,7.0
RiveTTo,35120,8.0
Monochrome10,35851,9.0
-Cyrille,270,3.0
TigerBasilisk41,40454,8.0
CTGrell,37517,10.0
MonkWu,55848,6.0
Monsoozi,53199,10.0
Rinsing281,37965,8.0
Moonfighterr,4186,9.0
itoshi_kare,37210,5.0
Cainthazar,6007,6.0
-Kitsuneko-,11887,9.0
Foms,14075,9.0
KatsuraRin,2966,10.0
Cajator,1094,7.0
ps2hagrid325,36649,10.0
KatsuAnael,37510,8.0
Thuron,58699,5.0
Thompsongunner97,9969,8.0
MonokuroKinema,9001,8.0
-Chuunibyou,14467,8.0
TigreDoPi,39196,7.0
priz98k,15687,7.0
Karva1,5682,5.0
Tiitou,47164,7.0
Fox____,6880,8.0
arkandi,14741,7.0
Rixel8021,39535,9.0
arterieee,35120,9.0
arth2809,46569,9.0
KatShortwick,37510,10.0
Riselv,41006,6.0
-Eeco,9253,10.0
Monctr,31706,9.0
iwubanime,626,7.0
CRAZYTAGGER,35834,7.0
iverdawg,27775,6.0
-L0VERGXRL,32935,7.0
TigreVurmudVorn9,11499,8.0
ashmotrex,40776,8.0
power_of_morgana,53887,8.0
RipEdwxnn,35507,8.0
CONTISUKIDESU,21327,9.0
asei,39196,8.0
itay9850,32951,10.0
-FacetiousGuy-,28927,3.0
Moony,450,7.0
CXRBXRUS,36475,5.0
-Grand_Grievous-,23199,9.0
-GABU-,31780,8.0
iv4oooooy,33506,9.0
itsbemou,58732,8.0
Tigre96,9996,4.0
arizkykun,136,7.0
Thurikan,269,8.0
Rizh_alf,23289,9.0
artheart634,38668,7.0
MooDuck,34933,6.0
CXShadowHawk,2993,7.0
prisumis,52186,9.0
ThousandCuts,51096,6.0
princesjelyfish,20899,8.0
armageddon78,28851,9.0
princedizzytoon,51105,8.0
iss3cK01,55597,5.0
Monix-sama,10800,9.0
potatolays,14289,9.0
Thundarnix,43299,7.0
Caecilius,36949,8.0
Monix-sama,26059,7.0
Monki_Julia,37141,8.0
Fran_Law,7593,1.0
CNightAngeliS,8769,10.0
iv0rye,14749,7.0
Rioteck,22199,9.0
MoonPea,371,5.0
-GabiZ-,19221,6.0
CaioOkada,33047,5.0
ashesrain,437,10.0
Ritor,8408,7.0
ivangamerhd,34618,10.0
asaf,5027,2.0
-Angy-,34978,8.0
Riselv,24405,9.0
asapbakery,18153,8.0
Fr3nch,7311,10.0
Fran_Man,1210,7.0
MonsterZero11,5680,8.0
CVMA027,14719,4.0
Rizz97,37450,9.0
preet248,36862,8.0
-David-,39468,7.0
Kartik_1212,59161,3.0
itzl,34451,7.0
-Luhui,98,8.0
KariudoPL,22877,2.0
ForgottenDays_13,1709,8.0
prammy,32380,9.0
-Flaky-,38408,8.0
Monsheri,50185,7.0
artaditcz,42310,10.0
CaitNAnt,4181,9.0
Kasderan,4195,7.0
FrankUFO,225,7.0
arsenking,54714,6.0
itsanndayo,30727,7.0
Monkey_gamer123,35760,7.0
Katalyzed,35790,9.0
Kartik__187,55813,9.0
Katsunii,40834,9.0
Cake1111,40960,3.0
KatStarDragon,4898,7.0
Kat0Megumi,11319,10.0
Karolayne,33674,10.0
Kati-chan,43,8.0
itsCmac,14513,5.0
RioluKusanagi,6097,5.0
RiseUA,10260,8.0
-GabiZ-,52619,6.0
itzl,33462,6.0
Moodipoy,10278,8.0
Katherina16,28623,9.0
Ritsu_Kun,9736,8.0
KatOtaku,34626,9.0
itsbemou,5959,8.0
RoKuRotAz,2730,9.0
itzl,1072,8.0
MonsterKat,47,9.0
Monolamfahim,39551,9.0
Cai_Gamer,186,9.0
priyanshisenpai,38524,10.0
Moomic,35851,8.0
Cakyoin,8460,8.0
-David-,31490,7.0
ivvas,38000,5.0
Rittsuu,1535,9.0
Caiyou2004,1565,8.0
Tiagitu,52299,9.0
MoonStalker,2605,10.0
-Arcane-,11553,7.0
FoxPerks,18397,7.0
TidierBubble,38003,6.0
Moonchild_ish,2154,9.0
Karkato,15689,7.0
Kasou,6707,3.0
asdfghjumiii,3731,10.0
CSGMarch,38472,9.0
Francisco998,59342,7.0
Moonbae5,50265,10.0
FormulaXPS,23281,8.0
Rique06,52635,8.0
Rk003,45576,9.0
--AnimeBoy--,11597,7.0
Kasteros,36456,9.0
ppeaga,55701,9.0
Monkey-D-Efrain,34934,8.0
-Desu-,59561,8.0
-BerserkArmor-,268,9.0
Moonsword20,54744,7.0
ForeverVirgin,19,9.0
--Mister_Mario--,49241,10.0
RoKuRotAz,11179,8.0
Franciscojesus07,2577,9.0
Karpman,35180,8.0
Monkey_D_Alif_21,35790,7.0
-DxP-,37994,6.0
ForeskinHunter69,20045,4.0
Frank_Lotion,440,10.0
-0Yorunoomo0-,40748,7.0
Tikvah-San,33950,7.0
CLaNLoRrD,4063,7.0
-Alexa-,34612,10.0
Katana7_,52034,10.0
MoonBurst_Wolf,53126,8.0
Moondusk,42516,6.0
Monkey_D_Noor,38793,7.0
Riot,36286,9.0
armprod,48561,9.0
itisntme,11617,5.0
ThunderSonTS,849,7.0
ThomeofReality,32951,4.0
psycogundam,2298,6.0
ThudSoundEffect,38249,8.0
-BL0SS0M-,34382,6.0
MonkeyDNic,51369,8.0
Monzue,26013,5.0
iv4etyy,39551,6.0
Tiago_Reis93,50854,7.0
Tikers,57360,10.0
CStephen,30370,10.0
itsThatWeeb,13851,10.0
Risame,10161,7.0
Tiago_Reis93,50172,8.0
Karlinekind,44511,8.0
CabooseGI,39575,8.0
CRAZYTAGGER,16894,9.0
Foodperson,28701,8.0
isipinashi,36649,10.0
Foolish656,5341,8.0
ivanaa_c0,53300,7.0
-HoneySenpai-,34414,8.0
Tiaguinho42,39565,9.0
prado086432,12549,6.0
Calabre006,43565,5.0
MonkeyAvsFan,31043,8.0
Thunderman88,28497,7.0
Throndir,38472,8.0
Monkey-D-Efrain,45055,7.0
Thovalo,41710,7.0
Cable52,7311,4.0
arnina,34542,8.0
Tiger19,11285,7.0
Katsumi_Leaf,6702,10.0
KaseySau,30740,10.0
iwum_bo,32268,6.0
Caiool,34572,7.0
itsslurpee,6547,8.0
Cale5542,12783,6.0
Karuchi,846,9.0
RkGemr,54915,9.0
Ritsu-Kawaii,14283,3.0
Tigre96,4382,6.0
-BL0SS0M-,41094,7.0
psm3l0,36028,7.0
KasukeLp,36737,9.0
Monctr,27991,7.0
Monel24,33028,5.0
itsyamagucci,37521,9.0
Riskeric,48483,7.0
it_was_me_cobo,4898,6.0
pseudofiji,6351,8.0
Riskelfish,36407,7.0
ps2_superstar,4224,9.0
issiehyoudou,30240,10.0
MonoDoro02,31964,7.0
itouu,9047,7.0
ForgotEyeWasHere,51919,7.0
CSRED,10109,9.0
-Arifin,10162,9.0
psychiccupid,38671,7.0
Rizzles,16051,4.0
Mondo3011,46569,9.0
Kasdek,392,7.0
itz-_-alip,35507,8.0
Ririchiyo-tan,330,7.0
-BL0SS0M-,50582,6.0
ishimori,35677,10.0
psychosanta,48583,10.0
-Keen-,50203,8.0
Rk003,5150,7.0
-Kristian,33,7.0
TiagoRn28,40591,9.0
itzbklnjc,47917,6.0
CSPDreawNL,30829,10.0
ismetxd,19647,9.0
Thrarx,10937,10.0
iwatch2muchanime,9849,6.0
asdfignacio,50273,5.0
Cajunator,1804,7.0
Fragsey,34647,7.0
MooCow126,34914,7.0
TiKay75,552,8.0
Riselv,5646,4.0
princesahu1567,53356,7.0
prthedisaster,38101,4.0
ixShiroKishi,32281,10.0
CKTalon1,33352,8.0
-Alicia-San-,28891,8.0
Caalm,38790,6.0
arne0,634,6.0
TicTac_666,33255,10.0
Cachoera,4280,8.0
RiveTTo,54234,6.0
FrancWyvern,31050,6.0
-KATH-,5947,6.0
itsme_nga,43697,4.0
Karrzzzzzz,39586,6.0
--kitade--,5940,7.0
-Darkbolt-,38909,6.0
pseudovrsna,33743,6.0
isvr95,3167,8.0
Riotsuz,36992,4.0
-Emiya-,11061,9.0
ivekz,9260,7.0
RizeleaSerafall,25687,8.0
itskindacl0udy,43760,8.0
RiyalDiamond,47257,8.0
Karuchi,2069,5.0
poyomon99,49520,10.0
Karva1,30484,8.0
ismokesoysauce,39063,7.0
Thunderman88,45,7.0
-Graina-,4752,7.0
----Haku----,47194,9.0
its_me_lmao,1575,9.0
Karva1,777,6.0
Thurbs,58359,7.0
ashxu,15417,7.0
Caity-Cat,33206,7.0
itsMErcy,34933,8.0
pranto_zaho,43608,9.0
-Luhui,30230,6.0
Katadon,43523,10.0
CaCl2,39753,5.0
ashinkei,36949,8.0
ForeverGolden,17895,10.0
Fr1d4y_94,54724,7.0
Riyuzu,11701,7.0
Forluth,33012,6.0
-ARIZONO-,15227,10.0
arul19,48561,8.0
Monoriu,34096,8.0
C_Par,25537,8.0
psistogiakafe,48549,8.0
Monkeysalad,41834,5.0
KatarinaFi,15423,6.0
Caguari,50346,10.0
Forend,29786,5.0
-BosanTampan-,14719,7.0
CaioOkada,31909,6.0
pranss0_0,13391,6.0
FrancoZGZ,40269,8.0
KatjieKat,10490,6.0
CLUB_ANIME,30276,10.0
-Azer,16498,8.0
RisingAceTraine,52305,6.0
Katrinvond,31815,6.0
aseeon,8514,8.0
CORR_Kubs,11617,4.0
aromanga,228,8.0
Caiyou2004,25777,9.0
itzzmebunny,53998,10.0
Foolsome,34437,8.0
itsashxo,10397,5.0
pseudo,55701,4.0
-Chilly,41467,6.0
KartoffelOfDoom,33988,8.0
Moomintroll,3786,6.0
Folsks,54744,8.0
Karmel,51367,4.0
-Lunarian-,8915,8.0
CROCODILER,40787,9.0
FouteMakelaar,44074,8.0
KatjieKat,31585,1.0
itikitty,43438,5.0
Fraiiz-Wanderer,30740,6.0
Frandark10,355,8.0
Karinnn___,31722,7.0
issiehyoudou,32871,10.0
ThymeSeyU,38921,9.0
-Feitanx-,14837,5.0
itzl,109,6.0
asian_creationz,28999,10.0
MoonAegyo,1006,5.0
CafeComFarinha3,5680,9.0
Monijij,59349,5.0
itsAK14,50916,8.0
Karl_von_Bahnhof,36999,10.0
Forever_Dead,37675,10.0
priebs,50392,5.0
TiffyishSpiffy,36904,9.0
RoKuRotAz,448,10.0
FouAlter,33581,7.0
ForgottenClosed,25283,10.0
Moon_Sham,42395,5.0
projectfear22,1492,10.0
Tiagosoutei,37450,10.0
MonkeyDLuffy65,813,8.0
-Animosity-,38816,5.0
MooZombie,40056,10.0
TigreGK,37982,5.0
RiverLilly,199,10.0
psycogundam,795,8.0
KasukeLp,40571,9.0
Riria,59177,9.0
MoonlightBridge,42774,5.0
itzTenzy,8187,6.0
-MYK-,18849,7.0
ThymeSeyU,36098,8.0
arrow-san,50265,10.0
Katsuki,25805,7.0
France53,51473,10.0
TiagoLuiz,49222,6.0
its_skylar12,47917,9.0
itikitty,19239,5.0
Cabidela,4866,2.0
ashleyashley,14227,6.0
CaioLima20,46569,8.0
RizeOfTheNation,16317,10.0
Montycc,40456,8.0
prjme,42897,7.0
Moopdoop,49458,7.0
itsmee,886,3.0
its_ej,31637,5.0
Ripler,22319,6.0
itsmemario55,39597,7.0
Tide_125,16782,7.0
Kassie_M,40456,5.0
KasukeLp,22043,7.0
-Black-Reaper-,16067,10.0
precurejunkie,32160,8.0
-IguanaMilk-,44235,6.0
articvulture,7695,6.0
Karurosu_ncz,8857,6.0
Monsmania,20159,8.0
Caioviski09,34134,7.0
ThomazSpoiler,40456,3.0
--_Hani_--,31592,7.0
MonsterPotato9,11757,6.0
Monody_,430,8.0
KarmaXx,35790,8.0
FranCavs,9989,8.0
privatesour,48583,7.0
Thrack,38085,7.0
-AlexL-,30276,10.0
-Haseo-,12549,4.0
Katsuro-chan,846,8.0
proximacanal,41457,9.0
Monzue,39343,5.0
arrcnez,22297,8.0
arkilag,55866,5.0
Kasuga_Arata48,38992,9.0
CaffeinatedRoman,1,7.0
RizeleaSerafall,2014,6.0
prettybot,8074,4.0
Caio_Cunha,38409,10.0
arne0,37823,4.0
Fr3yz_,40852,8.0
Foolaja,41353,6.0
Kathaa,31376,8.0
Foms,34012,9.0
RizanEx_yc,11701,7.0
asdfawergfaerg2,1639,6.0
prxmavera,7590,8.0
-Arcane-,36836,5.0
ForflayyO,6377,8.0
-Cyberia-,297,6.0
Moonlight_Arc-V,36793,9.0
-Kano-,50932,7.0
CLoaKeDX,21881,5.0
CLanzion,56838,7.0
Monday_Sidereal,53411,8.0
Thyntho,39533,8.0
artgamer0916,41094,7.0
KarmaSlyr,513,9.0
Rion_666,7593,10.0
Moooldaccount,12175,6.0
CaioVictorFA,40839,4.0
Risubb,898,9.0
FouxHashi,392,7.0
Rinxx,55742,9.0
Foxxxxx,41587,6.0
-Bloodreaper-,51706,7.0
-Keiko3-,28999,5.0
FoxOf,42670,6.0
CabralKDC,58567,10.0
asahi_49,33478,4.0
KarlHare,36548,7.0
KatsuraDaa,6,9.0
Montinihabato13,54398,7.0
Kat0Megumi,40661,8.0
arvin_1219,35678,4.0
Thrust,37347,7.0
MonkeyMe333,31637,7.0
Katadon,50594,10.0
Katsureki,12477,10.0
Monstrous_Energy,51367,7.0
Caioviski_,36649,8.0
-Cobre-,5300,7.0
RisingAceTraine,18099,5.0
TickledPickle,2026,7.0
Ritik_Sharma,59369,7.0
Karmahjjjj,849,7.0
prince_loomba,38000,9.0
MoonlitKaitou,15051,8.0
Kasia0909,37403,8.0
Forstarly,18679,8.0
CShadeZ,25157,4.0
Katania48,34618,7.0
FpzZzZ,48583,8.0
MonstruoH23,50634,8.0
CKTalon1,50273,6.0
-Lunarian-,38936,7.0
-Araragi-,20931,7.0
procrastinater,41389,8.0
arshagor190,49114,8.0
ForsakenSoul,14741,9.0
ash_alex,50330,9.0
-Alexandre,35639,7.0
Karinyia,14349,7.0
ivanelterrible,18115,8.0
asdlolxd_,43325,7.0
Fort_Battler,40784,9.0
Tibits,18897,8.0
CQLLIST,28979,1.0
----Haku----,11783,8.0
TiagoLuiz,9328,4.0
Thomegg,813,7.0
Tickles-BNana,41402,9.0
Montazer-kun,6213,9.0
ixiao8,31043,10.0
Fraffo_,34497,1.0
asadxawan,31933,6.0
Ritam_1,40083,7.0
FouAlter,51009,9.0
Caju144,39569,9.0
TiaanM777,25777,8.0
Mondi1234,14967,9.0
MoonstoneDragon,53833,10.0
Caboose,8525,7.0
Rk003,39547,10.0
its_asiatica,31964,8.0
-KATH-,32547,8.0
Moonmonk,4975,7.0
Riyokuro,34964,8.0
COOLGUYxmz,35376,8.0
CM2,53833,6.0
itzreinier,32673,7.0
RivalS,6547,8.0
artas152,31737,7.0
Tiakka,39587,10.0
CTcommander,21797,7.0
----shia,37210,5.0
Monolamfahim,30347,8.0
Forqot,38656,6.0
RiverChan,34443,7.0
ixajii,49782,9.0
-FacetiousGuy-,1541,5.0
-LIME-,323,8.0
ismichi,9969,10.0
Kashi_Otaku,13367,6.0
Monix-sama,12067,8.0
MonstAR_,13585,6.0
Ford-chan,35847,9.0
--Mister_Mario--,38826,10.0
Rna87,57058,7.0
Caioviski_,17074,10.0
Tidy_Name,43,9.0
itsCmac,6547,7.0
Rinxx,53888,9.0
Foxtrox420,39535,9.0
-LilBabuSpectre-,55310,7.0
Rixthul,269,8.0
-Handcrafted,49849,6.0
Moon_spell,10417,2.0
Kartein,47616,5.0
Katsumiii__,42361,9.0
Cafezincomleite,25777,10.0
artemisthemp,55701,8.0
arjupg,32051,6.0
CRG,55848,4.0
proximo,30741,7.0
princemalikxp,41487,10.0
Caju144,33203,10.0
Riyad69,52299,8.0
TiinaSprout,31404,8.0
Tigeren,7590,7.0
Tier3Simp,32005,9.0
CYioReti,49316,4.0
KaspitoN,40456,9.0
-Dei-,578,8.0
Thunder192,38284,4.0
Riss-,34382,3.0
Fr4m,37578,6.0
Caico_P,1210,8.0
Rito-kun,9675,7.0
CafeAlpha,457,9.0
--kitade--,37675,7.0
arsenking,2889,9.0
itachi1,41587,8.0
-Aymen,481,8.0
-Cody-,41353,10.0
Monkeysalad,13161,7.0
princedizzytoon,30544,6.0
Moonmonk,39523,3.0
Rixiia,37349,7.0
itsihana,37435,4.0
issy_walker88,10165,9.0
Throni,9733,1.0
-Hotaru_,258,6.0
Fraetor,35252,5.0
-Kano-,53888,8.0
itacha4ever,1184,7.0
poundest,40262,6.0
Karma99,5337,6.0
KasukeLp,22689,7.0
Rllag1,48583,10.0
psychoXsan,33674,10.0
Tiago_KT,33352,9.0
itsanimel,1210,8.0
-MAZ1NO,39221,6.0
Rising_Sun,14829,6.0
Framedingold,3786,9.0
Cabidela,33071,9.0
pranavcognito,16498,8.0
CYioReti,40734,7.0
Moogy-Anime,18397,7.0
itsukandy,38329,9.0
Fotoxxxxxxxo,52092,8.0
-Ichihara-Yuuko-,4654,8.0
Rivaille_13,30885,9.0
ashlanex,1520,10.0
TiagoVesh,5114,9.0
CRAZYTAGGER,25397,7.0
asianbearshow,14741,7.0
-Arifin,34240,10.0
Rito-kun,6408,9.0
Francis_G,44203,7.0
Rna87,1689,9.0
MonetD,42963,6.0
FourSeasonSage,7768,7.0
psota289,853,9.0
Riyaku,9941,10.0
KasukeLp,50410,8.0
TikoMia,12531,7.0
RitoRb,10015,8.0
-Kuuso-,5462,6.0
-Camii,14349,8.0
ash_utosh,38062,6.0
Kashou_,48569,10.0
-Akarii-,36511,10.0
iturbeh,32827,5.0
Montinihabato13,18001,7.0
CSHCHnehir,40314,7.0
Fostrullik,49980,4.0
power_shile,37349,1.0
ppots,4181,9.0
-Kirito,16049,10.0
Moonphantom,36803,6.0
Thomasq1,41025,9.0
Forqot,47162,6.0
itsmesodre,57524,8.0
artheart634,39195,8.0
-Ace,31845,4.0
Kartik_1212,38524,10.0
psychowera,57050,6.0
iwan5566,48675,9.0
-Lea12-,27899,9.0
Kartikey001,37982,7.0
Risqifauzan,50602,8.0
Fonyeta,59845,8.0
primo_2007,34498,9.0
ForflayyO,34599,8.0
-Ace,460,7.0
Rivolva,39551,7.0
issy_walker88,28701,8.0
-Kurosawa-,38668,10.0
Fountain_Of_Milk,60154,8.0
Ritma,30413,9.0
FouAlter,57058,7.0
Caldo_KynoR,31765,7.0
-David-,58390,8.0
ForRealZach,51711,6.0
prthedisaster,31240,9.0
CRYTRAX,5231,7.0
itotaku,34134,7.0
CabooseGI,21647,7.0
ashisland,34577,9.0
Ritu47,58516,7.0
Monsmania,26349,8.0
arsonal,1156,6.0
Thrack,51535,9.0
potatosaregreat,6045,7.0
-Funny-,19613,7.0
CafeComFarinha3,48375,9.0
RishiAnime007,38145,8.0
itsmee,249,7.0
asherzohar01,15039,8.0
itss_abbyyy,59421,9.0
iwatooshi,437,8.0
psi_rockin,59360,7.0
TiaanM777,6164,7.0
praksheee,25777,10.0
TiagoCosta,10030,7.0
Kashimono,1735,10.0
MonkeeDan,2386,7.0
RioScoty,55888,7.0
MonyTheGreat,32485,1.0
Risteeen,53001,5.0
Foundingweeb,50330,9.0
itz_yo_boi_andre,36098,9.0
Tigre96,38476,4.0
MoonLuchan,594,8.0
asdfghjumiii,54792,6.0
RippleLover,37247,2.0
KarmaSlyr,41488,9.0
Kartein,40456,9.0
-FacetiousGuy-,63,3.0
Rivenmainlol,22777,8.0
Fow1er,36949,8.0
-Dislike-,19951,7.0
asdfnyan,18671,8.0
itsravenkwe,54856,7.0
-Droid-,6573,8.0
Foxygamerx05,53446,6.0
RipeAppleSauce,31478,7.0
MoonlitHalf,6702,9.0
issei98141,2669,7.0
-Graina-,22043,6.0
itsmekarlyyy,6,8.0
--tsukuyomi--,58514,9.0
-Lazed-,4447,8.0
Cabraboiga,6,8.0
Kasey,30885,8.0
Montebello,1178,10.0
Tigos,43555,8.0
Tian_,41587,6.0
arsenking,49784,7.0
KatNZ,12431,10.0
Monolorg,42361,8.0
-Chilly,34451,5.0
Rinxx,32673,6.0
arnold5000,52736,7.0
aronh15,32924,7.0
Caio0202,33206,7.0
-Juanjo,48411,7.0
RoKuRotAz,34933,10.0
Caillouthelegend,9181,7.0
CactusMantle,33089,8.0
-Aeriel-,20507,7.0
Thund3r789,51705,7.0
CKRpl,45576,10.0
KarnaKua,40515,6.0
itachi0mss,20,10.0
ThomasGoodman,59845,8.0
itsDespera,11843,5.0
princefa5,3962,4.0
itikitty,52741,7.0
issy_walker88,28735,9.0
Moon_Childz,33486,7.0
Caedon,36474,7.0
arjupg,31964,8.0
RitoDeviluke,49596,7.0
Riskeric,16706,8.0
-Fenris-,5680,7.0
arkham-bat,30885,7.0
itsMErcy,39569,7.0
TigreDoPi,36511,6.0
CSRED,5258,10.0
Fozhar,269,5.0
itxgami,392,7.0
artemistelle,32648,8.0
Tiffany_05,32902,8.0
arrazolavguille,30370,7.0
Moonpiee,31757,8.0
Fortio,1210,8.0
Ristophicz,47161,3.0
Cable52,79,2.0
Fr3shQ,39326,7.0
ivenusdoom,37033,6.0
-Dislike-,50275,7.0
Kasll,19815,6.0
Monsmania,48553,7.0
Monkeryz,28647,5.0
Katsudonz,40776,9.0
Tieguai999,14741,9.0
iurikill111,22689,7.0
Kato23,8525,10.0
ThunderJam,33486,9.0
Fr3shL3mon,38790,9.0
-Iwatchanime,57181,10.0
----shia,16417,6.0
-Hawke-,7338,5.0
RioTey2004,27775,8.0
Fr3yz_,5341,8.0
KatoJoro,6547,9.0
its_jaxx,21105,5.0
Ritokuro,27833,10.0
-Lobo-,36480,8.0
Thomas_Report,788,2.0
KassaneRendal,9181,8.0
ashuweeb,40620,6.0
CacaoRigos,57433,9.0
Karu-Sama,227,8.0
Rioju_06,54112,8.0
Moonyboi,51096,8.0
-KraftLawrence-,38150,6.0
-JLN-,35159,8.0
Moon_Willow,34534,9.0
FragmantLemon,43609,7.0
iwatch2muchanime,1273,7.0
ThunderStr1kes,39592,7.0
--kitade--,10568,7.0
Karsten_,37055,8.0
itzLevii_,20449,8.0
itsrj20,35363,8.0
Tiago_Reis93,10620,9.0
COTEI68,57334,8.0
CSatan935,36456,8.0
CLUB_ANIME,15809,7.0
ixajii,39790,6.0
Tieddy,23847,8.0
itsashxo,31964,8.0
Foxtrox420,2904,10.0
Ca1ebw,59095,9.0
itz_yo_boi_andre,34537,9.0
-HatakeKakashi-,1842,8.0
Fomi,39463,7.0
Tiago_Soares,33581,8.0
primo_do_futera,23755,4.0
Franco_Valentine,56704,8.0
FouteMakelaar,39710,8.0
-David-,27989,8.0
ashisland,7674,8.0
psycronos,13271,8.0
Moon_Willow,5902,7.0
Foodperson,32281,10.0
-GABU-,36456,10.0
promanias,39017,5.0
-All,32093,6.0
iwhdbfb,28621,6.0
KarthikPoojary_6,32937,9.0
TiagoGomes,2050,6.0
itsBits,40397,7.0
Thornister,57524,8.0
pritamrulz,934,8.0
MoonyRuney,22835,5.0
Tiago_Vaz_007,16774,3.0
Kartik_khare_18,54789,7.0
artehene,27991,8.0
isshh,31757,9.0
-Arisama-,35790,7.0
Riwn66,57635,8.0
potatosaregreat,30694,5.0
Thryms,59986,7.0
FoolishTaoist,7662,5.0
TiaVaylik,59459,10.0
Cafezincomleite,34599,8.0
Rinxx,6702,9.0
Thorfinn_glazer,49926,4.0
princess_mermaid,7647,10.0
RiverboatRam,40436,2.0
Monix-sama,682,7.0
ThorfinnT_T,35015,7.0
CaioOkada,33049,8.0
-Kagaya-,18095,7.0
Tiamat26,13093,7.0
ashsih99,43,7.0
Kary88,853,9.0
ThymeSeyU,40748,8.0
MoonRoses,531,8.0
KasukeLp,38668,8.0
Forest_1,21939,9.0
Thunsgp,8861,8.0
prodbykillerbee,50172,8.0
itskindacl0udy,849,7.0
professor_otaku,23945,5.0
Fouton,1727,4.0
Tibox92,34134,10.0
Thombelcar,356,7.0
Thotank,37520,8.0
-Cody-,40530,7.0
itsleoxz,37716,10.0
princefa5,5521,7.0
Rio-,31989,8.0
ashinkei,51213,9.0
-Kei_,32219,1.0
Rising_Tempest,5909,6.0
pseudaesthesia,42940,8.0
Tiger19,50923,10.0
KasukeLp,57945,5.0
itsrj20,33524,8.0
ivo_nkr,31646,8.0
Caioba42,37779,9.0
Karmel,30370,7.0
Fr1ed_Eggs,37585,1.0
art050612,55651,7.0
Rm_Angelica,32977,10.0
Cajermo,16524,5.0
itiffyi,52034,7.0
Cabrian53,30484,10.0
arthurbangoub,18153,9.0
Katsuki,4896,5.0
FoxOf,27633,8.0
itsvivianmill,32828,10.0
-FUUJIN-,10162,7.0
ThomasPokemon,48633,8.0
KatjieKat,39753,8.0
-Itachi_Uchiha,39026,5.0
ivosicsu,1564,7.0
Rittsuu,35247,9.0
CafeManager,22839,9.0
Foxcoo,48316,6.0
CRXWLEY666,23623,10.0
priyanshisenpai,36456,7.0
psychoalchemist,39533,9.0
Monatsu,44270,7.0
Formutor,14813,9.0
CRYPTsakura,37210,8.0
Tiger19,38297,7.0
asheccen,35252,6.0
FoxEyes,1494,5.0
Moon7494,44511,9.0
Thrive2Mix,48643,7.0
Thrasherx13,51495,5.0
FooFuFu_,41467,9.0
MonsterTNT,48483,7.0
potbrick,31973,8.0
RivetingWeeb,1075,5.0
prettybot,10851,2.0
asdfnyan,8063,8.0
Kast2,51648,7.0
Cairos,6114,10.0
prabal04,6637,7.0
-Dullahan,11701,6.0
Katsureki,6213,10.0
arya333,34914,8.0
RitaGandra,10232,8.0
TiasheRaggs,14467,8.0
ppizzapie,16592,5.0
RioTey2004,11981,2.0
Karuto90,3972,9.0
psycronos,16934,8.0
ismael123147,41457,8.0
FosterSon,33486,8.0
Karkato,7475,6.0
asd0l,23289,8.0
FonerBalear,24701,9.0
FontSize72LOL,39196,7.0
Thorfinn_0001,37981,10.0
asheccen,57334,8.0
--Secretoben--,3652,7.0
aruuuimi,38145,7.0
RioFutabaAztec2,10849,7.0
ivaneb,53887,7.0
ThundRxD,45576,8.0
arvon2,21667,7.0
Katinazis,37799,9.0
RitaTrindade12,13601,10.0
KarmaXx,34103,9.0
MoodMojo,43,7.0
-BerserkArmor-,19647,8.0
-Akuro,31163,5.0
Forsaken_guy,51009,10.0
-KraftLawrence-,37614,8.0
FouAlter,48675,8.0
Monkiesto,9253,9.0
Kasuna-san,36511,7.0
Thunder_1,41402,8.0
ForgotEyeWasHere,9895,6.0
-Elliott-,8675,6.0
pricodil,36885,3.0
Monkey_D_Alif_21,55997,4.0
Monokuma39,34566,5.0
Kato23,35860,10.0
arne0,40571,3.0
ForneverWorld,5020,3.0
Fox95,1564,8.0
Kashema1,34019,9.0
artreo,40620,10.0
Thunder__Bunny,37597,6.0
Rishab_Panwar,30654,9.0
Thombelcar,22535,7.0
asiad,6045,7.0
Rivnn,40586,4.0
KasteK,32948,7.0
Throndir,31043,8.0
Thunderlennert,17729,6.0
artubis,49721,9.0
Moonchild04,52034,6.0
-Aya_Chan-,528,4.0
Folousho,8630,6.0
Franciscocsjr,52196,8.0
MontagZ,31933,9.0
KatenoXD,60022,9.0
-Ansh-,11577,9.0
-Axelrod-,35120,7.0
Rissa-chan19,35839,9.0
Cainask,2001,7.0
CTein,13663,7.0
Throwout123,39551,8.0
itsanimel,42544,6.0
Foxxxxx,2904,10.0
arstan,4898,6.0
prowtar,51009,7.0
ThomasSeabear,27787,7.0
Fox95,8407,9.0
Fonteees,40056,6.0
MonoXchrom,35203,5.0
Thruddingsfly,48926,8.0
Rippuvan,51552,7.0
arthuroom,268,8.0
RizaLy,36474,10.0
primo_2007,36652,7.0
-Ellisson-,323,9.0
arvin_1219,51403,7.0
ForumPost,17074,10.0
itsmekarlyyy,6347,8.0
Tiagolima1,48776,5.0
-BL0SS0M-,58272,4.0
Monkey_D_Mrowek,20767,7.0
Fraetor,58502,9.0
RoDem,22535,8.0
-Heartthrob,22535,8.0
--Ender--,31049,7.0
Kati-chan,36520,5.0
-Kenshin-,22297,3.0
arne0,48736,6.0
iwatchbadanime,2167,8.0
TiasheRaggs,11843,10.0
TigreDoPi,37779,8.0
Rior_Archnemias,3784,10.0
Calculus94,12487,8.0
Tijolinhoo,32105,9.0
--Aestuo--,1686,5.0
Tiippy,32801,8.0
Riucc,52168,7.0
arranoust,40507,8.0
itsjvy,1210,7.0
ThyroidBeanstalk,157,5.0
Cal_cifer1,35333,6.0
RissaVik,54616,10.0
Tiakka,25013,7.0
artubis,51064,7.0
ThundRxD,39587,8.0
isipinashi,40938,5.0
-Haseo-,8129,5.0
--kitade--,45576,9.0
issy_walker88,32935,9.0
princessleddit,32380,4.0
pranavx_007,41457,7.0
Monkey_D_Noor,2213,8.0
CRUZER108,48406,8.0
Montyjn,49891,7.0
CSchaaf,21,10.0
Foncess,37521,8.0
Rixflix,51179,7.0
Rinxx,36848,7.0
COLD_JAUM,37450,6.0
poyomon99,1038,5.0
Tiagitu,20899,9.0
RiverboatRam,59986,7.0
MonsieurPapillon,20021,9.0
Foxmester38,54744,8.0
ash_utosh,34480,8.0
-Anokata,6880,6.0
-Elegy-,49889,7.0
MooDuck,1210,9.0
--sayori--,594,10.0
itsmfchum,20,10.0
KarmaSlyr,14713,8.0
-DeepWeeb-,30544,7.0
-Cake-,18671,8.0
Rito2Ru,2251,10.0
-Lars-,36028,9.0
its_ines,48583,9.0
arne0,8861,5.0
Food_is_yumm,50330,10.0
Monix-sama,2007,7.0
FourthWind,41491,7.0
Forbidd,48675,7.0
-HonokaKousaka-,41261,9.0
arnold5000,22319,3.0
Kariyu7,50265,9.0
ashgan,18679,8.0
Kartogamo,29093,10.0
Rip_icky,2981,4.0
-Lofn-,26359,4.0
Foxtrox420,40456,8.0
itstheresa,30276,8.0
Katashi416,31043,9.0
Monoxide12349,49918,9.0
Rixel8021,1535,10.0
printernick,6547,9.0
itsbearVT,48583,9.0
pruto1233,40178,8.0
TikoMia,23317,6.0
Tikiu,11757,7.0
Kashtanator,23935,5.0
-Ichihara-Yuuko-,5784,6.0
-El-,645,8.0
Fourteenthangel,27655,4.0
Caldo_KynoR,34382,5.0
Ririchiiyoo,6547,3.0
CalCite3,52367,8.0
Francis_G,14813,9.0
ThousandMerry,30503,9.0
-Dakki-,37141,7.0
Forehead-chan,20449,7.0
-Ecliptix-,45576,9.0
Rio-7,50631,8.0
CNoone,181,8.0
-Krul,35507,8.0
potatosaregreat,14227,9.0
Rissio,28999,6.0
Cairnsy_,199,6.0
KasaraEm13,8792,5.0
articvulture,34382,9.0
Monolamfahim,52991,9.0
---Th4nder,6880,5.0
itsaparrot,43,6.0
ashinkei,23321,8.0
Thrasherx13,26443,6.0
princessLINDAA,34626,8.0
Foltvers,6988,7.0
KatOfFuture,1,9.0
Karma-Senpai,227,6.0
Moomic,48643,5.0
-Australis-,51215,9.0
arseneaultm,39551,9.0
-Chilly,49613,6.0
Monish111,31765,8.0
Foxmester38,12113,8.0
Ririchiiyoo,6880,8.0
CaioLima20,34281,6.0
Foxyclaws,38234,8.0
Riyaku,4725,10.0
RizuKyun28,57100,8.0
Karma99,3136,7.0
Monteriggionii,36456,8.0
prjme,34933,7.0
Karlosian,31757,8.0
prettymili,7592,7.0
Karma___,1,7.0
RiverboatRam,52461,7.0
itiffyi,38790,7.0
Monoff,25157,5.0
-Dakki-,22535,8.0
proximo,23305,7.0
probreaux,32380,7.0
Riskeric,48590,7.0
ashikruhan727,39555,8.0
Tiagosonics,50803,6.0
Kashik,45576,10.0
RoKc,53179,7.0
CakeMan-kun,15583,1.0
Calarin,34636,8.0
prettymili,50739,9.0
Foxy_Michaelis,11633,8.0
potatoman69,1182,4.0
Fontes02,4224,9.0
RizuKyun28,33206,9.0
Karlstein,8624,9.0
ashe-,21939,9.0
asei,793,9.0
FourSeasonSage,40907,7.0
Monkiesmata,44511,9.0
Kartein,7088,8.0
RiverSorcerer,42826,6.0
proffcough,44511,10.0
Riuy,528,7.0
ashgan,813,9.0
Moonsome,54760,6.0
Mongezuranyan,34100,8.0
Tieguai999,16592,4.0
MonsterGH,56038,6.0
CahalSweeney,199,6.0
Fouton,33089,6.0
Thornboat,11741,9.0
Tibler,24459,8.0
Riyoga,10611,3.0
Fontiagozz,10087,7.0
-LuskaS-,36456,6.0
Karurosu_ncz,36862,8.0
Rm_Angelica,21439,10.0
-FacetiousGuy-,33010,3.0
Caim_,29786,8.0
Foundingweeb,36633,5.0
Fouton,52701,7.0
Karmina_Morena,51009,9.0
Francisco_Avila,37621,7.0
Throni,36594,1.0
Kashi_Otaku,30365,7.0
CSGMarch,40010,8.0
-LoomyGuy-,51180,6.0
Fr0nzy,28999,8.0
CRAZYTAGGER,1840,8.0
RiseUA,3023,10.0
ashinkei,54857,8.0
Calcifer47,40028,8.0
CabbagePants,2472,4.0
FootSlut,56768,1.0
asdy,15335,7.0
iwatooshi,34863,10.0
Karutaqueen,997,6.0
ashlikespurple,40429,10.0
Katsu-kun,22835,4.0
KasumiN1x,57066,8.0
MonkeeDan,41103,7.0
itsAlya,27775,10.0
MoonPhos,34152,5.0
princekc,52742,10.0
-BL0SS0M-,12581,3.0
princessleddit,52198,2.0
Fr4m,34618,7.0
FourDots,40392,7.0
Rio-,34934,7.0
Threnzy,9969,9.0
Moonshire06,49709,9.0
Forge9,40834,9.0
ixiao8,25397,6.0
Katman1,58059,9.0
CakeMan-kun,37141,8.0
Kat0Megumi,34106,8.0
armanyan,40571,9.0
FrajolaMonjiro,20,8.0
ForkEatingGoblin,38472,7.0
CaekCake,32491,8.0
ivegoneblind,164,4.0
powerthefiend,5081,5.0
KarmaRex-69,9989,8.0
-Hayley-,34798,7.0
CLModerno,52830,1.0
-Feitanx-,34451,7.0
Katou81,33253,8.0
Moneypencil,10029,7.0
-Jiru,12883,8.0
Rlylex,33091,9.0
CSGMarch,52736,8.0
Monstruox23,30911,10.0
Ti0_z3r0,40591,8.0
Kasey,25045,7.0
Tibox92,41468,7.0
-Kirito,3328,10.0
MonkeyDZoey,10800,8.0
Kashtanator,52611,5.0
ashybutt,3588,7.0
MoonlightBridge,16742,8.0
CKRpl,54616,7.0
-Magic-,40748,8.0
RisingWeebHero,37430,4.0
Karmahjjjj,16498,8.0
potatobeann,4224,1.0
Monou,16662,9.0
RoGkhenwaY,38883,7.0
MonkeDLuffy,35540,6.0
Riucc,28623,8.0
CPiva,48561,8.0
-Ecliptix-,38691,8.0
Monkeysalad,31240,10.0
profsatjipto,1698,9.0
Cafer7,16662,9.0
Rising_Sun,1698,8.0
CaCl2,38668,8.0
MonkeyDLuffy123,16067,7.0
Katatsumuri-san,35712,1.0
FosterSon,54722,5.0
Thrive2Mix,28791,8.0
-Droid-,433,9.0
KaryonJP,44961,6.0
CT_BINO,20709,6.0
itszak,41694,6.0
Fr3dM3rc0ry,5114,10.0
Threedo9,39991,7.0
Tibet381,7367,6.0
-Emiya-,13239,9.0
Fourteenthangel,1709,5.0
isuzu_myra,58572,8.0
Karma99,338,7.0
itaikansho,28999,7.0
-Fenris-,36424,6.0
RnRoger,10162,9.0
-KAL,15451,4.0
MonkAce,39587,8.0
ixShiroKishi,11737,6.0
ashwincraft,41587,6.0
Tieguai999,30015,9.0
Throndir,387,7.0
Kartik_1212,60098,8.0
ThomasGremory,6904,10.0
-Haseo-,73,4.0
-Luhui,35507,7.0
priz98k,42990,8.0
princessmoira,41120,10.0
itzTenzy,34822,7.0
Katastuos,50307,6.0
psue,37086,7.0
-Ifrit-,38084,8.0
Kassitero,15617,7.0
-Kazu,6974,9.0
KarlWaK,38329,7.0
Kashifam,7054,8.0
ashmayo,22147,6.0
Monoriu,594,5.0
-Dakki-,25537,8.0
prefart,31240,9.0
Ritam_1,44218,8.0
Riptos,18897,7.0
FraN_cs,31853,7.0
Ti_Gonn,13601,8.0
CainIwakura,12729,8.0
MoncholoX,26055,7.0
Kati-chan,634,9.0
Fr3nch,37991,7.0
CSRED,273,7.0
Cake_Sweet,31798,8.0
Karthik1729,27957,8.0
Fox,3577,8.0
Katsunii,42923,8.0
-Kirito,28617,10.0
CaiqueMTO,42962,7.0
-Kurume-,10087,8.0
RizeleaSerafall,41834,6.0
CRXWLEY666,37430,9.0
CY0R,52367,9.0
Tiago_brandao,387,6.0
Moontenegro,2129,7.0
Cactieee,38101,8.0
arpia97,40497,3.0
arzynik,6746,7.0
Cabob,40852,8.0
Thyst,34825,6.0
ForlornHope,3031,5.0
Karlstein,31610,8.0
psdbzguy,170,9.0
Karmainstantanel,39534,8.0
itikitty,53156,5.0
armanja,6702,7.0
Moochisicakes,53924,9.0
Rndmguypassingby,36702,5.0
Tiago_Vaz_007,34544,8.0
Katsuki,54617,7.0
-Haseo-,454,5.0
-Lobo-,58473,6.0
arwen7stars,60489,8.0
Cafune-,40935,7.0
Katsura_zzura,40056,5.0
princessleddit,812,5.0
Tijs1710,55888,9.0
-Kushii-,49834,1.0
Kasusu,41402,8.0
arrrrsh,11887,8.0
Rionka,28025,10.0
itachi_re,51782,7.0
Foxcraft92,38400,7.0
FontSize72LOL,9062,6.0
iwatobye,18507,10.0
Tier3Simp,41025,10.0
MooMooFluff,18277,10.0
-ISHTIAK-,38733,8.0
ashraya657,578,8.0
artemisthemp,27727,7.0
Thugchu,50273,8.0
ashram007,28223,8.0
Monday_Sidereal,6178,5.0
CalabreseMuzza,54898,9.0
Tiago_KT,23847,8.0
Moomoothekitty,18897,7.0
Kartikey001,39533,9.0
KassaneRendal,1195,8.0
itilyb,32998,7.0
KatieFrank,44387,7.0
MoodMojo,23273,10.0
Tiago_Soares,13331,8.0
Ritma,28891,9.0
-Graina-,28423,6.0
ThyPenguinZ,42340,8.0
CVNT,38619,7.0
FragileGlass,36847,2.0
CNoFlaw,24543,8.0
itikitty,31109,6.0
ForVice,54275,9.0
Fox5135,513,8.0
-Keiko-,1642,6.0
Monkeyke,39701,6.0
Fractured-Image,256,3.0
Fon-,22147,10.0
-Abdel-,37105,10.0
Riroshi,35851,9.0
TiaanM777,37233,6.0
itsyamagucci,28891,10.0
Moonafier,3702,9.0
asdfawergfaerg2,27775,8.0
princefa5,39652,6.0
Cafra,14227,6.0
ppelsa1432,40932,7.0
Kasraj,15037,1.0
Ritainix,16662,6.0
-BL0SS0M-,60260,6.0
-Chilly,40956,6.0
Monstruox23,41623,10.0
precurejunkie,833,7.0
Monteriggionii,35760,7.0
ashukun,31722,6.0
Riptos,60951,6.0
Katania48,12815,7.0
CY0R,41094,8.0
Monix-sama,50612,7.0
KarlHare,54309,7.0
poziomek,6547,7.0
CaaAaaAadu,6547,6.0
Tiffie13,5690,7.0
Foolsome,9367,7.0
RivetingWeeb,6169,8.0
itsdreo,889,9.0
RioAl,36754,9.0
RitaTrindade12,48614,4.0
MontyLearoy,13759,7.0
Fraiiz-Wanderer,30806,6.0
Tiagosoutei,36516,7.0
Fran_Law,35849,3.0
itzLevii_,32937,9.0
Moonshu69,36616,8.0
Monzue,31978,6.0
Katakurinna,30831,1.0
Monsai,918,8.0
ThunderB2,37982,6.0
arru_12,2167,9.0
ThunderSonTS,58939,8.0
-Dice-,23289,8.0
KatsuraRin,27833,6.0
Monctr,51098,8.0
CSRED,93,10.0
Foquitoss,56609,6.0
-Cresent-,31478,7.0
pryzak,35608,8.0
-Koda-,18507,10.0
potatosaregreat,48580,9.0
Rinvii,20031,10.0
Karma1100,30831,9.0
ForflayyO,36946,9.0
asa50x,53393,8.0
its_GEO,31964,9.0
Ritsuchaaan,58502,7.0
MonkeMuncher,56700,3.0
Monix-sama,10336,4.0
Monsheri,37972,7.0
itsleoxz,38328,8.0
ThomasGremory,38824,9.0
RizelSenpai,10106,7.0
----shia,8675,6.0
Cake1111,40897,7.0
-Jiru,33206,7.0
-FUUJIN-,2167,8.0
Tiffaniya,886,7.0
Frandark10,2508,7.0
Rioteck,263,3.0
ThomasPokemon,36407,6.0
itsalwayssol,54839,7.0
FoxEyes,3394,6.0
Karusader,49831,8.0
-Grrzl,10863,8.0
Thrive2Mix,32867,7.0
ashmayo,987,5.0
Moonlit_Ember,41025,6.0
arrcnez,50602,7.0
Cajunator,383,7.0
ThomasioDeWeeb,49926,8.0
Monkey_D_Alif_21,9375,3.0
iwuuna,15085,8.0
itsThatWeeb,9919,9.0
iwashizue,33486,8.0
ivtox,34096,8.0
Caeolos,95,9.0
prodcyberia,6,8.0
-Anko-,22,6.0
Rnaka,39468,10.0
-Kazu,6166,9.0
Fopdoodle,47790,8.0
Katekl,11266,7.0
CaitKnight,20583,7.0
itsThatWeeb,14513,10.0
itsukandy,34902,8.0
CacoMaco,33036,10.0
Franco1993,54492,10.0
-Anokata,16143,8.0
Forstarly,38040,8.0
arsenking,13367,6.0
Ritsu-Kawaii,6347,4.0
itsvivianmill,10087,9.0
Tictac72,23281,6.0
-Akarii-,39617,8.0
proximo,2943,8.0
TiagoGomes,22319,3.0
poyomon99,9396,7.0
itsKJlol,51403,6.0
potatoman69,74,8.0
Karva1,55482,5.0
Thomhawk,34498,8.0
Thruddingsfly,3518,6.0
poyomon99,40787,10.0
Karuyaka,23755,6.0
-Hotaru_,32370,5.0
itsrj20,25011,9.0
RioAl,49533,9.0
Thornshadow17,34152,10.0
Thombelcar,29854,5.0
Kashtanator,38768,7.0
Francisket,36525,6.0
itzTenzy,57181,8.0
CNeto,18893,6.0
Riot,11577,10.0
Katil007,31043,8.0
-Kurena-,31553,8.0
Folster,25157,7.0
FrWatchingAnime,5114,10.0
Karinyia,7338,6.0
prince_loomba,14293,7.0
-Aso,30296,5.0
-Chronos-,54595,6.0
poziomek,51096,8.0
MonetD,21,10.0
arsonal,101,8.0
Forever_Dead,2952,9.0
Cainthazar,16982,6.0
Rita-,4224,9.0
FoolishTaoist,49721,8.0
Ririkkaa,3615,9.0
Rintarrro,32282,6.0
Fraikz,35760,9.0
-David-,25879,6.0
Fopdoodle,34012,9.0
isxci,40046,8.0
arrazolavguille,586,7.0
armin26,36511,9.0
KatherineSndval,51019,10.0
CabbagePants,33486,8.0
arzynik,1088,9.0
Tigeren,7655,9.0
Foxxxel,53126,7.0
Moonbae5,4224,9.0
asetrisk2,46471,2.0
Kasumiiiii,53097,7.0
-FurudeChan-,31918,5.0
Mongezuranyan,38000,8.0
Monkeryz,4540,3.0
FranGS,578,7.0
Ritakuma,40938,7.0
Forciot,39535,9.0
Fortunato456,431,6.0
isuzu_myra,40594,7.0
Riventures123,39535,8.0
--NoOneCares--,40483,6.0
Tibiluni,54362,6.0
FoolyCooly01,5258,8.0
CaitNAnt,24365,7.0
Moonwalk69,33926,9.0
precurejunkie,6117,6.0
RivaCry,53998,8.0
arona_0101,20509,7.0
RivetingWeeb,3167,7.0
proximo,4555,7.0
Rj1964_5,205,9.0
Rizor,39587,8.0
itsdankyo,356,10.0
-Grrzl,352,8.0
CTGrell,32995,10.0
Thoughts3rased,34626,8.0
CaiqueMTO,36456,7.0
RoWatchesAnime,14289,7.0
Franguinho,11111,8.0
Monkey-King,136,2.0
Rkp_NS,10793,5.0
Rizenrack,3167,8.0
RoLiRu,49909,10.0
Monijij,39535,9.0
asdfghjklin,52034,7.0
ashuss,32281,9.0
Rivitan,3457,7.0
ForeverGolden,37744,1.0
KarnEvil9,2904,7.0
Kati-chan,32058,5.0
Riskelfish,6591,7.0
Kasumi__hoshi,10030,10.0
precurejunkie,31733,8.0
Karva1,2476,4.0
ivan012345,41487,8.0
Fourbo,38691,10.0
Ro101hit,38663,6.0
Rkelt,37348,7.0
-Barto-Luvr-,46569,10.0
-Akuro,2116,5.0
Katsuna,15793,8.0
ixShuriken,949,8.0
Kasraj,10702,7.0
Cachje,907,7.0
Kasou,9970,4.0
itzzseby,5114,7.0
-Jefuri-,22507,7.0
Tijolinhoo,38409,8.0
CaekCake,6547,9.0
Monoxide12349,60461,6.0
Risame,4059,7.0
MonkWu,38572,6.0
Foxbite87,8676,9.0
CLoaKeDX,23273,6.0
-Lyrica-,43299,4.0
Francisco_Avila,52990,8.0
-Ecliptix-,4581,6.0
CR_Ahmed,1735,8.0
---bym---,33352,7.0
-Droid-,1726,6.0
-Aniki-Kamina-,38959,7.0
Karphyel,37999,8.0
prat_man,392,9.0
-Animewatcher-,35062,10.0
Thuez,32935,10.0
Karuzo95,895,7.0
-Aria-,36563,8.0
FoxieFire66,35427,10.0
itsStan,10165,9.0
ashuran9007,36456,8.0
Tigerin0,16742,7.0
iwashalfawake,13759,8.0
Frajaroma,15315,6.0
CaitlinChan,29589,4.0
ismokesoysauce,7674,7.0
Foxx_03,288,5.0
Fraetor,36882,6.0
Throni,3199,7.0
CNoFlaw,51680,9.0
MonsieurLeMoo,37987,7.0
MonkWu,57058,6.0
KasumiSh,40024,7.0
Foxussy,40935,8.0
ividsc,35062,9.0
-Killua-Zoldyck-,5040,6.0
-Kr1L3-,55813,8.0
FranHakken,49556,8.0
Ritam_1,36407,7.0
Thunderking3,11433,7.0
Rlylex,18245,9.0
-1Mary1-,32574,8.0
Moonshadows,28805,10.0
Tib__Furude,49533,4.0
itsukandy,79,8.0
TiagoCosta,73,6.0
RizeleaSerafall,9736,7.0
ThorfinnT_T,34280,6.0
Riri_33,38000,10.0
Moonxch1ld,23987,8.0
art_x_kira,42203,9.0
Monstrule,46420,7.0
Foxaris,905,7.0
RiseUA,17549,8.0
Rio-7,34626,7.0
as1186052,55791,8.0
artmarxism,39533,7.0
Thombelcar,38555,6.0
MonkeyOtaku07,58449,9.0
Monix_,56923,7.0
Moontee,43299,6.0
itsjaquan,15583,7.0
Karinyia,17895,7.0
ixiao8,31710,6.0
RisingBork,39597,8.0
Riot,30365,5.0
pretxel,21881,7.0
pouckis,36882,3.0
Cafune-,12929,3.0
arnovego,31772,8.0
iwatch2muchanime,1264,7.0
COMFEI,32182,10.0
Folster,31646,8.0
Thomas466,33475,7.0
ThunderSonTS,14397,10.0
COLD_JAUM,54284,8.0
MoneybagsMcGee,34504,7.0
RiseUA,5682,6.0
prismajane,31964,7.0
Fradischen,31771,7.0
ForlornHope,2581,7.0
TigasMen,29786,7.0
--ALEX--,7590,2.0
RioAl,40085,9.0
Monoxide12349,60593,10.0
FraN_cs,30237,7.0
KassaneRendal,37983,6.0
Cal_cifer1,35073,6.0
precurejunkie,12471,8.0
Karuto90,49523,8.0
Karumine,30251,8.0
artychaild,28881,7.0
Kasuga_Arata48,11843,4.0
Rixel8021,42310,9.0
ThorfinnT_T,30739,5.0
itikitty,42862,3.0
asd-,34403,7.0
ashe-,14627,7.0
pris_sucks,35860,7.0
Cagefighter101,38671,8.0
ThudSoundEffect,10711,7.0
Forever--Young,25285,10.0
prjme,38826,8.0
-Danmaku-,2164,8.0
ashuweeb,35608,7.0
Cachoera,44516,7.0
Fotsuan,35848,1.0
iwatch2muchanime,39068,7.0
Moonscar,121,8.0
Risame,35889,6.0
Rizz_07,57719,8.0
Caju144,48580,10.0
RitzCo,5074,8.0
Thosperus,31722,5.0
RnRoger,11113,8.0
FoolishTaoist,8985,6.0
powersonic19,33031,9.0
itsALy,51535,10.0
praytoquarks,40591,8.0
itsDeruta,37982,4.0
iv0rye,54714,8.0
-Akaneechan-,35602,8.0
MonsterOfLogic,4010,8.0
princedizzytoon,31952,7.0
Monstruox23,40935,9.0
arne0,578,3.0
CYioReti,38924,7.0
Foolyou,10793,10.0
CaitaXD,34798,7.0
MonsterZero11,120,7.0
Franciscan_Duck,5114,10.0
CPiva,13357,6.0
----shia,30379,4.0
Cabriti,52299,7.0
princess-ark,47917,9.0
ThunderDrago,51958,8.0
KatsukiChan69,34944,8.0
pseudofiji,37982,7.0
Caguuu,46102,8.0
Ristic17,790,7.0
iwsifakismag,36480,6.0
itmeh_anime,48675,7.0
Risswelt,57524,8.0
ivaxx,43608,9.0
-All,28249,3.0
itzreinier,53273,9.0
-Hab-,31240,8.0
FosterSon,57648,6.0
Fooliann,192,7.0
Monkeyking908,37232,8.0
psi_rockin,54449,4.0
itssaturn,431,6.0
FoxOf,4382,8.0
-Keiko-,31964,5.0
ixDako,24781,1.0
Foodgoat,55528,9.0
RivaCry,40904,7.0
Folktal3wtb,1122,7.0
Monzue,32485,5.0
CLAE_1278,33191,6.0
prado086432,41402,7.0
ivenusdoom,24629,7.0
Rinxx,51403,7.0
TigerInSpace,37806,5.0
Katsohiki,28851,10.0
Thoragorn,9751,7.0
RisingWeebHero,37141,8.0
CLBA,34300,10.0
MoodMojo,8675,8.0
Karkato,1377,7.0
-Aras,513,8.0
FraNxxx,18679,7.0
as_yuuki789,22729,7.0
Foxcoolman,146,6.0
Katriel,21877,9.0
pothekin,37491,9.0
-Eien-,35843,10.0
-Kushii-,50917,1.0
Riwn66,56352,8.0
Monki_Julia,8841,6.0
Thoughty,56784,7.0
precurejunkie,10495,9.0
Monsheri,41025,7.0
Kary88,2041,8.0
ittybittytitty,37345,6.0
Frallan0702,31918,4.0
KatarinaFi,36470,8.0
pracyst24,29978,1.0
COHROSE,51535,7.0
Fopdoodle,20509,7.0
KatoWorks,37349,6.0
Cacawette,2251,9.0
FouleBazarD,48492,5.0
aryxnpandey,32870,7.0
CaiqueMTO,40052,8.0
FrancescoSP,21881,5.0
Ripperdoc,42963,5.0
asiank0ala,32547,4.0
FrajolaMonjiro,30727,8.0
Fonzin,50663,7.0
Tiff_D,54798,4.0
Katrov,37349,7.0
CSRED,38000,10.0
Kato_han,30240,7.0
Fortijack,32366,9.0
-EpicMan-,37966,7.0
CableApprehensiv,35363,7.0
Rishabh1987,53200,8.0
TiagoGomes,20903,5.0
project005,838,6.0
Kasvets,33573,7.0
asi_dc,28677,7.0
Frank_Lotion,12531,9.0
ash_utosh,31737,8.0
Fragbomb,2904,10.0
arpia97,10408,8.0
Monika_0089,14349,9.0
Tichoslapek,51498,7.0
RisefromAshes,40131,2.0
-Chii-Chobits-,59,10.0
Monya3,29974,5.0
Cakeski,34599,9.0
-Azer,30913,8.0
Risubb,11757,6.0
Tigre96,12029,8.0
itsthatoneguyYT,42963,5.0
-Kuuso-,6919,4.0
-Deimos-,270,8.0
-MYK-,12189,8.0
Monel24,40679,8.0
Calderia,53414,7.0
aru4l,52186,7.0
itsmeaagain,33433,5.0
Kashi_Otaku,58143,6.0
-Hotaru_,6747,3.0
TigrisAlba,36497,7.0
Rippuvan,33,7.0
CaPtAiNiCeCoLd,16498,9.0
asaf,27787,8.0
ivanjrs,11061,10.0
Montyjn,52198,9.0
Monster__170,54853,7.0
arkandi,1127,4.0
Montoshi,3479,10.0
arsonal,16934,8.0
prxblematique,1132,5.0
ash_alex,14227,8.0
Monix-sama,3679,7.0
Katsureki,34350,8.0
Foyxal,34300,7.0
Monster_nachos,48761,8.0
arz101,30503,8.0
Calabre006,2277,5.0
-Emiya-,10087,10.0
arotho,59597,8.0
itsTricksta,36511,8.0
TibO123,50209,7.0
-FacetiousGuy-,15037,5.0
RizeleaSerafall,10172,6.0
Katsuna,38759,7.0
asc_,30276,9.0
arsinel,1535,10.0
Calculus94,15437,7.0
MonogatariLSD,28387,6.0
Foxxxxx,5114,10.0
CaesarTielman,52092,7.0
Thunderman88,53111,8.0
-Juanjo,2775,3.0
Thoompiemas,28851,9.0
Thoompiemas,32542,6.0
-Azuki-,30276,9.0
itz-_-alip,33352,8.0
TierraRobada,32182,8.0
Foolyou,36873,9.0
asahiruyoru,39741,8.0
-AkagiChan-,27631,8.0
Katsura_Joestar,13331,7.0
Karoshi_Mika,13125,8.0
ashai_,1575,9.0
Cadmium,16417,7.0
-Harold-,58725,6.0
przemek123,40416,8.0
Tiet1,14289,6.0
-Autem-,13331,8.0
-Lasky-,5680,8.0
-Darkbolt-,50583,7.0
Katania48,59130,4.0
ThunderGW,52617,9.0
isiipini,877,10.0
ivosicsu,40542,9.0
Thunderking3,33487,7.0
ivananime,39355,7.0
Monix-sama,3713,5.0
Rizzadd10,16,7.0
KarlHare,58131,5.0
-Des-,35672,7.0
MonkeyMe333,35790,10.0
iwatch2muchanime,442,7.0
provec,32380,7.0
FranceSama,2966,9.0
CSMPiano,21511,5.0
Rior_Archnemias,5764,10.0
ashmotrex,37349,8.0
-Lyrica-,21881,5.0
Katholic,11739,6.0
its_skylar12,40834,7.0
Foxyclaws,31553,3.0
Moniiicaa,51019,9.0
--kitade--,60732,7.0
princesakairi26,16498,10.0
arthuno,31757,5.0
ThomasTankEngine,58514,10.0
Monstruox23,20,10.0
FoolsOro,34096,9.0
KarlitosMarx,35790,8.0
-HYDRA,48926,8.0
-Kurume-,34822,10.0
Throni,32788,1.0
MonkeyDNic,450,8.0
-Caio,49613,8.0
Rizzles,13169,5.0
Katou_sama,53723,7.0
Monkey_D_Alif_21,36633,6.0
itshoo_,269,8.0
KatOtaku,56191,8.0
Moonl1tS,38659,7.0
Mooncraft06,39026,7.0
prussianking,39607,7.0
FrameData,51009,9.0
MoonSpider,269,7.0
ThomeofReality,51736,2.0
KarlslandOtaku,53199,8.0
Kassanelli,431,8.0
MooZombie,16742,1.0
procrastinater,57611,8.0
Monix-sama,3944,7.0
Kato23,19685,9.0
KarmaSlyr,52305,9.0
Cah-Chan,38787,7.0
FraN_cs,565,8.0
istrie,14467,7.0
Fotsuan,39486,2.0
Karinyia,34541,7.0
Monix-sama,2946,6.0
Monsmania,1929,6.0
ThunderNe,32476,10.0
KatieMH,42516,8.0
Karu-Sama,16592,8.0
MonstarFN,35790,8.0
Thoru_UwU,31297,10.0
CRG,11751,4.0
ashai_,32935,9.0
Rivayne,35788,7.0
-Hawke-,3713,6.0
psthfn,38735,9.0
Monkeyking908,21877,9.0
itmeh_anime,54722,8.0
CXLIV,40174,5.0
proximo,2982,9.0
Thosetimis,57,9.0
Rippuvan,23293,9.0
prateekchhikara,5529,7.0
RinsAl,26055,9.0
-Kazu,1862,7.0
KatNZ,9656,9.0
Ristarchik,3784,7.0
FoolishEgg,3786,10.0
Riptos,6512,8.0
Katadon,35860,8.0
-Lobo-,31964,8.0
ForgottenClosed,1530,10.0
artaditcz,52991,10.0
Thuph4n,48561,9.0
prado086432,50932,5.0
Kartoffel13,50549,7.0
FoxPerks,37259,7.0
ThomeofReality,15689,8.0
KarlVonWolffe,40750,4.0
Kateyo_,6880,8.0
-LilBabuSpectre-,14833,7.0
Riot,30300,6.0
asdfnyan,16866,8.0
Thornshadow17,11813,9.0
itsreku,35806,8.0
Rioyan,5081,7.0
ivosicsu,4214,1.0
MonoHatari,26057,8.0
iwazunan,22319,6.0
itachi-uchiha007,1535,10.0
Monochrome10,38883,8.0
arizkykun,42238,7.0
Rizuno-Shikari,37984,8.0
KatsuAnael,13667,8.0
Kashim2484,52481,7.0
artikfoxa,35847,7.0
itikitty,29955,4.0
MoonSpider,41399,7.0
RizanEx_yc,41619,5.0
itsVisualtruth,6045,8.0
psycronos,52701,10.0
Fourteenthangel,13601,7.0
Frandark10,13331,8.0
Monkiesto,8074,6.0
Montana37,37430,9.0
Katoreya,48761,6.0
FontSize72LOL,43523,7.0
itsdreo,53410,10.0
Franciscocsjr,47164,9.0
prodbykillerbee,49709,7.0
Kashik,52991,10.0
itshoo_,43692,6.0
FourSeasonSage,21939,9.0
pshwamars_,38917,10.0
itsCmac,6747,3.0
TidierBubble,41487,7.0
ThymeSeyU,33028,9.0
itikitty,36767,6.0
Riusnaan,24455,7.0
przemek123,49458,10.0
iwantodai,40496,7.0
ittou_shura,10790,6.0
Rinto-kun,30514,6.0
RoXas_MMIV,36936,7.0
itssVar0,32561,7.0
Karva1,37188,6.0
isia2120,2966,8.0
Franciscojesus07,58426,6.0
Foolish656,23321,8.0
Thundera,36548,8.0
-Luhui,23289,9.0
Caitbean,41487,7.0
Moodipoy,44511,8.0
RizeleaSerafall,9253,8.0
przemek123,24655,8.0
RivetingWeeb,32228,8.0
Monsheri,31904,5.0
arunbainz,12413,7.0
MonkeyDNic,35737,8.0
-Amaryllis-,60334,5.0
KatPNGexe,41487,8.0
KasukeLp,3091,9.0
MonitoLol,51678,8.0
--Roxy--,39164,9.0
Fougloskkkkkkkk,30240,8.0
FoxSenpaiYT,463,6.0
Rmkk,37982,10.0
Monsmania,20757,5.0
Fouton,157,4.0
-Kushii-,56964,1.0
KasumiN1x,32937,9.0
Thrasher96,33191,7.0
Fran0995,42916,8.0
TiagoCosta,24151,6.0
----shia,2001,8.0
its_ASH,24415,9.0
-Kirito,12879,10.0
ashye2,10417,2.0
Foodperson,33071,9.0
TiagoGomes,7017,4.0
asaderu,32268,7.0
asetrisk,33164,5.0
Kartzw,12189,8.0
-Kirito,26243,10.0
ThyEmeraldMoon,38329,9.0
Riuy,986,7.0
asdlolxd_,11597,7.0
iwsifakismag,9741,6.0
RiverboatRam,57181,8.0
Karuchi,39783,5.0
armedlmpala,50265,9.0
Monkey-D-Efrain,32447,6.0
CaesarKilljoy,28977,4.0
Karinyia,187,7.0
ThyEmeraldMoon,3228,7.0
Frank_G,20899,8.0
--Vanilla--,37450,8.0
Riss-,32681,6.0
FosFate,2904,10.0
TigreDoPi,57217,7.0
psycogundam,34798,4.0
Forgotten6772,48736,7.0
RitsuTwisted,16001,7.0
its_yane,57864,10.0
Foshito,11597,8.0
itapi_TT,37510,7.0
Fondofwisdom,40136,7.0
CXLIV,33034,7.0
ThugNasty_,4224,9.0
arjupg,5028,8.0
Katsureki,28735,10.0
Cadegg,35760,9.0
Karrzzzzzz,32547,6.0
itisme28,53393,9.0
-Kirumi,7088,10.0
Tibo_Bones,34881,7.0
arminamini01,44059,7.0
MonjaElisa,3392,7.0
Thunderking3,31245,7.0
Fortunas22,34580,7.0
pr30,40930,8.0
asdfSchnitzel,32901,4.0
Moontenegro,13469,7.0
issiehyoudou,13357,9.0
FourSeasonSage,11665,8.0
Foms,45604,7.0
CakesGalore_,5681,7.0
Katsudonz,40748,9.0
Thor_Almighty,52299,7.0
Thomas2005b,24703,6.0
-Humphrey-,52684,8.0
Riylv,934,7.0
Rkyyy13,37105,10.0
Katie8026,7711,8.0
ashlover976,60489,10.0
River_IX,11741,9.0
Tiago_Vaz_007,20057,6.0
Moodkiller,13535,5.0
primagi,30123,6.0
Tiago_Vaz_007,42517,7.0
itsBiru,42395,7.0
Franguinho,56693,6.0
isvak,16498,9.0
CaSV,59160,8.0
TigerOtome19,59706,7.0
-BL0SS0M-,51122,7.0
-Ezra-,41433,6.0
KatsuraGrey,42310,10.0
arshiorange,42923,6.0
Foquitoss,1090,7.0
Tiagitu,40262,8.0
-Kirito,1199,10.0
Frajer_9,853,10.0
Foxy_Psycho,30307,6.0
CQLLIST,37396,3.0
Moniiicaa,35330,8.0
princeof,30885,9.0
Kassachino,31765,10.0
FourSeasonSage,24277,8.0
Ris_bluue,37521,9.0
ashgan,30276,10.0
asdlolxd_,4722,7.0
Rk003,53126,4.0
-11,2890,7.0
Tiago_Soares,23273,10.0
iwsifakismag,40991,7.0
ash101939,54724,8.0
Karmainstantanel,52865,8.0
Ririchiyo-tan,228,8.0
Fovexes71125,339,10.0
RlyBored69,4280,8.0
itsbabu,877,10.0
-Jakey-,8557,8.0
potatoman69,32681,7.0
Monoluxuria,31716,10.0
Monsmania,50265,9.0
Caden_Chu,40748,8.0
ForkzAreEvil,658,8.0
Thosetimis,1577,9.0
-GuyHitchens-,15379,5.0
-Dullahan,31764,6.0
Foxofdeath,31859,6.0
-Feitanx-,265,7.0
Foraustin,40074,1.0
ThuThi,591,6.0
TidusCR,33506,7.0
-Kazuma_,43325,7.0
Karinyia,24967,6.0
Foobanana,18397,7.0
Thupa,1519,6.0
Caju144,42963,9.0
MoonRoses,1023,9.0
MonkeyDNic,14813,8.0
Kasdar,38062,7.0
FoxKingAzod,33028,7.0
Monsmania,40028,6.0
Karmel,54913,8.0
KatOtaku,41833,10.0
Kasuga_Arata48,49305,7.0
-Des-,39547,9.0
Foxik96,205,7.0
Kartoferu_,40056,8.0
aseeon,845,5.0
-Juanjo,28851,6.0
iwatch2muchanime,2525,6.0
CKRpl,60157,8.0
itzreinier,41461,5.0
asadxawan,47917,7.0
ThunderZee,59177,9.0
Rjboy13,23755,7.0
Katsura_K,16498,10.0
Monsi,40938,5.0
Fr3nch,22199,6.0
Fostrullik,28025,8.0
itsihana,1535,7.0
ivosicsu,49891,7.0
Franchize57,30385,10.0
Forbidd,44807,7.0
-Arima,60489,9.0
Kashi_Otaku,57611,7.0
ixajii,28171,5.0
iwubanime,47257,7.0
-Heika,16870,8.0
Tiga42,54918,6.0
iwubanime,689,7.0
Moony,13601,9.0
Rinthian,2829,8.0
isimpforwaifu,26349,8.0
itsmfchum,55701,10.0
Calaber,22147,8.0
power_shile,10232,3.0
iurikill111,11617,1.0
MonstAR_,21679,3.0
---Kirito---,22147,7.0
CRXWLEY666,27631,10.0
ThomasSeabear,35073,7.0
Thomas466,30137,6.0
pspROCK,9744,2.0
Cakeski,164,9.0
Cachje,2787,9.0
TiccNA,31953,7.0
-MagentaDusk-,371,7.0
-DanZo-,1195,7.0
-AkagiChan-,14345,7.0
CabMister,2904,10.0
KatsuraRin,8516,6.0
art3mes,38807,8.0
articburnn,226,10.0
poyrazvduman,39565,8.0
-GabiZ-,35413,6.0
-Akirion-,33731,7.0
CaiII0u,38889,9.0
RivaCry,38691,8.0
Karma1100,38759,8.0
Karyllchan,56843,9.0
itstheresa,53411,9.0
Calal-Chan,16498,8.0
-Fenris-,23755,8.0
Rizor,37491,9.0
arstan,35849,3.0
itzLevii_,39790,5.0
Monkwok,17074,7.0
prakhargr8,55894,5.0
Monsmania,35238,6.0
CaldeCrack,37675,10.0
ForRealZach,54968,6.0
-Aras,56784,5.0
itsjvy,54714,7.0
Karkato,52830,6.0
KatOtaku,33798,7.0
Cainthazar,14967,7.0
RioFutabaAztec2,10162,9.0
Katharxia,41457,9.0
ThorfinnT_T,50183,8.0
TiagoRn28,40010,8.0
ForlornDemon,18897,7.0
Thuynh06,49930,10.0
-Cyberia-,322,5.0
Monoluxuria,51098,6.0
-Chilly,10793,4.0
-Lasky-,1172,8.0
Karlstein,28387,7.0
artist-retired,14353,8.0
Frajer_9,35330,8.0
Ristaroth,52955,7.0
itstoon,35507,8.0
Thundera,36023,7.0
MoonTan,55866,6.0
Cairom,39551,10.0
itssVar0,30778,7.0
MooneBoy24,37520,9.0
Fran0995,39587,9.0
Monofly,33125,6.0
Katsunii,730,8.0
Katoteshi,7785,8.0
princessLINDAA,52305,8.0
itchika,48583,9.0
KatNZ,93,9.0
-HoneySenpai-,37614,8.0
ishimori,440,2.0
-Akio-shin-,11617,6.0
Rizu_Ogata,52991,9.0
FoxyAnH,30091,7.0
-Kushii-,34019,1.0
iwsifakismag,29758,6.0
Ripss,38826,7.0
-ARMIN-,16498,7.0
arthur__leywin,18115,7.0
Rithik393,35222,10.0
Monsheri,42429,8.0
Franciscojesus07,601,7.0
Mongezuranyan,51958,8.0
-Jakey-,8525,8.0
artonelico69,1817,6.0
pr0sage,35760,8.0
Tigre96,36023,4.0
arrrrrrrr,50205,8.0
-CHAR-,1535,9.0
Tiet1,38659,8.0
Frank54,893,7.0
itx_Kokomelon,38329,8.0
Rion_666,46471,6.0
MonsieurPapillon,7014,7.0
Tikiu,28851,10.0
Rizenrack,42897,6.0
ThunderNe,45595,10.0
itacha4ever,18179,10.0
Fordi,11665,10.0
-IguanaMilk-,31540,4.0
itsukandy,8654,2.0
CTcommander,53632,5.0
Moonchiix,29095,7.0
Rinyaa,38524,9.0
ppearl,34944,7.0
Monoluxuria,45604,10.0
Moonfighterr,2889,9.0
ixajii,20021,3.0
Riten,31500,10.0
Ritor,1923,7.0
pretender-,14353,8.0
ThomeofReality,49387,8.0
powersonic19,51535,9.0
-Danmaku-,38659,6.0
Katanadude,7311,10.0
KatieLee7,19815,8.0
Thukuna-Gojo,52299,8.0
Kashifam,5630,8.0
MoonPhos,39174,6.0
CSHCHnehir,35262,8.0
Fpt_leyenda1105,20,6.0
Rmkk,30831,10.0
RisunKil,37515,8.0
prettybot,42897,7.0
RoKuRotAz,28675,9.0
Riquixote,37991,8.0
Throdax,468,9.0
Fraiiz-Wanderer,46422,6.0
asetrisk2,38198,2.0
CPTJack08,55357,9.0
MonsterLiebert,24873,5.0
Cabubaloo,33486,7.0
Calarin,2593,9.0
ThomasGremory,11617,10.0
ashinkei,19221,8.0
CKTalon1,50346,5.0
arnovego,33206,7.0
FrankPT,40858,7.0
Riyad69,53887,7.0
isngyn,37521,10.0
asetrisk,11005,3.0
asianbearshow,25429,4.0
artgamer0916,6594,8.0
Karma717,41389,7.0
ThomasFukano,13601,7.0
ThyPenguinZ,34277,8.0
Risubb,40028,8.0
Thorsson,51009,8.0
-Deimos-,1028,6.0
itsDVN,39196,7.0
CMacAkira7,42627,7.0
Franca1212,52991,9.0
Thruddingsfly,3652,8.0
-HonokaKousaka-,37786,8.0
Thrasher96,55166,5.0
-HeXy-,37976,7.0
asianbearshow,4565,8.0
Rion_666,30484,10.0
CL1v9zfsfo1,10808,6.0
Karolinskis,41488,7.0
Tibo_Bones,35788,7.0
CORR_Kubs,35247,8.0
CaPtAiNiCeCoLd,52034,10.0
MooAnimoo151,1120,6.0
itsdreo,41164,10.0
arsenking,9000,9.0
CTcommander,49387,8.0
-Gokuu,23755,10.0
ThunderB2,56062,7.0
--Vanilla--,36098,8.0
Riztsuki_14,1735,9.0
-ARIZONO-,33253,7.0
Thruddingsfly,44524,8.0
Rndmguypassingby,10250,6.0
-Hakuyu-,358,6.0
Calcifer47,41487,7.0
Rizu_Ogata,55644,10.0
CaioOkada,2026,7.0
CXLIV,53126,6.0
powercell,40748,8.0
pretear,98,9.0
Kashima57,28851,10.0
prismheart,14227,7.0
-Kuuso-,17397,5.0
-Frazzle,10588,8.0
KaryFM,22507,6.0
CalabreseMuzza,37675,7.0
-Jaegers-,40852,8.0
Foobanana,38883,9.0
Kasuri,38408,7.0
Mooniouz,39533,8.0
Franco_Valentine,39535,7.0
provat_haque,23385,7.0
-J3y-,37999,7.0
Kashirou,13469,8.0
aryaviotta,5081,8.0
Caarbon,17729,7.0
Risti4040,31043,7.0
ForgottenClosed,32407,10.0
ashikiba,7054,8.0
Rishabh069,12671,8.0
-Alberto-,35376,6.0
proximo,4699,3.0
asesinojulio98,25777,9.0
ppelsa1432,34618,8.0
-FacetiousGuy-,34494,6.0
Kashish_Jani,51648,8.0
prantic_d_luffy,10087,9.0
Caillouthelegend,6033,6.0
Forever--Young,4590,4.0
RizanEx_yc,5114,10.0
Ritsu-Kawaii,8516,4.0
Karu-Sama,1119,8.0
Kashish2610,22319,9.0
Foodperson,20767,9.0
FraN_cs,48569,10.0
ixajii,37651,7.0
-Emiya-,9591,7.0
-Arcane-,23289,10.0
-Arcane-,24365,7.0
RizeleaSerafall,801,7.0
powerofemo,3712,6.0
itikitty,40586,6.0
Tiaces,22835,4.0
KasoTeki206,31138,7.0
Ritakuma,41389,9.0
RitzierSeal,38668,8.0
pristelyo,51009,8.0
Fractured-Image,38668,4.0
Thundarnix,5081,8.0
CalabreseMuzza,52046,9.0
ashuran9007,7135,8.0
princefa5,24701,6.0
Kashiv_97,1479,8.0
Thombelcar,42351,5.0
Foxie1810,18661,6.0
ashuss,37349,6.0
Rise-chan,3366,7.0
Kashtanator,38671,7.0
precurejunkie,1533,9.0
-----9-----,1840,6.0
iwatch2muchanime,6425,7.0
Ristelle,31240,9.0
Caillouthelegend,5277,7.0
Caerulcifer,42282,8.0
ForlornHope,26165,8.0
KarmaNouzen,48239,6.0
princesmoke10,37086,8.0
ismail18,10218,8.0
-Heartthrob,42963,6.0
MonarqueCeleste,22319,9.0
-Harold-,15809,7.0
Karva1,10271,9.0
RivaCry,40076,7.0
arthuriast,2236,10.0
itsdreo,226,9.0
Riyuzu,37999,9.0
Kashou_,35760,10.0
itsDVN,49470,6.0
Caboose,37441,5.0
iwsifakismag,856,8.0
Tiago_Reis93,48849,7.0
Riux,12445,7.0
CairoSCCP,18897,7.0
-Lunarian-,1195,8.0
proudsauce,10620,3.0
Cabraboiga,39535,7.0
princefa5,693,5.0
KasumiN1x,53865,7.0
RitaMita,51335,7.0
Kartikey001,50608,8.0
isuzu_myra,36754,8.0
Fooliann,51019,5.0
FoxEyes,1953,6.0
-Des-,18753,8.0
Rion_666,18153,10.0
Moonbae5,30654,8.0
Monsheri,42808,3.0
CNeto,482,6.0
CPiva,49519,6.0
FourSeasonSage,20457,9.0
MoonLuhAna,20767,9.0
ixFeisty,54837,8.0
MooZombie,49926,7.0
Cachinnation,16894,9.0
Thorgram,14921,4.0
iwant2feelhappy,50461,6.0
Monix-sama,56923,6.0
ashwincraft,44069,6.0
Rirukiddo,57181,7.0
Moonlight_Arc-V,22297,10.0
Moon_Memelord,16680,4.0
MoonPhos,12445,5.0
-Droid-,16592,8.0
Mongezuranyan,37786,8.0
MoonBlade44,38000,10.0
Caarbon,30276,8.0
Rizor,11665,8.0
Fondofwisdom,41053,8.0
Francisco_Avila,33032,7.0
-Acheron,48583,8.0
TikusKebun,9253,8.0
CLModerno,34612,9.0
iwsifakismag,40111,7.0
Kasderan,3667,7.0
itamanamikaze,11061,9.0
Rlan98,40046,10.0
Tiippy,35314,8.0
potatofan123,42897,8.0
Risqifauzan,50932,7.0
Fraisja,8675,4.0
CUMGUZZLER69,33502,8.0
Katsuro-chan,14811,8.0
Riptos,13663,7.0
-INFERNO,384,7.0
Ripler,23273,5.0
-Magic-,15315,8.0
Kartik_1212,59689,7.0
ThrawnyBoy,40776,9.0
ThugPou,35847,7.0
Kasaio,9587,6.0
prismheart,2167,7.0
TigasMen,40483,4.0
asahiruyoru,33255,9.0
asdlolxd_,14719,9.0
Katarina1804,35848,8.0
CaiII0u,52198,9.0
-Emiya-,43683,4.0
CabralKDC,37675,10.0
Katsura_Joestar,38959,7.0
Montalpaca,34577,8.0
Tichoslapek,59820,3.0
MonkeMuncher,36862,9.0
Fopdoodle,10495,7.0
Monofly,61179,4.0
KatieFrank,49385,7.0
preetbot,16067,8.0
asdlolxd_,26443,5.0
iveseenstuff,56285,6.0
Ririchiyo17,17513,3.0
itsMErcy,59452,8.0
Monoriu,9989,10.0
Ritz501,40497,6.0
Riselv,52608,6.0
KasumiSh,35849,4.0
Tiame,10161,8.0
Rnh123,240,7.0
Ripss,57181,8.0
Fradique,54918,8.0
Cale5542,11843,8.0
Foolsome,874,8.0
Kataleyita,41389,5.0
TikTikPL,47162,7.0
Ristarchik,17725,6.0
princefa5,8230,6.0
Fr0stBite14,49357,7.0
Foreverhin,53730,7.0
Rinxx,11757,8.0
Fraisja,5341,7.0
-Kiraide-,6,8.0
ThomasFukano,19815,3.0
arturts1989,59459,9.0
Monjster,6746,7.0
Caguama28,9253,10.0
Tiaguinho42,34599,9.0
CakeSizedBacon,37987,9.0
Franelas,36028,8.0
RoWatchesAnime,14751,5.0
itsdreo,48736,10.0
Karmalvb,42364,7.0
Montypower,18179,8.0
Monojitshibom091,39535,8.0
arsenyshalin,60543,7.0
italo_komi-san,36633,10.0
RiverLilly,101,8.0
isola-m,25687,9.0
Tiffany_05,37779,10.0
ThomasFukano,19291,8.0
aromanga,35507,7.0
KatieFrank,42250,8.0
-Arcane-,33502,8.0
iwantodai,16706,8.0
Ritsuga3,32281,10.0
ForekWtorek,47778,8.0
itsmemario55,121,5.0
Caicoo,40839,8.0
Rnaka,52701,9.0
RitsuTa1naka97,47917,10.0
psuedonymph,37407,9.0
princefaking,3588,6.0
Cablecords,32875,4.0
ixDako,23273,5.0
Thorfinn459,1726,7.0
CMRulZ,35857,8.0
KatieNeko06,11981,10.0
Rioyan,11757,5.0
Rizzles,19151,4.0
River-desu,16592,9.0
probreaux,53488,7.0
Thund3r789,38656,7.0
Fovexes71125,39534,10.0
Cakrawala,11741,10.0
Tiagosonics,45653,6.0
Fraetor,29101,7.0
Rior_Archnemias,16894,8.0
Monkiesto,40902,7.0
Cakethatisall,16434,7.0
Fr3liuw,28121,8.0
-Grrzl,2948,8.0
ashwinkumar005_,52446,8.0
-Kurara-,936,5.0
Katakiki,11061,10.0
FormalGirl,18897,4.0
FraNxxx,35073,7.0
princessleddit,14289,3.0
prismajane,23847,8.0
ixajii,38186,6.0
-Chelly-,12967,8.0
Rio-7,53879,6.0
Kasusu,6377,10.0
Cale5542,14967,6.0
FrancescoTheFrog,35714,6.0
MonstAR_,24687,8.0
Fox,35540,9.0
Foodening,36456,7.0
Kashish_Jani,2044,3.0
Mooni00,6547,8.0
Karobwe,1735,6.0
Rissenicus,431,6.0
potatostuff,4155,4.0
Rippuvan,2873,5.0
CaffeinatedRoman,16774,5.0
artonelico69,2961,7.0
-BL0SS0M-,2476,2.0
itoshi_kare,38000,7.0
artas152,37450,10.0
ppofu,12189,8.0
-Jakey-,13655,9.0
Moonxch1ld,39533,8.0
prowo,50631,8.0
Fort_Battler,25011,6.0
ivenusdoom,40056,5.0
Rion2,19111,6.0
FoxPerks,2594,8.0
powersonic19,14199,5.0
Monzue,42949,5.0
MonkishGorgon8,22429,7.0
Cajuzada,26055,9.0
Moonchiix,23283,9.0
Kashima12,31404,7.0
iwatch2muchanime,870,8.0
Karo_cchi,35760,9.0
Monkeyke,40716,9.0
CSRED,14741,10.0
Rizvi24,46569,8.0
itachisama313,13759,10.0
Fraffo_,9515,2.0
CLaNLoRrD,37475,7.0
Karo_cchi,2020,9.0
Cadenzavna,41468,6.0
Foxy_Psycho,59459,9.0
programmargorp,23673,2.0
isostar25,4999,6.0
KashKetchum,33254,5.0
RipEdwxnn,10620,8.0
-Aras,20785,3.0
ivm95,2246,8.0
Foooli,48661,6.0
primevalsoup,19315,5.0
MonstroDoOlhoSo,32268,10.0
-11,38329,8.0
TiffyIffy,4565,8.0
Moodiekiller,16011,8.0
FourthLion,393,7.0
CRXWLEY666,7054,9.0
pratstercs,7411,6.0
CUNAGOSSUS,40839,7.0
RiseFromToilet,41587,2.0
Rising_Tempest,41025,8.0
Moon_Sham,24765,6.0
Monstruox23,40974,7.0
Katsumi96,11499,5.0
KasumiN1x,52578,8.0
Foodperson,30296,7.0
Tiagovek,33573,7.0
CPlusPlus,523,8.0
-Arisa,54850,8.0
protostar98,22877,7.0
MonkeyDDave,37078,8.0
itsBits,13357,5.0
artubis,51693,8.0
iveseenstuff,55644,8.0
arne0,38572,2.0
Tiffie13,15117,7.0
MoooooooooMilk,6045,10.0
RitoDeviluke,4214,6.0
Katsuro-chan,5909,8.0
Thooka,37956,5.0
Karo_cchi,25567,2.0
prismheart,8557,7.0
Rixthul,50602,8.0
Kashish_Jani,121,9.0
FoolishEgg,1824,9.0
itsalerio,33486,8.0
-Grand_Grievous-,25183,8.0
-Ichihara-Yuuko-,10491,6.0
-Desu-,48414,8.0
Mooniouz,32,8.0
Ritsuchaaan,10800,10.0
Thrive2Mix,47162,8.0
Forw3n,20899,7.0
Moonus,10620,9.0
Katase-,47194,10.0
-Elliott-,8074,5.0
TiasheRaggs,2890,10.0
Karlie,972,9.0
Katadziina-chan,3702,10.0
CLAE_1278,38656,4.0
Riquixote,57616,8.0
Fonteees,50612,8.0
FourSeasonSage,416,7.0
RoKuRotAz,39093,9.0
Fonazo,23755,4.0
Karma_Bacardi,42249,9.0
Cajermo,40454,7.0
-Jaegers-,45576,7.0
pranav12392,34281,8.0
arphoe,40454,8.0
-Araragi-,2563,9.0
--NoOneCares--,30503,8.0
Forever_Dead,5114,10.0
Fr4m,37998,6.0
Foxna,10800,8.0
itarekahmed,11757,10.0
profsatjipto,11577,10.0
-Kurinto-,40904,7.0
Frank54,41084,8.0
Monjster,4181,9.0
RivalS,38883,9.0
RjtheGreat14,30276,9.0
Monou,527,9.0
Rmekude,54857,9.0
artikfoxa,42717,2.0
Riusnaan,12967,7.0
Rior_Archnemias,35376,9.0
MonkeyDHunter,38422,7.0
ash_has_no_cash,16498,10.0
Thorons,37976,8.0
Rnzboy,9776,6.0
-Fenris-,16011,8.0
iuliuscezar,31964,8.0
-Ecliptix-,11113,9.0
Karinyia,17341,5.0
Tijs1710,55644,9.0
Cacheir,48842,7.0
ivenusdoom,14653,7.0
princessmoira,60377,8.0
-Ifrit-,34561,5.0
Moonpenguins,1535,9.0
Tickles-BNana,39551,8.0
Moonlava,2001,7.0
ashsih99,38098,8.0
ThyToastedBread,23847,10.0
Tiakka,5231,7.0
--Aestuo--,4181,10.0
-Kiraide-,32175,8.0
Kat0Megumi,23321,8.0
prince_loomba,50583,5.0
Moonphantom,35639,5.0
Cafra,36407,1.0
itacha4ever,1195,8.0
-FUUJIN-,10049,7.0
MonkeyDLuffy123,31722,4.0
Fortijack,269,5.0
poyomon99,23423,3.0
RioLowell,42544,8.0
Riperjump,9617,10.0
FourSeasonSage,488,7.0
ashinkei,50348,7.0
RizzkyIsHere,58216,7.0
-Keiko-,26213,8.0
Fran_Law,18679,6.0
CaeluX,37520,7.0
Monstruox23,30654,9.0
-Hollowfication-,10033,7.0
itslinotlie,39026,4.0
Katoume,18897,10.0
itachi-uchiha007,10408,7.0
isshoniikitai,2994,8.0
RitzCo,10020,10.0
Moony,27957,6.0
-Fantasia-,4382,7.0
Fouton,38161,4.0
Thund3r789,9919,8.0
Kartik_Gusain6,47917,9.0
asianbearshow,1535,9.0
itsalwayssunny,40852,10.0
potion_seller_ye,41402,9.0
Tier3Simp,52991,10.0
Rippinite,7311,7.0
Ritten,32937,8.0
FoolishTaoist,41120,5.0
Monoxide12349,61871,4.0
FraN_cs,49721,8.0
Monochrome10,38826,8.0
-Aras,6171,5.0
Foxyclaws,41135,5.0
CROCODILER,40879,9.0
Fox-Paw,42826,4.0
ashuss,18897,8.0
Rkp_NS,14397,9.0
MoonPhos,853,6.0
ThorinPink,11577,9.0
CaFeSuaDaddy,34542,5.0
Caioviski_,40215,6.0
Katrinvond,25157,6.0
TiaanM777,47162,7.0
arjupg,120,7.0
ForcingARC,28907,8.0
isshoniikitai,530,8.0
KasukeLp,35178,6.0
Fraanovich,19815,5.0
Kartzw,36511,5.0
CLUB_ANIME,34034,2.0
Monix-sama,1568,7.0
CactusCalamity,949,8.0
FrancoZGZ,41226,8.0
-Guacamole-,14741,8.0
arnovego,52299,5.0
KatShortwick,25687,7.0
Monoriu,11759,8.0
FragileGlass,13203,6.0
RitsuTwisted,11285,5.0
CactusCalamity,19163,7.0
Rizu_Ogata,24873,7.0
Karma711,164,7.0
Karniale,34240,9.0
armedslave,31722,6.0
MonstarFN,34542,8.0
issei98141,7817,6.0
-Azurel-,6023,9.0
FraNxxx,48556,5.0
Rnh123,16011,6.0
--NoOneCares--,36882,6.0
TiffyIffy,36756,6.0
psthfn,36456,8.0
-Kurara-,15039,5.0
FraNcy2317,54857,9.0
CRYTRAX,8460,5.0
CXRBXRUS,50275,10.0
Karo_cchi,39783,8.0
prince_godara_00,48513,10.0
CaiqueMTO,5941,7.0
arthskuro,24543,4.0
CaioOkada,469,7.0
FouAlter,33475,8.0
KaseSenpai,8861,7.0
KatiaP666,4224,8.0
CaSV,36946,8.0
MonkeyDFlavio23,32686,7.0
its_ines,31478,9.0
isyasad,1575,7.0
CaPtAiNiCeCoLd,31181,8.0
KarpKoi,35639,8.0
Ritma,6205,10.0
Caerulcifer,50652,7.0
its_me_lmao,36884,6.0
Kashima12,51213,10.0
Tiakka,55644,9.0
CaldeCrack,44276,8.0
Katholic,530,7.0
MonocerosViatrix,15583,7.0
KarmaCat,30831,7.0
CKRpl,53439,6.0
-Dislike-,14353,8.0
CLAR-A,9055,8.0
CaSV,35249,8.0
ashtherobot,37349,7.0
itsthemilkyway,22043,8.0
ash101939,37510,9.0
Karinta,36286,7.0
ixDako,7817,4.0
ashtefo,34542,8.0
-Lucilfer-,53149,7.0
Kariyu7,1132,7.0
-Lofn-,33254,4.0
arkandi,174,5.0
Ritainix,5848,8.0
Foxmester38,58502,8.0
itikitty,10849,5.0
MonoText,37779,9.0
itsLain777,11597,8.0
-Cyrille,7054,10.0
Moon_spell,464,6.0
ismail,10110,4.0
ThunderRed99,15039,7.0
KatOtaku,31964,10.0
Monkeyke,41487,10.0
ThousandRJ,39585,8.0
ThunderB2,36699,8.0
pqrro,270,6.0
Fozhar,11741,10.0
-Hikawa-,50709,9.0
its_harshitda,35790,8.0
-Kirito,33360,10.0
Tiago_Soares,228,7.0
asahi22,2182,7.0
----shia,41402,7.0
MonkeDLuffy,242,7.0
-Lofn-,33506,3.0
Mont_,46095,9.0
arradheen,59571,10.0
Tiblaster,42203,9.0
Karumine,732,8.0
RitaMita,40005,10.0
Thunder5301,30831,7.0
-Cake-,40591,9.0
itaisinger,22319,8.0
Tigre96,160,7.0
Moonpenguins,8937,9.0
RizelSenpai,38302,7.0
princesskamila,30276,9.0
ppalganppanda,33421,8.0
Tigasferu,4224,6.0
RiverLilly,52985,7.0
-IsaqueSmile-,37747,1.0
Risteeen,41102,7.0
Thosetimis,11771,7.0
----shia,37141,6.0
ixajii,54790,8.0
issy_walker88,32281,10.0
TicolinoTicolas,51818,6.0
CNeto,48414,5.0
-LADD_RUSSO-,31043,8.0
ivekz,52034,7.0
Tiago_brandao,9756,10.0
CVMA,20,8.0
Cactieee,7711,8.0
armin_lp,21881,7.0
Forbiddensimp,52830,6.0
Cadis13,4059,4.0
MonkeyYeager,35760,10.0
prichilla,57192,8.0
princefa5,4760,6.0
itskyzer,33486,7.0
Kassie_M,41168,7.0
Foxofdeath,41487,8.0
Cabrisin,34599,10.0
Ritam_1,47164,8.0
issy_walker88,41168,6.0
asdvvasd,6880,2.0
Ritor,578,8.0
CYioReti,35860,7.0
Rito-kun,5530,8.0
KatieFrank,11077,6.0
arkamized,35363,9.0
Moon_Sham,33255,7.0
ThomasGremory,40320,5.0
-Desu-,41084,10.0
ForzaFerrari,39547,7.0
itsrj20,43690,7.0
Monoluxuria,55547,9.0
Monkey_D_Litty,11633,6.0
-Lobo-,42205,5.0
CafeManager,37033,9.0
prantzpatil,32105,10.0
C_mikhail,52990,4.0
princenublet,22145,7.0
MonsieurLeMoo,40852,7.0
-AC-,1482,10.0
prophetslit,8407,9.0
arvon2,18495,5.0
Kartein,14991,6.0
artfola,35838,7.0
Katie8026,28977,9.0
CPxSUBZEROx,8841,10.0
-Anna-,10589,9.0
RizeleaSerafall,7791,8.0
-Animewatcher-,4662,10.0
--ALEX--,34100,9.0
CaPtAiNiCeCoLd,38408,9.0
itsreihan,40497,7.0
iwantodai,11785,7.0
Thruddingsfly,524,7.0
itsjustraxa,37520,7.0
CTcommander,17873,6.0
Monkey648,33255,8.0
Tiamat42,10568,7.0
arizkykun,24655,5.0
Foorty,51179,6.0
Risinglit,169,10.0
MonkeBoy71,36106,8.0
itikitty,16868,5.0
-Chronos-,40496,4.0
Rinsland,34798,9.0
Kasunia,6372,7.0
Thunderbreak11,49909,8.0
Fonsu88,201,6.0
-Arima,34599,9.0
Fractyon,33302,5.0
Monix-sama,1690,6.0
KatrinaWeeb14,24833,9.0
MoonNymph,27899,6.0
arshagor190,49891,8.0
Tichoslapek,32190,5.0
RipTide,54857,10.0
Frabosco,47778,7.0
ismokesoysauce,14741,6.0
artemis_77,51680,7.0
itsukandy,51179,8.0
psycogundam,1637,6.0
-Alexa-,36862,6.0
Thrive2Mix,37576,6.0
Riru1,51367,9.0
Thukuna-Gojo,40748,8.0
MoonTurkey,35843,9.0
Rixiia,28999,8.0
KarlFellOffAnime,28851,8.0
FoolyCL,6547,8.0
FoxSin-Fen,9253,10.0
--NoOneCares--,40594,2.0
Thraggrotusk,24439,7.0
pryout,31240,8.0
MonkeyDKyle,891,6.0
powerpig,46569,8.0
praveen_neevarp,33352,10.0
FouteMakelaar,39535,8.0
Monky111,40586,4.0
-Darkbolt-,15879,6.0
Kashiragi,25157,8.0
KarmaTempest,4214,6.0
TikoMia,35678,6.0
armob,32930,9.0
pranavx_007,38408,10.0
Monzue,40974,8.0
asdfghjklin,19815,6.0
asheccen,39597,7.0
Franciel,10030,8.0
arkilag,34618,7.0
ivaneb,43523,7.0
-Kano-,16011,7.0
itsMErcy,53835,7.0
Thresandy,56228,8.0
ThunderbroAnime,16742,8.0
CVBuckets,33338,7.0
Ristarchik,42745,7.0
itikitty,36915,6.0
arphoe,10087,7.0
artist-retired,1731,7.0
itsukandy,12059,2.0
Tiga42,33929,7.0
armadillo7zO,15771,7.0
armtheque,852,8.0
ashlynww,40542,7.0
Foxy15,37510,10.0
ThomasioDeWeeb,30831,8.0
CadTD0156,41168,7.0
KatoWorks,58883,9.0
ashyvers,42310,9.0
France53,38671,10.0
Foziak,35507,9.0
ixDako,32409,1.0
Katsudon-kun,28,8.0
arshiorange,50602,7.0
-Droid-,387,7.0
Karolszx,37991,7.0
Francis_G,21995,9.0
pragadosinfernos,30484,5.0
KarmaxD,9919,6.0
Franciscan_Duck,6547,9.0
itsdreo,56461,5.0
-Kushii-,50380,7.0
arn26,21469,7.0
-Cody-,37430,10.0
itspro,52367,7.0
RiverboatRam,23273,10.0
pppatrik,60543,8.0
prouted,58920,7.0
Foxcoo,38710,7.0
itshananas,40748,9.0
MonstarFN,39587,8.0
itsmejudy,38000,9.0
MonoXchrom,8407,7.0
pris_sucks,48415,6.0
CaganStark,33028,7.0
ThousandRJ,6880,6.0
Moonpenguins,27655,7.0
istanblue,41457,8.0
RitsuOkumura,10213,6.0
Caju144,53050,9.0
Caeruleus_CCXVI,14349,7.0
arunbainz,15809,5.0
Cafer7,35994,8.0
Rjboy13,32182,8.0
RitzCo,5341,9.0
Caboose,710,6.0
Tigre_,52991,10.0
----shia,35629,4.0
Cadmium,31149,6.0
CSMPiano,32281,8.0
Thomas466,442,8.0
Thyst,53730,7.0
itoshi_kare,52578,8.0
--Shinobu--,10029,8.0
-Cake-,39164,8.0
RisottoNero1337,33352,8.0
arunbainz,39533,8.0
Foolishweeb,32281,7.0
Tigre96,345,6.0
Moodkiller,13055,7.0
Monkeyking908,536,9.0
prowtar,10721,5.0
artsysasaki,19369,7.0
Moonshadows,2904,10.0
-Ariaaa-,28069,6.0
iwasanee,21067,8.0
prince_loomba,33352,8.0
Risingrice,34012,8.0
-AlexandruS-,2593,7.0
RipTide,18897,9.0
MoonSun7u7,11285,7.0
RjtheGreat14,48239,7.0
Kasurname,44511,8.0
FonerBalear,28171,9.0
Monusha,23273,7.0
Monkeryz,50064,6.0
MooMoonFr,50549,10.0
Monke_D_Rip,39565,7.0
-Kurara-,11633,6.0
prabal04,16664,9.0
its_bunny_1536,38408,8.0
--NoOneCares--,53580,9.0
Tiago_Soares,28121,8.0
primo_do_futera,885,8.0
procop,41487,8.0
Fraikz,38101,9.0
MoonWulf97,9062,7.0
CKRpl,50184,6.0
Cabriti,48561,7.0
Thunder1227,41353,9.0
aseeon,50425,7.0
prototypeOEZ,19489,7.0
COLD_JAUM,60593,8.0
Ritsu-Kawaii,34966,7.0
MoonTan,34498,5.0
presentedtax,52962,9.0
Fopdoodle,28497,8.0
arstan,1535,10.0
-Akuro,4460,7.0
-Dakki-,32729,6.0
ivyeyy,339,10.0
Monteschizo,35788,7.0
Tiakka,34984,7.0
ivancho972,32729,5.0
Riselv,31646,8.0
ThomasGoodman,46569,7.0
itadakitontaro11,17895,9.0
Rion_666,58822,7.0
Moony-Denriatys,14741,4.0
ivan_90014,45576,9.0
RioluKusanagi,415,7.0
Katsureki,490,9.0
Foxxxxx,52299,6.0
RintoYYY,50803,6.0
itssVar0,502,7.0
Foms,3334,5.0
-Kano-,47161,5.0
princessleddit,6547,3.0
FraN_cs,32262,7.0
its_fariz,35712,7.0
pothekin,41467,9.0
prohibitedeyes,46431,7.0
MonstroDoOlhoSo,16742,10.0
itsmee,246,4.0
Rlylex,10863,8.0
pricodil,32182,9.0
-Gokuu,226,7.0
Foxx_03,33486,7.0
KasumiSh,31733,8.0
KatsuMMR,35180,9.0
KarmaTempest,42571,3.0
Moogy-Anime,1958,6.0
CalabreseMuzza,52034,7.0
ThySe77,38408,4.0
Monomatt0013,10080,8.0
Fran,11687,1.0
Caalm,38040,8.0
Fraikz,21033,6.0
Katoume,34480,10.0
proboo,35639,6.0
itskripesh,49590,9.0
Tiago_Vaz_007,36793,7.0
CakraFritz,40530,8.0
arshiA379,45556,8.0
Ritsuga3,37710,7.0
Fraffo_,41456,1.0
-Fuyuki_,459,8.0
iskandarsouza,35507,7.0
Riptos,9958,7.0
Monkey-D-Luffy97,24833,10.0
pri_arts_,34618,9.0
Rkyve,17265,7.0
Tibler,33106,6.0
FouleBazarD,47917,9.0
Thoompiemas,19815,9.0
FoxMayCry,14719,10.0
Moonalice,41226,4.0
Katarina1804,28851,7.0
-Cody-,34134,10.0
KatOtaku,61577,6.0
Karva1,36726,6.0
CYCL_Dusty,10271,7.0
as_kostek,38480,6.0
Rk003,1535,10.0
ivaxx,14289,8.0
Moodkiller,36043,7.0
artemawpn,33161,7.0
-Ichihara-Yuuko-,17513,7.0
itskindacl0udy,19815,7.0
Kashish2610,30694,8.0
KarmaSlyr,55973,10.0
Karol11na,52031,2.0
Kasugano,24655,8.0
MontSkul,58473,5.0
prince_loomba,14075,7.0
-Danmaku-,59689,4.0
aroaracil,20463,6.0
Fovez,570,6.0
TigreDoPi,40908,8.0
Caldo_KynoR,33674,8.0
Foodperson,9253,10.0
artar1337,37441,6.0
Katon967,6187,6.0
iwatch2muchanime,2087,8.0
FookinWeeb,25099,7.0
ivanflinn,42361,7.0
Forwards,11741,10.0
-Droid-,32615,8.0
-3002,33222,6.0
Katachidfoxy,48895,8.0
Foxata,6573,7.0
-Kiito,137,10.0
MooCow126,28755,5.0
arthur3644,61917,9.0
ForeverNotAlone,37982,9.0
Rizenrack,22043,3.0
-Agera-,24703,8.0
Caju144,38083,7.0
-BL0SS0M-,42385,7.0
Katsukineko,38883,7.0
Katoteshi,51815,8.0
Caden_Chu,6213,8.0
prodigy1807,18001,9.0
ThomeofReality,918,8.0
RipperAkkarin,35073,8.0
Calabre006,31174,6.0
Fradischen,28121,8.0
Cainmik,61322,10.0
ForgottenDays_13,22535,7.0
Forthelawlz,48583,7.0
proton0094,35082,8.0
ThudSoundEffect,43,8.0
Tiger19,40436,8.0
CORR_Kubs,31933,7.0
Katsura_017,38963,6.0
Rish141,49926,8.0
ThomeofReality,11499,9.0
itachi_re,33142,7.0
potatofan123,53439,6.0
Rivi_24,32935,10.0
Foquitoss,457,9.0
arpsa,179,5.0
Montie,4720,7.0
Rizhuki-san,39463,6.0
Tieddy,30240,8.0
asahinamafuyu,32281,8.0
pranav12392,20,9.0
FoxSin-Fen,54968,7.0
Monometheus,20787,8.0
Thzinh_,31240,4.0
Fox____,52299,9.0
RishJD,30016,6.0
Monster_nachos,37982,8.0
Rizenrack,22729,4.0
MonkishGorgon8,55791,9.0
FragileGlass,8841,5.0
Cakrawala,20899,10.0
Rishama,1195,7.0
Thomas_Atwood,11771,10.0
Kasderan,37450,8.0
itsukandy,38768,8.0
Fraiiz-Wanderer,199,8.0
Cakethatisall,23289,8.0
-MAZ1NO,30727,7.0
itskripesh,48405,5.0
ithaswhatitisnt,4214,8.0
Foreverhin,31859,9.0
Thrive2Mix,40587,8.0
Thunderlord01,934,7.0
ppelsa1432,35315,10.0
--Secretoben--,38778,7.0
Fotsuan,21881,6.0
-MYK-,31051,7.0
Katholic,25013,7.0
Rishi1207,853,9.0
CaioOkada,12365,9.0
Fr4m,5042,6.0
Katsuragi222,42072,3.0
armandomora,39523,7.0
psychosykes,40956,10.0
MonkeyDgladson,42203,7.0
Ritor,37105,9.0
-MAZ1NO,40761,7.0
MoonLuchan,8460,5.0
CageFreeSpy,38000,8.0
RiveTTo,43299,8.0
Rjpper,572,7.0
CQLLIST,21843,5.0
Katsuragi222,37475,7.0
-Juanjo,37105,8.0
Kartein,49438,8.0
Foxmester38,34240,9.0
CalCite3,59207,8.0
KasumiN1x,53148,5.0
Karma1100,9041,4.0
Risame,587,7.0
princessleddit,15061,5.0
Ristarchik,16444,6.0
Cake1111,52367,7.0
-Elegy-,49613,8.0
CMZeus,34933,8.0
Moony-Denriatys,55866,9.0
asdassss123,33674,10.0
Rixsu,51009,7.0
Moon_War,42249,9.0
-LightHand-,35946,6.0
--Jin--,41353,8.0
arya333,16706,9.0
Moon_flower27,4898,7.0
-Anna-,724,4.0
-Emiya-,7435,4.0
arodoetaniri,457,9.0
Foms,50099,8.0
Kast2,60254,7.0
itsankith,2963,10.0
MonjaElisa,14921,8.0
FpzZzZ,40591,9.0
-Araragi-,248,7.0
probreaux,39198,7.0
Calais_,51019,10.0
Moonyp,21995,6.0
ivvas,33929,6.0
Risely,51381,3.0
Katsuki,56062,6.0
Francisco_Avila,53613,8.0
asapkun,38408,7.0
MonsterOfLogic,2472,10.0
itsRaphael,48569,9.0
asdf1972,30654,6.0
Riverwave,59,10.0
asafsuf,11577,4.0
Tiago_Reis93,41226,8.0
Moonlight_Arc-V,6030,9.0
artemisthemp,42361,7.0
Ticafr,40746,5.0
KasoTeki206,22789,9.0
Katakiki,48561,6.0
Cabrian53,37991,10.0
Karmalvb,889,8.0
Moondusk,40595,6.0
MonsieurLune,41457,7.0
Foukalt,23289,7.0
-Carnifex,39783,8.0
Monsieur_,40748,9.0
isseixkoneko,34383,2.0
Thundji,37345,7.0
Rior_Archnemias,30363,9.0
-AinZ-,41353,8.0
itikitty,36596,5.0
primordial_noir_,11771,7.0
Riskeric,15809,7.0
Cale5Jubilife,40507,5.0
--Mister_Mario--,34382,10.0
arpia97,1033,8.0
Moonman616,25157,7.0
itachi-i,20583,8.0
arrarragi,33486,8.0
Katakiki,28025,7.0
ivekz,52446,5.0
CUNAGOSSUS,40028,9.0
CMacAkira7,53033,7.0
CTein,31580,7.0
ThomasGremory,34513,9.0
Moonscar,15689,9.0
Katiesomething,41168,9.0
iwsifakismag,5525,7.0
iwasanee,38668,8.0
Rizzadd10,20767,6.0
MoonNymph,34561,9.0
-BerserkArmor-,31553,6.0
primalnexus,21881,4.0
Cachoera,20785,6.0
Monofly,58510,6.0
itsdreo,33280,8.0
Tiago_KT,37430,8.0
ashuss,9756,8.0
ThundBlack002,31798,5.0
artemisdeplata,38249,7.0
Forbidd,32,9.0
ThunderRed99,44200,8.0
Forionsy,38101,8.0
iwashalfawake,339,7.0
proximacanal,39547,8.0
Cake_Sweet,16904,8.0
-Luhui,322,8.0
Risolarin,37430,9.0
Fountain_Of_Milk,36561,8.0
Karmelka,10568,10.0
-Aria-,37779,10.0
potatosalad1,32899,4.0
iwatch2muchanime,341,8.0
aseeon,8247,6.0
Moonlith,12115,8.0
Katsuna,51180,8.0
Riroshi,6956,8.0
Kasugano,6682,7.0
arrazolavguille,9776,5.0
asadxawan,39535,9.0
prohibitedeyes,3588,8.0
itsthemilkyway,34103,8.0
Monkeyking908,42282,8.0
Karurosu_ncz,3686,6.0
-Glin,34933,2.0
Rioton,21855,6.0
ivekz,30514,2.0
Kasra092,25781,10.0
ashinkei,38671,7.0
artemisthemp,35730,6.0
Kashifam,30276,10.0
artin_1702,46095,8.0
Rivi_24,37799,8.0
itsDVN,6702,6.0
-Akio-shin-,3848,8.0
Caioba42,21881,8.0
-EpicMan-,759,10.0
CaioOlive,39730,7.0
ForlornHope,31098,6.0
Fraisier,9539,7.0
Frank54,8753,7.0
CT_BINO,37435,6.0
Monzue,37528,5.0
its_el_bori,38524,8.0
asetrisk2,10218,4.0
FranBell1316,57334,9.0
FraNxxx,51367,8.0
Montazer-kun,28479,8.0
itz_darkcry,49596,8.0
Foundingweeb,30187,8.0
Kasugano,34383,7.0
TikTikPL,39326,6.0
princekc,39535,10.0
KatharinaDan,19815,9.0
MonstAR_,6425,5.0
Katsuki,6927,8.0
MonsterEnder,54103,7.0
Mooodyy,11843,8.0
ThymeSeyU,54846,7.0
FoolsOro,36946,10.0
KarmaExostylx,53126,7.0
ixiao8,44412,10.0
CPiva,25397,7.0
RitaTrindade12,33104,6.0
Folousho,1575,9.0
Katsuragi9,2759,8.0
MoonWulf97,14719,10.0
Katsuhira_Nai,8247,10.0
Moonieforlife95,371,8.0
Katsumi_Leaf,40004,8.0
Katil007,39535,8.0
Thrust,23233,4.0
CPiva,33255,8.0
Moonscar,5030,6.0
itchika,40496,7.0
Rita98,10620,10.0
prisuguimoto,34712,8.0
-Darkbolt-,24855,3.0
pratiksingh1594,22535,8.0
Katatsumuri-san,2246,8.0
prodigy1807,8086,7.0
itsdreo,38329,10.0
CagalloPerSequia,56562,9.0
ps2_superstar,416,8.0
prettyHearts,33255,7.0
pssp_16_2005,32182,7.0
Ristoki,55701,9.0
Risuperu,31478,3.0
-Asurayu-,20899,7.0
aryanbisht__,1535,10.0
Thomas_Atwood,37396,9.0
ForeverGolden,40841,9.0
MoonTan,16782,8.0
Katsura_K,5114,9.0
Foncess,40059,8.0
Calal-Chan,1699,5.0
Thunderking3,23321,7.0
Throttlee,977,7.0
Katakiki,1240,7.0
TiagoGomes,3783,4.0
artonelico69,32998,9.0
prodigy1807,52962,8.0
itoshi_kare,34902,7.0
Francisket,31478,7.0
-Crown-,16742,10.0
Throni,4158,1.0
Fractured-Image,25835,6.0
prateekchhikara,4921,8.0
ashuran9007,56838,5.0
Foreignex,35073,7.0
-Dice-,37450,7.0
princenublet,28805,8.0
iusededmemes,14837,9.0
Monou,24,9.0
Katsudon-kun,38883,9.0
Ririkkaa,43299,9.0
Rizzles,3328,4.0
itsdihere,416,7.0
Monkey_D_Alif_21,34209,2.0
itsanimel,39988,7.0
RiverLilly,41590,7.0
-Cody-,33206,9.0
CURSED_DEM0N,11771,8.0
RoKuRotAz,27411,9.0
Rio_Shuri,27899,10.0
Mongezuranyan,18139,8.0
Ritainix,31080,9.0
FraLeviz,30276,7.0
Rinxx,38480,6.0
Riot,30503,8.0
itsDVN,15315,7.0
-HonokaKousaka-,32997,4.0
Karmel,39534,7.0
----shia,3366,5.0
Moonlit_Lilium,32182,10.0
Rising_Tempest,38680,7.0
przemek123,11757,8.0
itsjustraxa,2034,8.0
Fonzin,53859,7.0
prohibitedeyes,54837,7.0
Monkey_gamer123,49387,6.0
itado,47161,6.0
Tigeren,34933,7.0
MonsterLiebert,27829,8.0
Foms,874,8.0
ThomasFukano,40852,10.0
asheccen,6151,6.0
FoxPerks,35997,4.0
FourSeasonSage,25835,8.0
itchydango,36563,7.0
Foodgoat,1088,8.0
arrow-123,11111,8.0
CafeAlpha,37341,7.0
asd-,52588,9.0
Cachoera,10719,6.0
ThundeRR-Sama,11741,7.0
Mooni00,31798,7.0
Karlstein,38936,7.0
Fonurb,48561,9.0
asdfignacio,40074,5.0
TigreDoPi,38000,8.0
itzjessx3,28171,10.0
arveii,47778,7.0
Riquetrom,50265,5.0
RisingAceTraine,58080,8.0
Montalpaca,40052,9.0
Rippinite,39017,6.0
CLfromHS,11757,8.0
Tiff_D,49413,9.0
RippleLover,33025,6.0
professorwho42,31240,2.0
RiroshiDtK,2602,8.0
pracyst24,30,8.0
-Darkbolt-,50916,6.0
FrajolaMonjiro,49889,8.0
Francisco_Avila,1685,7.0
--6,40839,7.0
princefa5,586,7.0
-Kano-,51462,7.0
MonkeeDan,55888,8.0
KatsuKaizo,13659,1.0
Katsumiii__,38186,9.0
isjusme,59205,9.0
RlDennis,35120,7.0
CLModerno,55888,7.0
Kashtanator,40028,9.0
Rizuchii,25183,6.0
-Itachi_Uchiha,22147,3.0
arv_iksan,1575,10.0
powerofemo,13469,6.0
itsankan,53446,7.0
Rinzler145,59226,8.0
asdassss123,48561,9.0
princenublet,52211,7.0
CabralKDC,34451,7.0
itotaku,37442,8.0
CabMister,31630,3.0
-GABU-,8525,7.0
Katie8026,15085,5.0
arrozconmole,3785,5.0
Moonshiro,55866,8.0
Cakrawala,10012,8.0
-Hawke-,27947,7.0
Tiakka,35434,7.0
RishiAnime007,48926,7.0
Rippuvan,15197,5.0
Francis_G,34492,6.0
MonstroDoOlhoSo,29093,9.0
CZ2128CZ,32268,8.0
Monozone,38000,8.0
CaekCake,39456,7.0
Kashtanator,49160,5.0
Riptos,877,8.0
itamarZ,39783,8.0
MonkeyDFlavio23,35079,8.0
pri_arts_,971,8.0
Rito-kun,527,9.0
itss_abbyyy,23421,9.0
Throwawaybathtow,41103,4.0
Cadisven,23273,8.0
Framedingold,37991,7.0
Moonxch1ld,570,10.0
aronyn19,49596,6.0
Tiffaniya,3791,7.0
RitsuTwisted,9203,5.0
FosterSon,58514,8.0
-Arisa,1119,7.0
-Lucilfer-,37826,6.0
CT_BINO,57334,8.0
MonkeyxDxDiablo,35062,8.0
itarekahmed,56442,10.0
Karinyia,13429,7.0
C_y_a_,49236,7.0
Karolayne,52991,10.0
itsjustjosh,13659,1.0
asaderu,39592,9.0
MoonMoon6969,40750,8.0
Kariyu7,42205,7.0
MontuBoss,3782,8.0
-Cyberia-,2225,6.0
propatel77,38691,8.0
ForeverGolden,21647,8.0
itav,31537,4.0
---KING---,35592,7.0
itmeh_anime,47158,8.0
-Aria-,32867,9.0
COLD_JAUM,14837,7.0
Thukuna-Gojo,269,6.0
Frank_00,32182,8.0
RissaVik,40060,10.0
FourthWind,50401,7.0
Caio009,56923,7.0
Katsureki,14669,9.0
ash_utosh,51533,8.0
MoneyMoon,35994,9.0
iv0rye,54492,10.0
Kast2,55791,8.0
FoxEyes,258,4.0
isrozzis,387,8.0
powerofemo,9367,4.0
artonelico69,5041,8.0
Fossanium,54724,8.0
aronyn19,20899,6.0
RiscoEdits,9756,9.0
Katenou,48633,5.0
KatjieKat,42893,6.0
FrakkinChar,227,6.0
Montebello,30,9.0
Fraiiz-Wanderer,8676,8.0
Katsu-kun,24687,8.0
RoTheLegend,25383,8.0
-Kano,30307,6.0
Fr3nch,14345,5.0
RioFS,44074,8.0
Foltvers,34822,7.0
CLanzion,9379,9.0
princedizzytoon,54103,8.0
-Cyberia-,1530,4.0
Kartein,269,9.0
-DarKSlayeR-,40456,9.0
pouuuiii,18893,8.0
ThugHunter,2402,9.0
artubis,39195,10.0
prateekbhati,41467,9.0
Karuto90,49918,9.0
-Axelrod-,38483,5.0
prism__,42203,10.0
Ritma,32094,10.0
Fortescue,18153,7.0
FrancWyvern,34933,4.0
-Ginko,14513,7.0
FosterSon,48633,4.0
Monochrome10,52034,9.0
ThyroidBeanstalk,14967,7.0
arshiA379,89,8.0
Foomfa,18247,2.0
Karlitos_999,37055,7.0
Caerulcifer,25157,7.0
asadxawan,54918,8.0
MoonlitKaitou,3572,10.0
Monya3,30276,9.0
ash_ramen,37430,5.0
C_H_I_N_M_A_Y,53273,9.0
iwatchan1ime,164,9.0
its_me_lmao,3352,9.0
-Droid-,20709,8.0
MooningManz,51535,10.0
MonkeyDLuffy123,49889,4.0
RoDem,42249,5.0
asdfawergfaerg2,6746,7.0
psyart,9756,8.0
itsBrix,39783,9.0
Monctr,30654,9.0
Risa0_0,6574,8.0
----shia,4176,3.0
-Arti-,36098,10.0
Cainrra,32380,5.0
ashouga,47917,6.0
RivetingWeeb,25519,8.0
Kato_han,31173,8.0
isjusme,28221,4.0
Rinxx,11499,8.0
Fouton,8876,8.0
ThomasAndersonTR,49987,9.0
Rishabh069,59142,9.0
ashinkei,39247,8.0
Karyra,10379,8.0
Katsu22,57891,8.0
iwazunan,36649,10.0
provec,22199,7.0
COWBOY17,205,8.0
-Aeriel-,31483,8.0
-Frimmel3456-,33352,9.0
Moneypencil,37982,7.0
Karu_Bunny,5530,8.0
FoxOf,2924,8.0
MonkeyDNic,40530,6.0
CUMGUZZLER69,28121,7.0
Rirayshin,34572,5.0
-Killua-,16498,9.0
Thorons,30276,8.0
KatOtaku,56435,8.0
-Arti-,18897,7.0
KatOtaku,51614,8.0
ForbiddenBG,16762,7.0
Kasteros,28249,9.0
Katil007,38555,7.0
Ritor,2034,9.0
KarmaExostylx,54856,7.0
Riziitis,52991,10.0
-Kazuma_,1132,5.0
iwsifakismag,32930,7.0
Katsohiki,28497,10.0
ittybittytitty,18677,8.0
arm4gedon2112,35062,7.0
Montanalean,30276,7.0
CaioOkada,4163,6.0
Tier3Simp,392,8.0
powerOfNeo107,35507,4.0
Rior_Archnemias,24405,10.0
MonsterZero11,16011,7.0
itsrj20,44248,9.0
-Aniki-Kamina-,39587,8.0
Moniiicaa,18099,8.0
Thoughts3rased,34240,9.0
pryzak,34443,6.0
itsankith,4901,10.0
asetrisk,40761,5.0
-FacetiousGuy-,594,3.0
Tiakka,36470,8.0
FoolyCooly01,24405,7.0
ThorviBritannia,40323,8.0
princefa5,6203,6.0
asd-,11161,6.0
itsreku,31658,10.0
Monctr,50184,7.0
itzjope,51064,7.0
FourSeasonSage,1341,6.0
RiskyForYou,14833,5.0
psychic_03,6351,8.0
CalabreseMuzza,33363,5.0
CakeFrosting,26055,5.0
iwsifakismag,40708,7.0
Caedon,35760,6.0
ashlinx,40421,9.0
Caico_P,10495,6.0
Franguinho,50608,9.0
itsleoxz,37446,8.0
przemek123,30694,8.0
RivaCry,38807,6.0
Thomas_Ribeiro,38883,9.0
-Laniakea-,36548,7.0
ThyroidBeanstalk,7054,6.0
CaldeCrack,51213,7.0
COMThing,30911,4.0
-Envy-,11777,8.0
Cakethatisall,15583,7.0
Forstarly,32869,8.0
Rmekude,59421,8.0
Rixthul,41226,7.0
Monkeryz,4393,4.0
Rion_666,42361,7.0
Monoluxuria,57861,9.0
Cactieee,48548,7.0
-Luffy_,24415,8.0
KatShortwick,24471,8.0
CaDaLy,6213,7.0
isojen,36511,10.0
Foxaris,264,7.0
Caio_Oliveira,31722,5.0
KatjieKat,40507,7.0
-Elegy-,11633,9.0
Moontenegro,31715,8.0
itsjustjosh,16498,6.0
Foxcoolman,8676,8.0
arne0,32268,5.0
arvin_1219,44940,9.0
Karuzo95,24405,7.0
pqBanned,20,10.0
-Darczix-,12189,7.0
Tieddy,6682,7.0
Karlosian,36862,9.0
arkts,53516,5.0
Rissenicus,3002,9.0
Risyad_Risyad,37510,8.0
Francesc0,28999,8.0
arvon2,9734,7.0
Cactieee,28825,8.0
FouAlter,40013,6.0
Rio-,19221,8.0
asdfghjumiii,28755,9.0
Foquitoss,37806,4.0
Moody9868,18689,9.0
arrozconmole,1311,6.0
-Axelrod-,33028,4.0
Ritsuchaaan,39586,8.0
psychopeachtree,15039,6.0
MoneyGuns,34572,9.0
Foxomar12,11917,10.0
Thuph4n,50594,8.0
istshorty,48483,7.0
RissaVik,37206,10.0
itzsammiex,6987,2.0
Thunderclapper69,57058,7.0
Rippinite,54492,9.0
ThomazSpoiler,53865,1.0
Monokuma39,6288,8.0
Tibits,528,6.0
itotaku,23199,7.0
Foxcoo,11757,5.0
prokkirin,31621,10.0
Foolsome,38909,3.0
Ristic17,31758,9.0
Rizor,10863,8.0
asianbearshow,37719,8.0
RisheKafka,55701,8.0
MonkWu,38731,8.0
Monomonomonokuma,2828,8.0
Rittsuu,49514,4.0
KashKetchum,10622,5.0
itsleoxz,53865,8.0
ismail18,34430,6.0
Cal_cifer1,37520,8.0
powerOfNeo107,40938,4.0
ivanelterrible,48755,7.0
Forestwilson123,40852,10.0
Kartzw,23289,9.0
itsMErcy,47164,9.0
Calculus94,9201,7.0
itminly,31812,8.0
CalabreseMuzza,50594,8.0
FoxiDogs,48736,6.0
ivivapi,56701,8.0
ThyroidBeanstalk,8726,7.0
Foms,47917,9.0
-IguanaMilk-,24833,6.0
Foxlore2,52973,10.0
FourthKind,37675,9.0
ixajii,55318,9.0
Ritor,11499,6.0
-Camii,27787,5.0
KasukeLp,52865,7.0
Thuron,6849,5.0
itsmekarlyyy,40615,8.0
Monkeryz,35119,5.0
asckj1,31680,7.0
itaii,18397,7.0
Ristarchik,34599,9.0
Karnrage,53411,7.0
Forbiddensimp,23701,6.0
Ritorn,11617,1.0
asapbakery,9756,9.0
KariudoPL,33743,2.0
Fouton,13599,6.0
iwsifakismag,11743,6.0
armageddon666,37450,8.0
programmargorp,18893,8.0
-Aya_Chan-,10719,6.0
CRis7x,20787,7.0
ashai_,4280,7.0
Thurbs,36038,6.0
MoonTan,24021,4.0
Karma1100,15809,8.0
MontuBGTB,30091,4.0
artikfoxa,35120,7.0
FouTY,34566,1.0
-Caio,32729,6.0
Katsohiki,52168,10.0
Cai_Gamer,11597,10.0
Kasuga_Arata48,38620,8.0
Rjt,37936,5.0
MonsieurLune,15689,4.0
artosapien,37510,9.0
RjtheGreat14,41025,8.0
armadillo7zO,41946,4.0
Fr1d4y_94,42203,8.0
CahalSweeney,1856,4.0
Foodperson,30902,7.0
iwatch2muchanime,1454,8.0
Katsuki,27899,6.0
Monzue,482,8.0
Katie8026,37086,7.0
-Eien-,28981,3.0
potatostuff,38422,9.0
-Haseo-,48,8.0
-Itachi_Uchiha,22663,10.0
ashsih99,50273,10.0
itspro,10271,10.0
Rising_Tempest,52505,6.0
ivanvuruna,45649,8.0
RitsuOkumura,37450,6.0
Foxxxel,55813,8.0
pryzak,23273,10.0
pseudokatato,33352,10.0
MonkeyDLuffy2711,40456,8.0
professorwho42,6336,6.0
Mondi1234,11617,9.0
ThyroidBeanstalk,28155,5.0
-Beffy,60083,7.0
itsFranny,8861,7.0
-G-L-I-T-C-H-,10800,9.0
arru_12,31758,10.0
MoonStar9,190,6.0
Ritupan,34599,9.0
KassaneRendal,10153,6.0
potatofan123,50273,8.0
prismajane,30831,9.0
Rinto-kun,18753,7.0
Tiakka,41899,7.0
Thorfinn459,53447,9.0
KatoDesu,9396,4.0
Kasey,12049,8.0
CSRED,263,10.0
-Elegy-,24627,7.0
RishiAnime007,48414,7.0
Riri_Pendragon,33506,9.0
Caius611,25777,6.0
Framework-_-,40911,9.0
RjRaj,40496,7.0
ThomasPokemon,39477,8.0
Fraiiz-Wanderer,34176,8.0
Riwn66,14749,7.0
Tifu006,36286,9.0
CaioLima20,5781,8.0
arrcnez,33674,8.0
Rising_Tempest,30911,8.0
asdfneoncake,1592,7.0
Frajaroma,34662,9.0
MonsterGH,11617,4.0
ashleyann,10161,8.0
protonblast,14719,9.0
KasAllen99,37347,10.0
iwasanee,16662,7.0
Rizzadd10,40716,7.0
Karmanoel,57066,8.0
MonkeeDan,51180,6.0
psihius,50275,9.0
-Keen-,54492,9.0
arshiorange,48926,8.0
-MYK-,14513,8.0
CaaroArmada,11771,9.0
TiagoLuiz,43814,5.0
Karunas,39701,1.0
CaffeinatedRoman,121,8.0
CSL06,29803,6.0
Cacheir,51458,9.0
Rizzadd10,34240,6.0
Foodening,27899,4.0
ForkEatingGoblin,40454,4.0
ThyEmeraldMoon,10092,8.0
Caiesita,51535,10.0
Foreverhin,6956,9.0
ashpelo,30015,5.0
-David,29317,7.0
CYCL_Dusty,40540,2.0
Thomas02,35363,8.0
KasietheMighty,48561,7.0
-Lofn-,23277,4.0
Katakiki,52299,4.0
asiangodz69,551,7.0
asabust,35417,6.0
Thunsgp,9117,9.0
RitoDeviluke,41402,4.0
Rissio,50228,8.0
TiagoMoraes,10030,8.0
FoxOf,31964,6.0
Rion_666,35756,9.0
itslitmo,10793,7.0
Cale5542,50175,6.0
Fr1d4y_94,60351,3.0
RiveTTo,33489,7.0
ForflayyO,23421,7.0
Rinxiao,31722,7.0
ixShuriken,34626,8.0
powerofemo,1536,6.0
TienLachowski,39196,10.0
private_dave,39026,6.0
aseeon,14719,6.0
Ritsu-Kawaii,34612,7.0
Montypower,26055,8.0
ivekz,10408,7.0
itsMErcy,52046,8.0
Karurosu_ncz,38408,7.0
-Ezra-,40530,2.0
ForlornDemon,15809,6.0
FrancescoTheFrog,934,5.0
-Keiko-,37515,8.0
Rishabh1308,22297,8.0
KatOtaku,38400,8.0
--Ryu--,31636,5.0
-AC-,32937,10.0
FpsArena,885,10.0
MoonViolet,34599,9.0
FoxyKasumi,164,10.0
Katsuro-chan,13585,7.0
FoxMayCry,30137,10.0
Moonl1tS,47164,9.0
ivdos,202,8.0
MonsterZero11,10012,7.0
asaderu,19319,7.0
psdbzguy,366,6.0
itachi_re,15037,6.0
Kashtanator,16656,5.0
Rizzloneus,21,10.0
FourSeasonSage,39576,6.0
TikkiWiii,52305,8.0
itsmee_0e,53762,7.0
Ro101hit,30015,9.0
itshSelyna,41433,7.0
-Dislike-,48553,7.0
Ritsuchaaan,18121,3.0
ThorfinnT_T,48548,8.0
pslehaps,52198,7.0
-Mahesvara,32268,8.0
Riwn66,31953,7.0
arrazolavguille,5680,9.0
-Ariaaa-,47616,2.0
Monsoozi,16608,5.0
artkage_,38816,5.0
KathPissu,40571,8.0
Rizor,41109,7.0
arseneaultm,50002,7.0
-IsaqueSmile-,32902,5.0
Moonyp,38671,9.0
itsileana,57334,9.0
arjupg,9756,9.0
CUMGUZZLER69,51693,7.0
TiaanM777,32214,5.0
CVManolo,37447,6.0
ThomasGremory,33487,7.0
-Deschain-,40935,10.0
-Aras,40496,7.0
Monkeysalad,51213,8.0
Rkelt,637,6.0
CUMGUZZLER69,18671,7.0
Moonriverandme,32281,6.0
MooneBoy24,38993,8.0
Moonalice,35790,7.0
ixShiroKishi,317,10.0
-Darkbolt-,24765,8.0
Rish141,16680,6.0
Katsuro-chan,6774,10.0
Moonboy021,40935,8.0
asi_dc,40591,10.0
Riskelfish,38101,7.0
Monsoozi,462,8.0
princessLINDAA,4884,5.0
ThyToastedBread,44511,10.0
-Des-,11266,7.0
Katastuos,52578,9.0
potatoman69,452,8.0
RiveTTo,34620,8.0
itsBits,8676,6.0
--Niki--,25777,9.0
arman_akib,2129,5.0
pp813,31812,8.0
FouAlter,49109,6.0
itzVital,34382,7.0
pridak7,16005,8.0
iskandarsouza,36456,8.0
-Des-,39195,8.0
-Animewatcher-,34577,9.0
Katalyzed,18679,8.0
Foms,20449,6.0
-EpicMan-,28121,9.0
Riwn66,44203,7.0
Tia-Portal,59192,9.0
arrozconmole,202,6.0
CKRpl,777,9.0
ThunderBlade5053,40507,8.0
Rioteck,34544,8.0
arstan,18671,7.0
itsrj20,139,10.0
Throni,10501,6.0
Karumont,6746,10.0
TiaanM777,34914,8.0
princemalikxp,55701,9.0
Fraetor,48742,6.0
itsmemario55,39534,6.0
-Daldo,42205,4.0
arqm,1735,8.0
Moody9868,34542,5.0
RiyalDiamond,31637,9.0
----shia,16982,5.0
Thornister,849,9.0
Riwn66,225,7.0
Forest_1,27989,7.0
Rish141,51533,7.0
Riwar9,31043,9.0
Foukalt,53439,6.0
itsve,41457,10.0
MooZombie,38409,9.0
Caio_Pires,1254,8.0
Francesco6,31722,7.0
Katsuragi222,866,7.0
ivancho972,12859,8.0
itspro,39806,8.0
MonarqueCeleste,2618,9.0
KasaneD,10155,10.0
ashorataka,35760,9.0
Karnrage,189,7.0
MooZombie,31588,7.0
Tigre96,37348,5.0
RioAl,35249,7.0
-Legoshi,31859,7.0
proximo,17747,8.0
-Kiraide-,34240,8.0
itss_abbyyy,53888,10.0
itacha4ever,13201,7.0
Mondhalika,33280,7.0
arvin_1219,31722,8.0
CStephen,31483,10.0
arnvav__shr,43608,10.0
Thyg,25397,5.0
Foms,48553,9.0
princeof,53613,7.0
ivaneb,1535,10.0
Tichoslapek,40594,2.0
ivm95,263,9.0
artieBoi,41487,8.0
arkanpm,20899,7.0
MoonNymph,2993,7.0
Monkeydyuki,56980,10.0
Fonix2013,36726,7.0
preet248,14741,7.0
Karkarn1,35760,8.0
RioRiru,28851,10.0
prof_salt,30464,6.0
CabralKDC,58445,7.0
poundest,2476,10.0
prodigy1807,33377,10.0
Fr4m,10110,6.0
-Haseo-,4975,8.0
princessleddit,232,6.0
arppit,38959,7.0
-Aether-,20787,8.0
Thugchu,13125,9.0
Rinxx,44881,7.0
Caeruleus_CCXVI,33,9.0
-Kotoamatsukami-,50410,4.0
Mongezuranyan,46102,9.0
princefa5,538,6.0
MonkeyxCreep,31933,7.0
Katman1,51678,9.0
KatOtaku,38419,4.0
itshSelyna,31478,6.0
Katachan10,2476,5.0
Moonphantom,16385,4.0
KatrineH,36649,10.0
Katiica4869,43325,7.0
arsenyshalin,33352,8.0
ThuThi,724,5.0
Kasuzer,28223,7.0
CThrall,11783,5.0
Caboose,34599,9.0
-Alexa-,21647,4.0
CTcommander,14353,7.0
Mooniouz,50360,6.0
Frakits,2167,10.0
Fonniz,37675,10.0
-David-,6811,7.0
princessleddit,41265,4.0
ars2,33486,9.0
-Arcadia-,39533,5.0
armycat23,58714,5.0
itt130,33743,5.0
prof-milky,1519,8.0
CaKEandLies,12477,5.0
poziomek,23317,7.0
----shia,20785,6.0
Fovez,936,4.0
ThrowStone,1894,3.0
KarmaAkabane4762,52034,10.0
Thunder1227,25157,7.0
arrazolavguille,437,10.0
MonarqueCeleste,2117,8.0
-Chronos-,38671,4.0
pranss0_0,18661,8.0
KatNZ,31240,9.0
Tien07,35557,10.0
CTein,36000,5.0
itsnotjack,44059,7.0
MoodMojo,40716,6.0
Monstruox23,52991,10.0
MonkeyTang,416,8.0
RipVanKiller,37956,7.0
-Ifrit-,40497,5.0
-Legoshi,41457,9.0
Karumont,22777,9.0
-Freaky-Kat-,48614,9.0
Monsmania,41762,7.0
Foltvers,47194,9.0
FranLunar,60543,8.0
KarlHare,40540,6.0
MonkeyDGabrielll,44881,7.0
CMRkun,38040,9.0
Monitor_LCD,7054,8.0
Foxcoolman,248,4.0
ashuss,32995,9.0
ash101939,51440,10.0
Moonus,28999,7.0
armandomora,15201,8.0
Moonyboi,32801,6.0
Thunder_1,11111,9.0
Fouton,21647,10.0
Monsutake,23847,5.0
CSJH,40028,10.0
ThunK69,28285,10.0
KassaneRendal,34389,6.0
ivekz,17269,3.0
Moonlit_Lilium,30346,10.0
-Kirumi,36817,10.0
Moony,9617,7.0
RivetingWeeb,1270,7.0
--Vanilla--,48483,7.0
FouTY,20,8.0
-Kiraide-,29511,8.0
Katsuragi222,846,10.0
ThorusFTW,49470,8.0
iwasanee,2001,10.0
Ripped_99,50425,6.0
asdfignacio,38483,6.0
KarlVonWolffe,31404,6.0
-BL0SS0M-,440,5.0
MonstroDoOlhoSo,38472,9.0
proximacanal,37956,10.0
CaixaCaixa,904,8.0
MoonHearts,35110,8.0
Francis_G,39680,5.0
Katanawe,42897,8.0
-Heartthrob,30694,8.0
ThunderNe,20877,10.0
-Ginko,523,10.0
Frallan0702,38086,5.0
RizeleaSerafall,13659,9.0
-Lei,1482,6.0
TiccNA,32625,5.0
asaf,30240,10.0
-Francis-,1195,6.0
--RIE--,6880,8.0
arruDawOo,42249,8.0
Forever--Young,49944,10.0
-HoneySenpai-,51494,7.0
FrancisM03,8425,10.0
CPU_Blanc_,53050,7.0
Fran_Zoldyck,37999,9.0
itsDespera,24701,9.0
itz4mygdala,39195,8.0
Rizzles,64,5.0
CRG,245,10.0
CP_Zero,29803,8.0
ThousandRJ,18295,6.0
Fraisja,32,9.0
ThorvaldurH,48561,7.0
MoneyDreamzzz,38671,5.0
Fooliann,6675,8.0
Katsu-kun,33197,7.0
Karumont,7465,9.0
Karitori-Kusari,32483,6.0
Frank,39523,4.0
Kat-Coat,530,9.0
arth2809,12293,10.0
Ripo,15417,9.0
Katsuki_Rayu,25777,8.0
armin26,35222,7.0
RitaMita,57192,7.0
FoxyTeru,22877,7.0
Ristarchik,576,6.0
pratiksingh1594,23755,7.0
CYioReti,39017,8.0
Montyjn,55888,9.0
Thonsucre,36511,6.0
iskage101,16524,9.0
Katsan,28223,9.0
Karniale,44511,9.0
-Anokata,10033,7.0
Monkey_Business,31964,3.0
KatShortwick,32998,9.0
-Kirito,7193,10.0
primevalsoup,4752,6.0
COHROSE,31964,10.0
Three_Bees,28805,6.0
TiTaNoiD,40496,8.0
artist-retired,9712,6.0
prototypeplayer,889,8.0
Mont_,39587,8.0
CafeManager,50709,9.0
KarmaTempest,59989,6.0
ashleyann,164,10.0
Foxmester38,37430,8.0
itsthatoneguyYT,30991,8.0
arrcnez,37510,9.0
-606,31704,8.0
asia540,38464,7.0
isshh,40491,8.0
Risuyo,28105,10.0
Fonzin,20847,8.0
-FaintSmile-,36316,7.0
MoonpieMary,10792,8.0
pseudolemmadoxum,4382,7.0
RoDem,34618,6.0
Katsuragi9,20583,8.0
isshoniikitai,6421,10.0
Foxfrost208,30276,8.0
-AdelineBelle-,34958,4.0
Katana_ntt,30276,7.0
ThunderSonTS,58514,9.0
Kasugano,51711,7.0
MoonLuhAna,18679,9.0
Kashtanator,19511,6.0
CSRED,442,10.0
asaii,31933,7.0
Foxcoo,53488,7.0
Thomas768,17895,10.0
CaitKnight,50346,9.0
Katsuki,16498,9.0
Moonshu69,1,9.0
ars2,56768,1.0
Riucc,55818,8.0
iwum_bo,33814,3.0
itsjace,34572,9.0
Rithik393,41084,10.0
Karva1,40469,6.0
-Kosutasu-,14075,10.0
FragileGlass,36001,1.0
iverdawg,31564,9.0
ThomasGremory,37259,8.0
Ritam_1,11757,8.0
itsalwayssunny,52741,9.0
FrankTW,32182,8.0
CafeManager,38759,7.0
Rm_Angelica,41797,6.0
-Angy-,19285,5.0
-Atsuhi-,2236,7.0
Katoreya,32615,9.0
ashlinx,1689,6.0
Cacadepollo,31772,7.0
asce91,523,7.0
itsBrix,45576,10.0
-DeepWeeb-,1764,7.0
KatOtaku,54301,6.0
Karl_von_Bahnhof,19815,9.0
arthuroom,2988,7.0
itsme_nga,31859,8.0
Karurosu11,37141,7.0
ThomasGremory,7334,9.0
Monstruox23,18119,10.0
Kasperq1q1,24415,9.0
ashmotrex,52347,8.0
MonsterZero11,38830,5.0
Fonix2013,249,8.0
Kati-chan,1735,7.0
provat_haque,21863,6.0
praytoquarks,40417,7.0
Riten,44200,8.0
prairied,45613,7.0
ash_utosh,49520,8.0
itisntme,31964,6.0
KarmaWolf,32542,7.0
Franguinho,50602,9.0
-Kenshin-,10122,4.0
Thoru_UwU,33352,10.0
RipjawsShocker,50740,3.0
Moonpie71,7592,8.0
Thomas_Ribeiro,51009,10.0
MoneybagsMcGee,20031,8.0
-Deoxys-,11499,7.0
RizaLy,813,9.0
Kasra_FP,38431,10.0
----Haku----,58390,9.0
MonokuroKinema,5681,7.0
arjupg,39617,5.0
-CHAR-,15417,10.0
KatorixKorgiz,48753,7.0
Caioviski_,11741,9.0
-Aras,48895,8.0
Throw3r,49438,7.0
Karisun,35459,7.0
arkozora,2154,10.0
asapbakery,816,4.0
KatOtaku,54754,3.0
Thundershotboy,2013,7.0
Tigre_,48316,8.0
CabooseGI,37349,8.0
Ritz501,2672,8.0
ivosicsu,48997,7.0
ps2_superstar,11741,7.0
MoonLuchan,19285,8.0
pseudo,38040,3.0
FragileGlass,1365,8.0
Kasyno01,35760,9.0
--Mister_Mario--,48567,10.0
-Heartthrob,30,8.0
-Heartthrob,34480,7.0
Kashi99,33206,8.0
Thwoops,39468,8.0
prammy,35968,7.0
Kartzw,31933,7.0
Fopdoodle,11179,7.0
Karinyia,38940,6.0
CRG,6594,8.0
--EYEPATCH--,58059,9.0
-Kano-,6702,5.0
-Haseo-,900,3.0
itsmemario55,48549,8.0
asahiruyoru,35838,8.0
Kasunia,32901,6.0
arrrrsh,38408,7.0
protomate123,2263,10.0
Forbidd,54744,7.0
issei98141,19151,5.0
itsDweebus,5680,10.0
-GabiZ-,59027,9.0
Kartein,32182,9.0
aryaviotta,4224,8.0
Karkato,54829,9.0
-Aeriel-,57031,7.0
MonkeyxDxDiablo,9253,9.0
Riselv,32900,7.0
probjodye,28285,7.0
Tiet1,11771,8.0
CalUwU,46569,8.0
Monitor_LCD,34279,5.0
Rita98,38000,10.0
Karnrage,5114,10.0
Kasuga_Arata48,33291,7.0
arzynik,1827,9.0
Karumine,3791,10.0
RoKuRotAz,20449,10.0
KasietheMighty,457,10.0
arvon2,34445,8.0
asadxawan,59205,8.0
Rkluppel,36946,8.0
primevalsoup,210,8.0
itikitty,59989,7.0
CaldeCrack,32013,7.0
Rio-7,59833,8.0
Kat0Megumi,18411,8.0
prici95,39042,10.0
-Boba-,199,8.0
Monkeyboi,1535,8.0
Forluth,31404,6.0
-Aniki-Kamina-,23755,7.0
Frallan0702,49889,7.0
power_of_morgana,246,7.0
-Karma-,431,9.0
artosapien,36296,6.0
pryzak,268,8.0
-IsaqueSmile-,339,10.0
TiagoGomes,268,7.0
ismael123147,19,10.0
RinsAl,28907,6.0
Caio009,56352,8.0
KatsuraGrey,50325,9.0
arnav_vv,32937,9.0
-0Yorunoomo0-,33486,5.0
Ritainix,23289,8.0
Ti_Gonn,59131,8.0
Moontenegro,38733,7.0
prince_loomba,48614,6.0
Thornister,528,7.0
istorms132,11633,8.0
Katsudon96,31537,8.0
prince_godara_00,37449,8.0
----shia,16011,6.0
-KAL,39324,6.0
Frandark10,30749,10.0
iwatch2muchanime,5781,7.0
-GuyHitchens-,31174,8.0
Monsterkill249,1,9.0
Rippuvan,1016,6.0
TibO123,29786,7.0
Katakiki,5251,9.0
-Aether-,35788,9.0
Karuchi,7817,7.0
KarmaNouzen,31812,9.0
artychaild,6675,9.0
TiagoSeca,9919,7.0
iskandarsouza,19815,6.0
artikfoxa,51417,1.0
artemisthemp,18115,8.0
asdy,44511,8.0
iwantatrophy,31764,8.0
Kassanelli,10087,8.0
iwashizue,57592,10.0
-Kyuube-,12355,10.0
Mooniouz,53411,9.0
Tichoslapek,14829,5.0
asahiruyoru,10805,7.0
Rizu_Ogata,35073,8.0
Fouton,49849,4.0
Karuchi,4057,1.0
ThunK69,32648,9.0
Rmaged0n,38816,7.0
-Des-,52741,7.0
asalgado444,33489,7.0
MonkeyDLuffy420,56778,7.0
Foms,5947,9.0
RjtheGreat14,41345,7.0
Tiburcio,28927,7.0
RivalS,6372,7.0
asherzohar01,34599,10.0
probreaux,37569,6.0
poziomek,53280,5.0
KatsukiChan69,32867,8.0
Francisco_Mota,32827,7.0
artemawpn,32681,6.0
Riroshi,16742,6.0
-BL0SS0M-,13469,6.0
Frallan0702,3747,5.0
-Hogarth-,58125,7.0
-Lunarian-,21667,7.0
-Kiraide-,31051,7.0
itsDespera,21855,7.0
Tiakka,32887,7.0
Thrillerek,7338,9.0
CLUB_ANIME,50197,7.0
-FaintSmile-,20,7.0
artist-retired,7059,4.0
Riux,31630,5.0
MonkeyDDave,58913,8.0
Thrasherx13,16762,8.0
Moony,20507,8.0
MongoDB,235,7.0
pseudofiji,20767,9.0
Moon_spell,46,6.0
--sayori--,14355,7.0
-DanZo-,34902,10.0
KatOtaku,39163,7.0
itacha4ever,392,10.0
asdasjdsa,18897,7.0
Rio-chan97,23283,9.0
Karurosuuu,38003,10.0
itsFranny,28851,8.0
Forluth,28025,9.0
Frank-Senpai_89,33161,10.0
-Kiraide-,11339,7.0
-Caio,30514,6.0
ashuweeb,10216,6.0
-Kurara-,12355,8.0
arthuno,889,6.0
ppeaga,28999,7.0
MonkeyDrawer,30016,9.0
Frallan0702,444,7.0
Tiff_D,22199,6.0
MonsieurPapillon,576,7.0
-Elegy-,38759,7.0
FrankPT,48483,7.0
CalThePal,36027,1.0
--VaultKai101--,17265,9.0
Francis_G,356,8.0
-Hayley-,395,4.0
KatsuraRin,8425,10.0
CONTISUKIDESU,457,7.0
-Axelrod-,11179,5.0
asetrisk,442,3.0
priyanshuluffy,14813,9.0
artanblacknight,12685,6.0
ForeverGolden,50094,9.0
Fr1d4y_94,27747,2.0
profsatjipto,35968,9.0
Fovexes71125,1210,8.0
Rizz_y,32108,7.0
ForgotEyeWasHere,20,6.0
-Luhui,713,8.0
itsmfchum,23673,9.0
Risteeen,31115,5.0
Moonl1tS,7739,4.0
Risinglit,9919,8.0
C_ryptic,20583,9.0
MonarqueCeleste,1985,8.0
MoonGalaxy,40911,8.0
ivancho3334,17535,7.0
ForgedLives,50307,7.0
-Ichihara-Yuuko-,32191,5.0
Katsura_zzura,43690,6.0
itmeh_anime,26349,7.0
powerpig,56701,6.0
Frank,9289,8.0
-Ichihara-Yuuko-,2951,7.0
RiyalDiamond,51403,7.0
RlyBored69,34599,9.0
KarlHare,27441,7.0
RisingAceTraine,52093,6.0
ashley5891,31043,7.0
-Handcrafted,38524,10.0
KatjieKat,256,7.0
Ritsuchaaan,31754,10.0
princemalikxp,30276,9.0
Fr3nch,11061,10.0
CagatayC,39195,8.0
aryapersada,55791,9.0
KatrinaWeeb14,5252,9.0
princessLINDAA,17265,7.0
Thoughts3rased,11981,8.0
-Kurara-,1205,5.0
CRYTRAX,2904,8.0
prateekbhati,46102,8.0
Riotous_Story737,49709,10.0
Karinyia,44586,7.0
poyomon99,38753,10.0
Frandark10,849,8.0
Karinen-R-Andrew,41467,9.0
KashKetchum,24627,6.0
ForbiddenJ,38680,7.0
itsKJlol,12355,8.0
Fragux,19221,5.0
-Kurume-,9919,7.0
promanias,5258,9.0
itsreku,850,7.0
FoxRoh,598,6.0
-Boba-,37991,8.0
itsBits,40716,8.0
-Kirito,459,10.0
ThunderNe,53488,10.0
MonkeyDrawer,31043,10.0
Rizzles,16906,4.0
CairoSCCP,38186,7.0
Karoo_oo,27891,4.0
Caeruleus_CCXVI,86,6.0
MonkeyMe333,54595,8.0
Monkiesto,40052,9.0
Rivnn,45055,4.0
Montana37,57944,6.0
-Beffy,34566,6.0
Risinglit,30544,5.0
arshagor190,50275,7.0
-HeXy-,29758,4.0
Monokumerz,41074,3.0
COSLIAS,15451,8.0
Riyaz47x,44511,7.0
-Kakera-,57864,7.0
CURSED_WATCHER,38000,7.0
pothekin,41025,8.0
Karuchi,4722,10.0
promysto,813,7.0
pp4in,39689,8.0
Moonieforlife95,279,7.0
CalCite3,40956,9.0
CaNNaBizZ,40746,8.0
itsJourney,49918,10.0
-Enigma-,36456,8.0
-Lucas_Rocha-,10030,8.0
asalgado444,11743,6.0
CaitNAnt,37999,9.0
Monoluxuria,33091,10.0
itzscorpion,47778,9.0
ForzaSlynn,47778,9.0
iwashalfawake,14719,4.0
asheccen,30895,6.0
-Kei_,40748,8.0
CTGrell,6164,6.0
prateeplus,356,7.0
MonsieurLeMoo,16498,7.0
RizzMonger,19,9.0
Ritorn,199,8.0
-Dremer-,24415,7.0
Ripperdoc,54915,7.0
-Deimos-,1002,6.0
Tibbers001,41207,7.0
itsjustraxa,38003,8.0
Ritsu_Kun,36407,7.0
-Mahiro,30390,10.0
FoolishTaoist,38408,4.0
TijlE,43814,8.0
-Akio-shin-,14075,8.0
itstoshido,38671,8.0
MonsterZero11,33031,6.0
-Anna-,40028,9.0
princesahu1567,11111,7.0
arsenking,36949,9.0
Katsuki,53199,7.0
-Aria-,23209,7.0
ashuran9007,33206,9.0
Karism,3167,8.0
-DeepWeeb-,37651,6.0
-Flaky-,13667,8.0
ividsc,53356,6.0
Cainmik,42826,8.0
FraN_cs,7711,9.0
CaitNAnt,263,9.0
Karolinskis,57315,5.0
-Desu-,41923,9.0
Kaszalot,3588,6.0
FoxOf,19429,6.0
issa_labshat,40716,10.0
Kasusu,30533,8.0
TikoMia,53179,3.0
ittedankimasu,34792,7.0
KatOtaku,62541,8.0
Katkip,30,10.0
Tigos,269,9.0
-Gray-,1575,8.0
iwrab,47790,7.0
Fouton,32697,3.0
Tiaguinho42,38249,10.0
psycogundam,93,5.0
-Luhui,21327,7.0
Rndmguypassingby,3672,8.0
iskariotes,1412,6.0
RoTheLegend,9253,10.0
Katiesomething,55888,8.0
Moneppeli,585,8.0
ThomasMeta,36432,6.0
RizelSenpai,33113,5.0
ivanlzy,21405,7.0
-Frazzle,22199,9.0
Forgotten6772,31845,5.0
Monsterko,2904,10.0
Tiaago,36934,10.0
-Kurara-,122,10.0
CaioCiano,8861,2.0
Katoreya,38256,6.0
Moon-dew,37675,9.0
Moonlith,677,7.0
poziomek,29876,4.0
-Jaegers-,49784,7.0
-Absynthe-,34884,7.0
FourSeasonSage,21561,7.0
RiverboatRam,34504,8.0
Katsuki_Rayu,21339,5.0
ashwincraft,34825,5.0
Caio009,37430,9.0
Tiffaniya,1862,7.0
Karl-Kun,269,8.0
KarlFellOffAnime,34561,6.0
MonkWu,56894,9.0
MongoDB,1535,10.0
itzlutfi,22319,6.0
Thrust,18247,4.0
MoonyToony,5955,7.0
KatShortwick,11759,9.0
Kasteros,10218,9.0
iumire,28121,10.0
ppatatess,416,7.0
KaryFM,10681,6.0
RisRiset,52034,9.0
CSRED,801,10.0
itsjayde,16782,8.0
Katsura_Joestar,36369,8.0
itsmemario55,41402,8.0
Moon013,40776,9.0
ixShiroKishi,16498,8.0
Rio-23,1535,8.0
Kasunia,9513,9.0
KasuraGirl,10719,8.0
Moodytoon,37510,10.0
arrays,33091,6.0
Rita-,48583,10.0
Foxfrost208,49877,8.0
FraNxxx,1575,8.0
itsanimel,49755,7.0
-DxP-,50416,10.0
-Chilly,38101,5.0
ashe,33654,5.0
itz_yo_boi_andre,2167,8.0
-Juanjo,687,5.0
Fontes02,24701,8.0
Katoume,52347,9.0
Rndmguypassingby,8362,4.0
-DenisaHatake-,40935,8.0
C_mikhail,37621,7.0
ash_alex,52034,9.0
Katowiice,45576,10.0
CafeAlpha,30654,6.0
asdlolxd_,50330,8.0
CYBEREMPEROR,1535,10.0
-Hitokiri-,15323,8.0
Monkey648,27821,7.0
TigerOfKoya,20499,9.0
ivanelterrible,9760,7.0
Riptos,42203,8.0
Rishabh79,12531,10.0
-Aster-,31240,8.0
KashKetchum,31771,6.0
psi_rockin,1248,6.0
praggg,42923,7.0
itdenki,50307,10.0
proguy35,40356,7.0
RisefromAshes,36992,2.0
itsmekarlyyy,1686,6.0
asaderu,34607,6.0
Tiamat26,16524,7.0
Kasumiiiii,41025,7.0
Tiarwa,35073,7.0
TiamaT-,34599,9.0
ForbiddenJ,28701,9.0
aronyn19,6956,7.0
KasukeLp,46420,7.0
itdenki,23289,10.0
istoe,41468,4.0
MonoText,52991,9.0
itstoshido,39587,9.0
--Ender--,32370,8.0
RjRaj,19951,9.0
FourthWind,50330,8.0
Ritsuchaaan,37141,8.0
Karthy,30831,8.0
Fouton,934,7.0
Caio_Pires,6171,7.0
TieboRiri,11979,9.0
princessLINDAA,5630,8.0
CaPtAiNiCeCoLd,36456,9.0
prismheart,6205,9.0
ForestGuardian7,1723,8.0
CRYGER616,37779,9.0
--Mister_Mario--,19163,10.0
arkapalit,13759,8.0
-Kazu,14833,10.0
arnobiu,35459,6.0
-BL0SS0M-,17947,6.0
ThomasSeabear,32899,6.0
RoKuRotAz,213,9.0
-Akirion-,6045,8.0
isshuukan,18677,10.0
arthurgoldheart,51417,5.0
Riri-_-,33417,9.0
Throni,9617,10.0
CageFreeSpy,40454,8.0
MoonSpider,51868,6.0
Rizk,8937,8.0
Foxx_03,465,3.0
Cakeiou,22835,10.0
KasumiSayuki,19021,9.0
MonkeyMe333,48418,6.0
iurikill111,1120,8.0
RissieChie,249,10.0
itss_abbyyy,54865,10.0
Cachoso13,31859,7.0
Kartik_khare_18,50265,10.0
itsGoLdY,44074,10.0
KatenoXD,38659,8.0
ForflayyO,36098,7.0
-Amaryllis-,50265,8.0
Kashima12,19163,9.0
ixShiroKishi,31043,8.0
CMVenomSES,33487,6.0
itznotaditya,37999,9.0
asaderu,21995,8.0
itsSleepySoul,31757,9.0
MoonPhos,9989,6.0
MoonlightBridge,38619,8.0
Frajer_9,37430,8.0
itilyb,36106,8.0
ash_utosh,52461,6.0
Moon_Symphony,54492,8.0
TiasheRaggs,3613,6.0
CabMister,14353,7.0
RiveTTo,18139,8.0
-Graina-,4081,7.0
itszak,39326,5.0
-Legoshi,28623,9.0
CMacAkira7,53626,7.0
Katania48,35540,7.0
princedizzytoon,51265,6.0
Kast2,58749,8.0
Tiffanys,10863,10.0
Cadisven,4063,7.0
Caio_Cunha,2759,8.0
Katakiki,967,8.0
Fraetor,32380,7.0
Kast2,54968,6.0
MonsieurPapillon,8937,9.0
Moon_Willow,15809,6.0
Karo_cchi,49692,8.0
Kassandra2396,52034,9.0
Monsmania,40716,7.0
Kasinao,31646,9.0
Rnd22,50582,5.0
MoonStar9,4975,4.0
Riunite,1501,9.0
psychicspartan,18671,6.0
KatjieKat,34974,4.0
itachi_re,32366,9.0
arne0,13217,1.0
itzRobin69,44511,10.0
isimpforwaifu,41457,9.0
princevsanime,259,9.0
ashe-,54856,9.0
Franck50,22319,8.0
Thryms,43299,7.0
CLAR-A,23847,8.0
probigounce,43609,8.0
ashmotrex,44511,8.0
CP_Zero,48736,9.0
ivan_90014,50172,9.0
Franciscojesus07,33489,7.0
MonkeeDan,36511,6.0
Foolyou,40748,8.0
Monchi,6704,6.0
Riptos,30383,7.0
Foxata,41025,10.0
Karzi,8861,4.0
Kashiv_97,13411,6.0
itsyamagucci,32947,5.0
TiagoCosta,1530,9.0
-Jefuri-,32729,7.0
KatsuraRin,31757,6.0
Caioba42,11061,10.0
Katsuki,38145,8.0
MoonWulf97,32122,9.0
ashliforel,26055,7.0
artas152,46095,10.0
RizelTheBaka,51252,6.0
-Jakey-,372,9.0
-Havock-,19489,7.0
professor_otaku,35203,5.0
CK_Underwear,33674,7.0
CaMillsa,14289,10.0
FourthLion,1818,7.0
Tidy_Name,339,10.0
CLEsadra,40421,7.0
-Kuuso-,41025,4.0
Thoragorn,10464,7.0
Monchi,11697,8.0
Katsureki,23225,10.0
Cafezincomleite,53633,4.0
Monish111,27899,7.0
MoonMoon6969,39469,8.0
poundscoin,47778,8.0
Forest_1,36838,7.0
KasuuKun,54595,8.0
Rise_Kujikawa__,9253,9.0
Moonbae5,40028,9.0
prabhakar1717,25303,7.0
Ristiriita,48649,7.0
arul19,56894,5.0
isshuukan,2006,6.0
artin_1702,43969,6.0
iv0rye,18179,8.0
issiehyoudou,25781,8.0
Monsheri,48580,7.0
RitsuOkumura,37171,7.0
-Absynthe-,10793,6.0
Monctr,26023,8.0
CaffeineCrusader,44,8.0
Katsuna,41834,7.0
praggg,16001,7.0
Riselv,30503,8.0
CL1v9zfsfo1,16918,8.0
itikitty,3685,5.0
asetrisk,1735,3.0
MonkeyDMick,42310,9.0
Tichoslapek,29095,6.0
iveseenstuff,10418,7.0
ivanderrr,49458,8.0
RisingWeebHero,41168,8.0
--ALEX--,31964,8.0
MonkeyyDB,39195,8.0
isuzusan,20,5.0
Ristarchik,468,5.0
ivenusdoom,38301,5.0
Riyuzu,12355,8.0
presentedtax,58437,7.0
MonkeyDLuffy420,2350,7.0
-Juanjo,842,5.0
RoDem,25537,7.0
ashuran9007,33589,5.0
isrozzis,39987,5.0
prateeplus,19369,5.0
Mooodyy,13759,8.0
Cadis13,19951,7.0
-Jefuri-,28851,10.0
--Secretoben--,51462,7.0
Francis_G,39640,7.0
Tiga42,33248,9.0
powersonic19,35790,8.0
Caioviski_,37171,7.0
Cachoso13,43608,8.0
MonkeyDLuffy123,28171,5.0
Foxcoo,10721,9.0
asdfe12,40911,9.0
MoonyTunes,34577,5.0
-Kurinto-,6956,6.0
Caio7DUST,2002,8.0
-GuyHitchens-,35788,8.0
Karuchi,31994,3.0
ThunK69,30831,8.0
MonoHatari,4565,10.0
CRAZYTAGGER,57592,9.0
ThyEmeraldMoon,587,8.0
-Lightbulb,38329,8.0
TiagoCosta,39388,5.0
Katsurav,431,7.0
princedizzytoon,38481,9.0
Karuari,18753,6.0
Moon013,13667,8.0
COHROSE,54595,8.0
CafeManager,40530,8.0
Cabbybara,58883,8.0
CPiva,53802,8.0
arstan,12355,10.0
RisingAceTraine,37510,8.0
Moontenegro,25907,7.0
-BosanTampan-,43608,8.0
Tiger19,39292,7.0
artcrochette50,42897,8.0
RisunKil,36456,8.0
artosapien,38524,9.0
powerOfNeo107,6594,9.0
-Kirito,8361,10.0
-Andrei-,47161,5.0
Katon967,40590,9.0
Rinto-kun,31318,6.0
Katman666,10073,5.0
pri_arts_,523,10.0
Forskin,37999,7.0
asdassss123,32542,10.0
Thomas_Ribeiro,27787,8.0
poziomek,11665,8.0
MoonlitKaitou,7902,8.0
Rish141,22319,9.0
FrancyBenz,1535,8.0
MontuBoss,30831,9.0
CRG,49165,2.0
praise_astolfo,34577,8.0
Moon_Sham,38814,4.0
TikoMia,27525,4.0
MonkiDonki,339,9.0
FookinWeeb,30127,7.0
CROCODILER,31442,8.0
Caecilius,20899,6.0
Calabre006,8740,5.0
potatosaregreat,32615,8.0
princessleddit,55318,4.0
Foms,59612,7.0
arkilag,38735,6.0
Kashtanator,59819,4.0
RioFutabaAztec2,38610,7.0
asafsuf,199,6.0
Karinyia,37999,9.0
CaioLima20,43690,8.0
CalThePal,4382,1.0
ashiqach27,31043,9.0
Kashtanator,51180,6.0
Rnd22,53770,8.0
FoxieFire66,14355,8.0
Francie,36480,8.0
Monoluxuria,10779,10.0
RlyBored69,48926,7.0
Moonxch1ld,6219,7.0
itsmmd99,48583,7.0
-CHAR-,35507,8.0
Cachje,9047,7.0
FrajolaMonjiro,11887,7.0
-JLN-,40839,8.0
Kasll,46471,4.0
COLD_JAUM,39575,5.0
CaKEandLies,9756,9.0
pp4in,5781,8.0
-Caio,60140,6.0
Karo12w,55514,5.0
-HonokaKousaka-,58313,9.0
-DEcroNANZI-,35507,8.0
Monukai,33255,8.0
iwasanee,23289,8.0
Monteschizo,11741,9.0
arokawr,40748,7.0
-606,22319,10.0
Rizenrack,39533,7.0
-Heika,10067,8.0
arrazolavguille,4081,9.0
TikoMia,55071,5.0
CaioOlive,36539,7.0
MonsterZero11,9736,4.0
it9dorie,40052,9.0
FoxOf,20853,7.0
-Graina-,49847,7.0
Monkeyking908,6974,10.0
Foxomar12,49387,10.0
MonkeyDSean04,28927,7.0
Fox,4565,10.0
ThomasTankEngine,31757,10.0
CafardVert,1,10.0
Caladan,2926,7.0
prince_loomba,38656,7.0
itsAlya,25015,8.0
itsMErcy,777,8.0
CROCODILER,16001,9.0
arneod,905,10.0
Franguinho,57391,6.0
itsThatWeeb,34440,10.0
arppit,43299,7.0
itachi_re,160,8.0
Rnh123,28619,1.0
-Emiya-,3288,6.0
FoxOf,41833,6.0
KatsuraDaa,31722,8.0
Caju144,36456,10.0
-Azurel-,2002,10.0
Katalyzed,22535,9.0
iwsifakismag,37446,6.0
Foreverhin,16934,8.0
RipeerGameplays,31326,10.0
CQLLIST,14807,7.0
Monish997,16592,9.0
arroyoguero03,25777,7.0
ixajii,51105,8.0
professorwho42,28623,5.0
ivivapi,15809,5.0
Monu36,47917,8.0
Kashtanator,56243,5.0
CRT_616,8086,7.0
Rithic,34096,9.0
CalCal63,34177,7.0
arm4gedon2112,16528,8.0
arm4gedon2112,34561,7.0
profwagstaff-42,7711,8.0
CLModerno,14227,7.0
KarolineCristina,16592,7.0
Throw3r,34279,9.0
-Black,36456,10.0
RivetingWeeb,39894,8.0
Kataleyita,9756,9.0
Monix-sama,52,8.0
Thunderking3,39948,6.0
-Mahesvara,45613,8.0
-Kuuso-,2418,8.0
Kasuga_Arata48,10421,8.0
Monya3,27417,4.0
-Mahesvara,33475,6.0
Montei26,12355,10.0
preax,33286,9.0
KatOtaku,59746,9.0
Cachoso13,43523,9.0
ashxy-_-,36633,9.0
--Dream3r--,2236,9.0
ThomasGremory,36431,6.0
-GabiZ-,60658,7.0
iwasanee,39539,8.0
asafsuf,60489,7.0
RissaVik,54492,10.0
--Secretoben--,40620,8.0
itsukandy,50346,9.0
ashgan,16668,5.0
TiagoCosta,49835,5.0
Tiagooow,35968,9.0
psh,8142,7.0
princefa5,1003,6.0
MonkeeDan,50410,5.0
FoxyTeru,16011,7.0
ThunderSonTS,38787,8.0
prewttyodd,40028,9.0
MonkeyManInAVan,48569,9.0
pr0dukt,37430,8.0
pri_arts_,43299,9.0
psychowera,35760,8.0
FouleBazarD,42916,6.0
-LuskaS-,30276,9.0
ashuulinksu,645,8.0
project005,10683,7.0
TigaJun,22319,7.0
Katsuki,23299,7.0
-Keen-,15197,8.0
-Kurena-,48561,9.0
Fr3nch,20899,6.0
ThugHunter,2001,8.0
itsCmac,25157,4.0
ThunderDusk115,35849,9.0
Fraiiz-Wanderer,9471,9.0
RipTide,28927,7.0
-Lyrica-,27831,9.0
Karolaychu,28223,10.0
armob,37920,5.0
-Kotoamatsukami-,905,9.0
CPiva,50999,7.0
Rizzle_Vizzle,28999,8.0
Risame,21995,7.0
arpsa,41623,8.0
Thomas_Atwood,32281,10.0
itsAlya,36896,8.0
Monch-Senpai,15583,5.0
Tichoslapek,49709,9.0
-LastPain-,226,6.0
Fractyon,55791,8.0
Followkata,50612,7.0
Forgotten6772,53040,6.0
-DreamerQ,17745,9.0
isthetic,34618,7.0
-Kazu,5504,8.0
Katsuki,1121,7.0
KaseSenpai,36511,7.0
Foltvers,41457,8.0
Monoluxuria,35860,10.0
Tiagosonics,55866,9.0
asia540,53747,6.0
Moonalice,15085,7.0
itsakume765,54900,10.0
Montazer-kun,2144,6.0
itspro,49458,8.0
CaCl2,36649,7.0
Monotone24,10408,10.0
armandomora,22961,9.0
Rizzle_Vizzle,50602,8.0
poyomon99,40958,5.0
RoDem,41468,6.0
asahi22,21105,7.0
ishtiyak,42310,8.0
ivanvuruna,16498,6.0
KasAllen99,50306,10.0
ismail,27833,9.0
-Darkbolt-,10719,6.0
Katiica4869,39534,7.0
Katsuragi9,50549,6.0
TiamatNM,1933,6.0
aryasneedle,52034,8.0
MonstAR_,5538,7.0
progressivespoon,20745,5.0
France53,16592,10.0
Monkey_D_Noor,35120,9.0
ThousandRJ,14027,8.0
-Axelrod-,227,7.0
KatoWorks,24655,6.0
Kati-chan,16035,7.0
Monusha,24833,9.0
Tigcho,32729,6.0
Fran_Zoldyck,50549,10.0
arru_12,14467,9.0
arvon2,19759,6.0
CLanzion,51417,8.0
Katastro,55813,9.0
ivaneb,50425,9.0
-Akirion-,35983,6.0
Katsuragi222,36468,7.0
CT_BINO,4901,7.0
iwsifakismag,36516,5.0
-Anna-,11741,9.0
MonkeyFist134,28907,3.0
Rippuvan,9591,3.0
provec,37521,8.0
MonsterRubberDuc,49052,10.0
MongoDB,15051,1.0
COOLGUYxmz,49709,9.0
Rirukiddo,51462,5.0
Ritsuga3,48438,6.0
Thomas_Ribeiro,28701,9.0
artgamer0916,52830,7.0
Katelynlist,28121,7.0
Monteriggionii,58426,10.0
FoxKingAzod,29803,8.0
Monkeryz,13253,6.0
Moonalice,34825,5.0
Thomas_Atwood,1225,8.0
CPiva,47194,8.0
Tibler,35338,7.0
MontuBGTB,10793,8.0
Caim_Sama,11759,7.0
iwatchbadanime,35247,9.0
psychoplast,4896,6.0
princessleddit,76,4.0
Fopdoodle,20973,7.0
TiagoSeca,32189,8.0
MoooooooooMilk,8876,5.0
RipjawsShocker,54744,5.0
itsMErcy,53888,9.0
-LK-,39565,6.0
asetrisk2,31,5.0
MoonTurkey,66,7.0
Rnaka,49,10.0
itss_abbyyy,37779,8.0
Karpingkey,14227,10.0
ThunderC30,48316,10.0
-Haoto-,39388,8.0
MoonStalker,457,9.0
asdfghjumiii,2144,6.0
-Cody-,34262,10.0
Fox_Cato,84,7.0
Moonchild_ish,36296,6.0
ForewerV,5341,8.0
-Chelly-,205,8.0
asdlolxd_,9936,7.0
Moonnyo,2966,8.0
aroaracil,2290,3.0
Riwn66,457,8.0
Caladan,1057,2.0
-Haseo-,1575,10.0
issa_labshat,30276,9.0
potwasher,39195,8.0
Fornoyddd,578,6.0
ivoza,38924,5.0
MongoDB,38328,3.0
arkandi,6547,8.0
Tiet1,41457,9.0
iwubanime,2993,7.0
itzAnT_00,54112,7.0
ivekz,5114,10.0
pslehaps,30654,9.0
Kasuga_Arata48,39783,8.0
itacha4ever,28927,9.0
MoonRoses,2167,1.0
ThousandRJ,6211,7.0
Mooncraft06,3784,8.0
Ritainix,43,5.0
protomate123,40960,9.0
ForbiddenJ,38084,7.0
ivangamerhd,36990,10.0
Caio_Oliveira,36632,1.0
Rioldarz,30276,9.0
CXPE1,36653,7.0
itsshirobby77,32281,8.0
ashsih99,40496,8.0
Karlo_Molnar,28851,10.0
Thomas466,53148,9.0
Ritulis,23281,8.0
MonkeyDHunter,21431,5.0
Karinyia,9760,8.0
ThyMightyEgg,35790,8.0
ashlynww,58913,10.0
Moonscar,2129,9.0
-Aya_Chan-,40332,5.0
-Kirito,30279,10.0
Caldog__,9989,8.0
Kary88,25879,9.0
Ristiriita,49387,9.0
Throni,32673,8.0
iwubanime,59265,7.0
asdlolxd_,9253,9.0
CRIMSONXFROSTX,31798,9.0
Fonzworth,53421,8.0
RisingBork,11981,10.0
Caio_Cunha,225,7.0
Kasraj,36474,9.0
Foxseazy,36038,10.0
Monofly,39215,5.0
ThymeSeyU,32188,9.0
prince9971,23277,8.0
psdbzguy,2605,8.0
ForcingARC,34279,7.0
MonsterT_9tr,34561,6.0
praggg,39710,5.0
itsDolfinCorn,16592,8.0
Katashi416,41467,10.0
programmargorp,34497,2.0
-LIME-,4214,7.0
Monstrule,28121,8.0
itsRaythe,32937,7.0
-Droid-,6030,5.0
isuzusan,37779,10.0
Karl_Marx_Sensei,12679,8.0
arjundhiman,16498,8.0
Monkey_D_Mrowek,38992,7.0
Fran_Zoldyck,35760,9.0
Moon_spell,31467,5.0
ThomasBull,5081,6.0
Karmahjjjj,21,10.0
Forestwilson123,34618,9.0
-Anii-,55644,8.0
Thomas02,41497,8.0
itsileana,49469,10.0
ishoo_sama,38000,8.0
artijin,1482,7.0
MonyTheGreat,226,5.0
Rirukiddo,41094,8.0
itsCmac,30831,6.0
itskindacl0udy,36296,9.0
ivaneb,55813,7.0
Fortress_Maximus,44807,6.0
ppelsa1432,46352,9.0
KasietheMighty,6984,8.0
prince_loomba,56967,5.0
-Crown-,31758,10.0
CLASAIN,38671,8.0
princefa5,40397,7.0
Rivaliti,17074,9.0
-Hawke-,134,5.0
Cakichi,36098,5.0
MooZombie,40956,7.0
Katsuo_,31933,7.0
arvin_1219,28833,6.0
KatNZ,18893,10.0
Fortress_Maximus,40608,7.0
RlyBored69,4224,7.0
Monofly,1039,7.0
asahiruyoru,42203,8.0
ForflayyO,30952,8.0
ivor940,37105,9.0
pranta20141,17895,6.0
Rise-Sama,18671,8.0
Monkey-D-Efrain,53833,7.0
Moony-Denriatys,32935,9.0
itzluminara,16782,8.0
its_ej,1210,10.0
Monsi,482,8.0
TikkiWiii,39728,6.0
Thuron,770,6.0
itztragic,10087,8.0
Kataleyita,24765,8.0
asdfnyan,834,10.0
CRUZER108,44037,7.0
KariudoPL,12175,6.0
Foxxyoongi_,33377,6.0
Kasdek,12671,7.0
Frank,59142,7.0
-Araragi-,11013,8.0
prateekbhati,46471,5.0
Kartinix,5081,7.0
Katarinita,35677,10.0
Monstergamer012,6702,10.0
MonsieurLeMoo,578,9.0
isimpfordio,53393,8.0
Thunder_1,35712,7.0
asei,17391,7.0
CLAR-A,14811,7.0
Fraetor,12729,7.0
Riuy,502,7.0
-----9-----,32899,5.0
CRISTOsinP,37510,10.0
TiagoGomes,3485,4.0
asaderu,41345,7.0
KasuuKun,58059,7.0
pris_sucks,22199,8.0
istoe,11113,8.0
Monou,11771,9.0
CaelDeus,24703,3.0
-Davyd,38408,9.0
prof-milky,34445,7.0
KatieFrank,38735,6.0
Rising_Tempest,31636,7.0
KarmaSlyr,37442,9.0
MonkeyChief,33352,10.0
ppcow,205,10.0
-Mahiro,25859,10.0
itsdreo,11757,5.0
Monkey-D-Efrain,392,8.0
----shia,34300,6.0
CTHULHU_TYK,51648,8.0
Risubb,15199,8.0
powerofemo,23273,8.0
-Caio,31964,7.0
RjtheGreat14,11933,7.0
CPiva,743,7.0
Moonscar,55644,8.0
Thunderking3,40748,9.0
Kartein,43470,6.0
ThomasHestekind,30,10.0
-Emilia,16782,8.0
-Deimos-,2341,2.0
TiagoLuiz,48415,5.0
probjodye,40750,10.0
Forturn,39587,8.0
Cachinnation,54112,7.0
princedizzytoon,34572,7.0
KatoDesu,35363,7.0
Kasow_Durow3,38816,4.0
preston_namikaze,13667,7.0
itsmekarlyyy,22789,8.0
Thonsucre,32937,9.0
KatKiller111,42544,9.0
Karyra,14349,6.0
Katsuna,25687,7.0
priz98k,226,7.0
psdbzguy,318,6.0
-Aria-,22265,9.0
Montinihabato13,23333,7.0
Fr1d4y_94,6531,2.0
TicklingThoughts,11843,10.0
CT4,25879,8.0
Forest_1,43692,1.0
princenublet,42984,8.0
Karnrage,9656,6.0
MonsterAcorn,2403,6.0
Kasaio,36950,7.0
iustiBiceps,39701,6.0
preguissa,31722,10.0
Foreverhin,30749,8.0
Kate_S17,512,10.0
itssVar0,37446,7.0
CageFreeSpy,30885,8.0
RippleLover,8985,4.0
MonkishGorgon8,20931,7.0
Fourbo,48585,7.0
pri_arts_,4811,10.0
prince_loomba,53263,7.0
psychiccupid,33573,6.0
Thunderking3,44940,8.0
primzcm,35240,8.0
aronyn19,24175,4.0
aroiporridgu,54714,9.0
Karphyel,34403,3.0
-EpicMan-,38935,7.0
iwatch2muchanime,13219,7.0
RiskyPT,34934,8.0
Fonsy,22507,9.0
MonsterRubberDuc,39468,8.0
FouAlter,48583,10.0
CaioLima20,7817,7.0
asetrisk2,8516,4.0
CaioOkada,26023,6.0
Rior_Archnemias,9471,8.0
-Handcrafted,40357,7.0
itachi_re,6628,5.0
-All,52198,6.0
pp813,34561,9.0
-Cyberia-,1796,6.0
itotaku,895,8.0
Tico56,47,6.0
ash_utosh,44204,8.0
-Darkbolt-,23385,9.0
KasukeLp,49320,8.0
Followkata,59425,7.0
itsFiji,30831,9.0
Franciscojesus07,54856,5.0
FormulaXPS,40515,7.0
Risely,58131,4.0
Thyrring,32182,8.0
prateekchhikara,18397,8.0
ThomasMcK,42250,7.0
iwashizue,38080,9.0
Montie,355,8.0
CagatayC,28701,7.0
MonkeyxCreep,50739,9.0
Kataki19,40935,6.0
Karinyia,39235,4.0
aryafadila,38959,8.0
Mondonguitojeje,24703,7.0
RisingInLove,339,8.0
Franguinho,41103,6.0
RnJ,40776,9.0
Fraikz,21353,6.0
Monjoex,29163,6.0
MooAnimoo151,54714,7.0
Foy,52173,7.0
-Akaneechan-,33049,8.0
princesahu1567,37521,9.0
poundest,55032,6.0
Throwawaybathtow,33352,9.0
-ISHTIAK-,777,6.0
CaffeineCrusader,34902,7.0
Tigre96,42351,6.0
-Kaishin-,9756,6.0
ashukun,28851,10.0
CXRBXRUS,34825,7.0
-Hollowfication-,49559,8.0
CLBA,30911,10.0
pripara,30705,4.0
-Haseo-,50594,8.0
arrazolavguille,2468,8.0
RiukixD,4155,10.0
CabralKDC,13357,8.0
-Frigo,14349,8.0
iveseenstuff,38815,7.0
-HonokaKousaka-,23847,8.0
Moonieforlife95,32380,6.0
arkandi,8577,4.0
CMacAkira7,51533,8.0
arne0,7062,9.0
itikitty,37009,6.0
MoonStar9,6201,5.0
-Fenris-,11759,7.0
asdlolxd_,139,8.0
Tiago_brandao,43299,7.0
CQLLIST,39617,1.0
Monkey_D_Alif_21,36754,7.0
ashsih99,40221,7.0
Rioteck,40879,8.0
-Elegy-,30365,6.0
-Juanjo,48580,7.0
Moon_Memelord,1292,9.0
Thuuduujn,35247,8.0
Monu36,37475,6.0
Thuynh06,54837,8.0
-GabiZ-,17855,5.0
Katharxia,15689,8.0
pranta20141,34104,8.0
Frank,30307,7.0
Fran694qq,54595,8.0
armageddon78,50738,6.0
iskariotes,6920,4.0
Monteriggionii,28121,7.0
pssp_16_2005,51179,8.0
Katania48,28221,5.0
-Don-,16870,7.0
Fortress_Maximus,9041,10.0
itz_stn,26243,10.0
asei,40730,8.0
princeof,58059,4.0
art_3,37965,10.0
Tigre_,42249,7.0
potatostuff,37621,7.0
Tiamat26,22043,8.0
-AcNo-,36946,9.0
KatOtaku,57424,5.0
Monolight,40010,9.0
Karinyia,22165,1.0
MonkWu,38408,8.0
RiskyForYou,42203,7.0
its_jordan,8557,6.0
RizelTheBaka,40839,8.0
Throw3r,38671,9.0
Fougahs,33069,6.0
artsysunscapes,21881,9.0
Katsuo_,45,6.0
Monochrome10,20583,8.0
Moomeowmoomoo,21845,6.0
itsFiji,31043,10.0
arstan,41467,10.0
Folktal3wtb,35180,9.0
Tidoux,45425,7.0
itsuka007,57845,8.0
provat_haque,55071,7.0
Moonmonk,39468,8.0
presentedtax,28891,9.0
isratul97,33352,9.0
arpia97,9724,3.0
asd-,27655,10.0
Katrix,40960,4.0
Riptos,36587,6.0
prsfx1,37095,8.0
Thrive2Mix,33253,7.0
Rixsu,40839,2.0
Riwn66,53912,7.0
Frank_Lotion,21,9.0
RithLuffy,55855,9.0
Riwn66,19221,6.0
ashuss,28725,8.0
Katania48,40392,6.0
profedsimp,47917,10.0
Moopdoop,52093,7.0
Moonshadows,33352,10.0
RiverChan,59845,9.0
KatoDesu,25777,8.0
asherzohar01,34240,3.0
Kashi_Kal,51096,7.0
Thunderking3,10863,8.0
asian_creationz,6547,9.0
MoonNymph,4063,6.0
RitaGandra,40010,8.0
Rizzadd10,10687,4.0
Tiagooow,7088,6.0
Foolsome,32867,8.0
Katanadude,985,5.0
itsNatan,40748,10.0
itsdreo,28171,8.0
Thrive2Mix,49849,7.0
-Deschain-,7568,6.0
FrancoMoe,30276,6.0
KatoWorks,40074,1.0
itshananas,35994,5.0
---karma---,11013,7.0
Katsuki_Rayu,37956,8.0
Kasoki,19,9.0
prof-milky,32542,4.0
Moogy-Anime,58939,6.0
Karrow121,54918,7.0
isvr95,23283,6.0
Karnrage,96,7.0
-Lucilfer-,7411,7.0
Rior_Archnemias,39583,7.0
-Hawke-,21329,10.0
Rkp_NS,38408,5.0
Tib__Furude,34753,7.0
Monokuma39,60157,9.0
Fortress_Maximus,54112,7.0
arrarragi,59322,7.0
MoonMoon405,2986,5.0
KatsuKaizo,16397,2.0
ismail18,40486,8.0
potatsguy,30484,6.0
Ritsu_Kun,10804,7.0
Moony-Denriatys,10800,9.0
COHROSE,50593,8.0
Fougahs,25389,5.0
KatoJoro,40356,4.0
MonkWu,30276,8.0
Katriel,43608,10.0
pouckis,3861,7.0
Kartein,24991,7.0
iwatch2muchanime,48697,7.0
Monsutake,34612,9.0
KashikoS,60543,9.0
FrankPT,40530,5.0
-Handcrafted,37379,7.0
Rivolva,36949,6.0
Katsuki_Rayu,30885,6.0
Ripler,30205,7.0
Fortio,36259,1.0
arne0,41176,4.0
Riria,408,10.0
MonkiDonki,2927,7.0
RnRoger,9181,6.0
Moonus,39884,7.0
Karurosu_ncz,41795,5.0
Throttlee,5177,6.0
FraNxxx,34134,7.0
Monoriu,46095,9.0
TiaraKazuya,21829,7.0
arkilag,42203,9.0
--Secretoben--,34604,7.0
RioluKusanagi,838,6.0
potatoguy77,4181,10.0
itamarZ,31859,7.0
RizzNoKami,40591,9.0
KasbpYukki,481,9.0
FoolishTaoist,16870,6.0
pranavcognito,48580,8.0
Caldog__,11757,7.0
iwum_bo,34612,7.0
TiagoOtaku655,16049,7.0
armanyan,15051,8.0
--Dark-san,16894,9.0
KarmaTempest,33255,7.0
Tib__Furude,58272,7.0
armanyan,37520,8.0
RoX__,40496,8.0
princefa5,5030,7.0
Fran_Zoldyck,31722,7.0
ThunderSonTS,51648,7.0
Cadenzavna,35557,9.0
RoDem,21405,6.0
Rithik393,49596,10.0
ThymeSeyU,53033,7.0
arvin_1219,31156,4.0
Ritsu-Kawaii,31181,8.0
Cajuzada,28927,5.0
-Francis-,14967,8.0
poyu1717,28677,8.0
proximo,37224,5.0
Rna87,40591,7.0
Ticafr,30547,8.0
-HoneySenpai-,16782,7.0
praghosh,38524,10.0
FraN_cs,11843,8.0
Katsuro-chan,249,7.0
Thrasher96,35992,5.0
Francisket,14345,6.0
MonsieurLune,23847,6.0
Rishab1125,48675,7.0
TigerWasHere,38524,10.0
Karma99,6547,9.0
--NoOneCares--,54794,4.0
Moonspeak,949,7.0
TigerInSpace,36296,8.0
CahalSweeney,33106,7.0
FossilFinder28,36653,7.0
Monkey_D_Alif_21,55889,6.0
pqrro,11757,7.0
COFFEE2388,54789,8.0
Riyaz47x,50325,7.0
ivan_90014,9989,8.0
KatherineSndval,3785,9.0
Francisco_Lemos,11319,8.0
asapkun,36098,7.0
Monkwok,32686,1.0
Cachje,5914,8.0
artsysunscapes,34034,10.0
CThrall,20,8.0
asadxawan,28701,8.0
iv_nn,48556,8.0
itsmepee,2246,7.0
poyu1717,35507,8.0
Karinyia,48418,5.0
KasukeLp,5279,7.0
Monish111,55888,9.0
Monya3,23361,7.0
-Angy-,41168,6.0
Rkelt,30307,8.0
-Legoshi,39535,8.0
-Azuki-,59845,8.0
MonoXchrom,35760,9.0
FraN_cs,35363,8.0
CYioReti,3138,7.0
-HoneySenpai-,36896,7.0
Monkey-D-Efrain,32407,7.0
-AkagiChan-,9989,8.0
ThunderBlade5053,48585,8.0
Mongezuranyan,39741,7.0
Moonister,57876,5.0
ForlornHope,40456,6.0
ashisland,50608,7.0
ittybittytitty,34134,7.0
Monkiesmata,33486,9.0
pozadoza,38003,7.0
asianbearshow,5680,8.0
--NoOneCares--,35076,5.0
itoumeta,22297,7.0
Frank,181,7.0
-IguanaMilk-,12531,9.0
ittihatcikao,11887,6.0
KasukeLp,28977,10.0
Moodiekiller,42962,8.0
CNoFlaw,24439,9.0
-Magic-,28297,9.0
-Angy-,11703,2.0
aronyn19,40206,7.0
Rioyan,35120,7.0
Ritor,16,8.0
asi_dc,32268,5.0
Rito-kun,28677,10.0
KassaneRendal,34626,10.0
Tiagolm42,949,10.0
Rito-kun,8769,9.0
KatieMH,356,7.0
artemisdeplata,33486,7.0
Fradischen,40956,9.0
privatesour,34280,5.0
Katil007,39468,7.0
CTHULHU_TYK,35062,9.0
Kastynux,10110,4.0
Katholic,351,8.0
arvin_1219,9907,6.0
RisheKafka,58509,9.0
CRis7x,10330,7.0
CaNNaBizZ,12893,5.0
MoonPhos,15775,4.0
Moniker0_,31757,7.0
pranta20141,23847,9.0
CalJealous,52168,9.0
Rivaliti,1535,10.0
artosapien,37141,4.0
-HeXy-,18523,5.0
-Kiraide-,40436,5.0
primo_do_futera,3220,2.0
Riverraccoon07,339,5.0
Karmainstantanel,41168,8.0
ivarov,12477,7.0
Franciscoimbra,32867,8.0
arvon2,19195,8.0
pp813,24913,8.0
Thurikan,34933,6.0
artanblacknight,33489,8.0
-Elegy-,49894,8.0
itsjustraxa,36475,7.0
Monokumerz,31765,1.0
provec,52578,9.0
Rlylex,36949,5.0
Rk003,50739,8.0
RipeAppleSauce,40776,3.0
Tii,5337,10.0
MonkeyMe333,39535,6.0
FourSeasonSage,35678,7.0
psychedelik,1121,7.0
Katsuro-chan,9911,6.0
-Aeriel-,3457,7.0
Threedo9,21659,10.0
promee,30831,7.0
CaffeinatedRoman,52347,6.0
--ALEX--,6746,7.0
CaesarKilljoy,35790,9.0
Montyjn,39026,5.0
-Kiraide-,39587,9.0
FourSeasonSage,37561,5.0
Kashi_Otaku,49930,8.0
power_shile,324,9.0
iuvin,35120,6.0
Kasuga_Arata48,37740,4.0
artubis,443,7.0
-Kirito,2617,10.0
Francis_G,3702,7.0
RiokiRobson,38408,8.0
iwhdbfb,23281,7.0
FranT14,49730,7.0
itachi-uchiha007,38883,8.0
Riptos,31621,4.0
arthur__leywin,777,10.0
Fortijack,1889,6.0
--Aestuo--,13221,7.0
Tigre96,37972,6.0
Rinxx,44511,10.0
powerofemo,2563,6.0
CaitNAnt,29868,7.0
CSRED,7647,10.0
Katsumi96,873,8.0
-Droid-,15963,7.0
Riptash,3782,7.0
CadTD0156,8074,7.0
Kasuzer,3002,9.0
Monster__170,35376,7.0
power_shile,18,9.0
-Ian-101,38691,7.0
Caecilius,5081,7.0
Fractured-Image,38807,3.0
-AlexandruS-,40597,5.0
Rishab_Panwar,437,10.0
itsAK14,24833,10.0
-Animewatcher-,4744,6.0
KatOtaku,48316,10.0
Kasusu,54790,9.0
CalabreseMuzza,37510,8.0
FrankTobar,7592,9.0
MonkeyWithPipe,15689,7.0
Monkey_D_Mrowek,1861,8.0
prammy,31553,7.0
CRUZER108,5114,10.0
-Alberto-,33028,7.0
princedetective7,874,9.0
potatofay0,30014,5.0
isvr95,39792,6.0
iwsifakismag,35712,7.0
CRT_616,19775,7.0
Riverraccoon07,3588,7.0
KarmaNouzen,46471,7.0
itamarZ,51179,8.0
-Kota-,35760,5.0
pqalmac,32182,10.0
--VaultKai101--,28121,9.0
asetrisk2,34626,5.0
promil16,48569,10.0
Riptos,24919,6.0
Tiippy,23587,8.0
priyanshuluffy,287,10.0
FouteMakelaar,19647,8.0
Rixthul,801,8.0
psychowera,36904,10.0
-Anokata,466,6.0
Karoo_oo,40532,6.0
Monix-sama,36511,6.0
princefa5,8017,7.0
-FacetiousGuy-,9330,6.0
Foquitoss,51179,9.0
KasuuKun,54265,6.0
Katriel,15051,7.0
RioLowell,33080,6.0
ashurixo,28755,7.0
-Daldo,11757,10.0
--NoOneCares--,44516,7.0
Tibbers001,10851,3.0
artijin,18115,9.0
ThunderZee,11179,6.0
FoxyGumiho,23281,10.0
ThunderRed99,572,8.0
Risinglit,31456,7.0
KasietheMighty,20057,7.0
itsukandy,48561,9.0
Fonsu88,5204,7.0
Cadia_,46093,8.0
Katsudon96,50622,8.0
Tiagosoutei,18497,10.0
Riyad69,48549,10.0
Montazer-kun,46471,10.0
Riri-Vermillion,51705,10.0
itspro,37520,10.0
RioAl,52934,6.0
Cadu_22,20021,9.0
prakhar27803,40839,9.0
Riwn66,59055,8.0
Frandark10,10668,6.0
Montypower,21881,9.0
--ALEX--,2104,5.0
-Ender-,54595,8.0
FranBal,35507,8.0
Kashima12,27525,8.0
itachi1,36896,9.0
KatExist,48926,10.0
itsAK14,39094,8.0
C_mikhail,16642,6.0
CNeto,35823,7.0
Rirukiddo,37086,9.0
isi_kavs,36949,8.0
--NoOneCares--,1535,8.0
ForflayyO,3371,7.0
ForflayyO,10507,6.0
arrazolavguille,9733,8.0
Monoriu,19163,5.0
Rishav8007,30654,10.0
Karutaqueen,2034,5.0
TiinaSprout,431,10.0
-Inuki,5081,8.0
arvon2,42321,4.0
Folochs,6880,9.0
itzl,205,9.0
MoonRoses,11633,5.0
Riptos,24765,8.0
-FOXX-,27991,7.0
Fr4m,19685,6.0
Rixge,41120,5.0
-DreamerQ,13659,10.0
asianfetish,41710,7.0
Cah-Chan,28621,6.0
ThunderNe,32481,10.0
----Haku----,33050,10.0
Caerulcifer,40852,8.0
-Kosutasu-,15951,7.0
Riskelfish,53494,6.0
Karmainstantanel,35828,9.0
-Kaizen-,60732,6.0
MonkeeDan,54918,6.0
TikusKebun,40708,6.0
Rishabh069,52741,9.0
Tiaago,37210,10.0
Rising_Tempest,10495,8.0
RizaLy,56948,8.0
Monix-sama,17919,7.0
aromanga,4715,8.0
asheccen,52701,8.0
Mookiee,35073,8.0
Tibikame,54028,5.0
-MYK-,26055,9.0
iskandarsouza,4975,6.0
Caldo_KynoR,22535,7.0
Riss-,20583,7.0
TiagoMoraes,22043,5.0
-3002,29101,4.0
ittou_shura,1723,7.0
-Emiya-,37991,6.0
CRXWLEY666,32071,7.0
Cacawette,2904,7.0
ivan012345,46102,10.0
Monya3,40417,8.0
isthetic,42941,7.0
TiTaNoiD,52211,7.0
Cabob,28701,9.0
Foltvers,58913,8.0
Fooliann,52588,7.0
Thotank,28171,8.0
MonsterZero11,34375,7.0
Monky111,21085,6.0
iwillbeanotaku,54856,6.0
artemistelle,29976,5.0
Rittsuu,32935,9.0
CThrall,13055,6.0
arunbainz,58082,6.0
Riqkei,34577,7.0
iwatch2muchanime,2858,7.0
Cakethatisall,9919,6.0
-Fuyuki_,9062,10.0
-Elegy-,7647,8.0
ivosicsu,41433,9.0
RizelSenpai,4358,7.0
Fonsy,355,6.0
RisingWeebHero,40392,8.0
KatOtaku,10647,7.0
-EpicMan-,35760,10.0
MoonShoes77,53273,8.0
asd-,42571,6.0
Thruddingsfly,39247,8.0
-Chilly,4901,6.0
potatosalad1,37259,6.0
Frajer_9,39555,9.0
-Mahesvara,10790,8.0
ivybruh,44511,9.0
Folousho,55818,7.0
Frank_G,11741,8.0
as_yuuki789,38145,7.0
asiangodz69,18677,7.0
-Kano-,41710,7.0
MonsterZero11,32189,7.0
Riwar9,48417,8.0
FrankUFO,37492,8.0
-Amaryllis-,37520,8.0
Fouton,47778,6.0
Kasuga_Arata48,30365,9.0
priz98k,39651,7.0
Thomasq1,6987,1.0
iwatch2muchanime,2904,10.0
Fomi,31798,6.0
KasuraGirl,6773,6.0
FoxMayCry,31964,10.0
RiroshiDtK,849,9.0
arsenyshalin,53613,7.0
Fornoyddd,32281,5.0
arppit,30711,7.0
RishabhNarayan,31240,7.0
-Funny-,25777,7.0
RlyBored69,46095,9.0
asadxawan,12355,9.0
-FacetiousGuy-,25099,4.0
MooCow126,31043,8.0
Katastro,32105,6.0
CageFreeSpy,38080,10.0
-HoneySenpai-,34392,7.0
Moonchild007,39026,7.0
ash101939,51096,7.0
Thony_Ant,27899,7.0
Rippuvan,58491,4.0
itoumeta,52299,10.0
Cadis13,16592,8.0
CRis7x,268,7.0
Katastro,790,9.0
Moonl1tS,31338,5.0
Tiggsie,40595,6.0
ashinkei,53887,9.0
Foxomar12,8408,9.0
Monke_D_Rip,25303,7.0
Kasia0909,10408,9.0
-Emiya-,13535,9.0
Monday_Sidereal,10163,9.0
Monya3,66,7.0
ThomasTankEngine,32937,9.0
iwan5566,24133,7.0
Katsuragi222,1594,10.0
-KATH-,901,5.0
CLARiSViEl,53590,7.0
-Kagaya-,48903,9.0
Tierryjien,27947,8.0
proky24,53273,6.0
ThuNDerSage,2748,10.0
Katou81,40938,5.0
Rmekude,43608,9.0
RiverboatRam,2593,6.0
Kasuga_Arata48,7338,6.0
Tichoslapek,7559,7.0
Francian124,37521,9.0
itsjustraxa,4565,9.0
C_ryptic,45576,10.0
Monkeryz,32901,2.0
KatharinaDan,58359,1.0
-DeepWeeb-,10080,9.0
ashuran9007,59419,7.0
Moon_Sham,40904,5.0
Rintaro2003,11111,8.0
Karpman,36371,8.0
Riquetrom,2001,9.0
Fran,29093,9.0
Caboose,31173,8.0
Rithic,35788,7.0
Riri_33,13333,2.0
-Ansh-,19,10.0
Foorty,1535,8.0
RiveTTo,14227,8.0
Moonlight_Arc-V,33352,10.0
Fouweior,11757,7.0
asahiruyoru,39486,10.0
Fracazo,9041,7.0
Tiffie13,1689,8.0
arta779,10087,9.0
Riy,48316,9.0
Thunderman88,44511,9.0
KaseSenpai,26243,7.0
ThySe77,17265,5.0
TiagoRn28,9120,8.0
ivanjrs,22319,10.0
Moon2607,50586,7.0
prof_salt,37510,9.0
Riwn66,48363,7.0
CStephen,596,6.0
Cakrawala,28825,7.0
ForcingARC,37259,7.0
princessleddit,820,4.0
-3002,49980,6.0
MonkeyAvsFan,2759,7.0
Rirusy31,37341,10.0
arkandi,57334,9.0
Rippuvan,3652,8.0
Calal-Chan,37055,7.0
ForeverGolden,10588,8.0
Fr1d4y_94,15335,8.0
-Aria-,11743,9.0
Monsmania,36121,7.0
psychiccupid,40591,10.0
Katsuki_Rayu,45576,8.0
Monkey_D_Mrowek,25777,9.0
armont_bhavesh,21,8.0
-Luffy_,37981,6.0
Cachoera,22535,8.0
itsKJlol,4224,8.0
Monctr,35413,9.0
powerOfNeo107,4654,7.0
-Mahesvara,40456,9.0
ppelsa1432,18229,8.0
Katanawe,18753,9.0
Rivnn,18245,6.0
Katman666,87,7.0
ashxy-_-,18897,10.0
protleon,433,2.0
Tiancheng964,50265,8.0
CPiva,36144,8.0
KatrinaWeeb14,20899,10.0
CafeManager,31376,7.0
ThousandRJ,9941,9.0
MooCow126,27787,5.0
--NoOneCares--,34542,6.0
----Haku----,38329,9.0
-Lazed-,38000,10.0
Rizzadd10,40935,7.0
ForflayyO,1829,7.0
psychowera,38422,7.0
przemek123,40595,4.0
CX_The_Dnalien,30458,9.0
arnold5000,40902,7.0
artijin,1943,7.0
Foxcraft92,30694,6.0
Katsunii,20449,8.0
Caju144,3228,3.0
Monitor_LCD,8769,7.0
KariudoPL,40496,5.0
Thurbs,30206,7.0
Monstruox23,39017,9.0
Moonalice,31790,4.0
Rizor,2418,8.0
-Ace,1764,7.0
CLanzion,48633,5.0
Katrine_FD,1844,8.0
CLanzion,52934,10.0
ivanderrr,54870,8.0
CLaNLoRrD,35120,8.0
Monkey_and_Panda,40879,10.0
provat_haque,31326,6.0
Katakuri187,37450,6.0
arsenyshalin,55848,6.0
Cafedomancier,23269,3.0
iss3cK01,49470,9.0
Moonalice,24,7.0
Monya3,2034,8.0
Cainmik,40815,8.0
itsTricksta,24415,8.0
Tijs1710,31592,8.0
--Fiend_09--,23755,7.0
itachi267,32867,8.0
CaitNAnt,1254,8.0
CMacAkira7,51219,7.0
Throni,36992,5.0
ashuss,37806,6.0
Thunder_God,16762,6.0
Karo_Maus,2220,6.0
armanyan,50739,9.0
pskgod2000,14467,8.0
Kashi_Otaku,33988,8.0
itoumeta,56835,10.0
CainhoDoHype,44511,8.0
FoolishTaoist,20021,2.0
--VaultKai101--,16662,10.0
Katsu22,37086,8.0
potatsguy,11867,1.0
Thuynh06,763,7.0
-Itachi_Uchiha,102,5.0
Fr0sTeN,9253,10.0
asaf,2001,8.0
Riwar9,57892,8.0
pseudofiji,11757,8.0
Cain_Virethorn,790,8.0
CaNNaBizZ,4460,1.0
ivancho3334,38040,7.0
Moon_Willow,26,7.0
Thunderclapper69,48643,9.0
Tikii10,39617,6.0
Rinzler145,60303,9.0
Fraisier,1569,8.0
Tibbers001,1604,8.0
Fr_MoonDan,13807,6.0
progodxxx,13271,5.0
potatoladica,11743,10.0
princemalikxp,31229,5.0
ForlornHope,8426,7.0
Monish111,15583,7.0
artemisthemp,31645,10.0
potatsguy,19951,7.0
artosapien,35839,9.0
-Hiku-,39545,7.0
Thrasherx13,40852,7.0
CRXWLEY666,35972,4.0
Katenou,26243,7.0
-All,37994,4.0
Rnd22,58939,8.0
Rizzadd10,21241,3.0
Kataki19,36517,6.0
Riwan-chan,2994,10.0
Rmaged0n,42361,7.0
Kariyu7,40215,8.0
Kashimo_,38691,10.0
ivan_anime,6746,10.0
MonkeMuncher,35760,8.0
Tigrao,121,10.0
FrByr0n,56538,9.0
Tigeren,48580,8.0
Moonbee_0,10259,5.0
Tibo_Bones,14813,8.0
MonkeyDHunter,21427,7.0
-GabiZ-,13367,5.0
-Desu-,59002,8.0
Thrive2Mix,37487,6.0
-Kitsuneko-,1254,8.0
Monkey_D_Noor,2966,8.0
arne0,42438,4.0
MonkeDLuffy,33558,7.0
RipEdwxnn,47790,5.0
isjmmy,60941,7.0
asetrisk2,35321,5.0
C_Par,43299,7.0
Monsieur_,22729,8.0
Riskeric,38917,7.0
Foreverhin,11977,8.0
Franchitii_Fr,53411,7.0
TicolinoTicolas,40834,8.0
Kasusu,40060,8.0
prateeplus,13357,8.0
Monofly,61800,5.0
itiffyi,1943,6.0
Monzue,37449,6.0
iwsifakismag,22101,7.0
-Cody-,38909,10.0
Katou81,889,7.0
Foundingweeb,15583,5.0
Riyad69,44074,9.0
COMThing,41457,9.0
-Kiraide-,23227,6.0
Foxx_03,40221,6.0
itsayansh,36633,9.0
-DEcroNANZI-,30,10.0
Katsudon96,14741,9.0
Ritsumi_,36686,6.0
TikTikPL,17265,6.0
Fox0073,523,7.0
-FUUJIN-,14741,8.0
asafsuf,48661,3.0
-Eien-,4280,5.0
MonkeyDLuffy_JB,16782,9.0
RiskyPT,52990,7.0
Rittsuu,22297,7.0
proximo,1275,8.0
ppelsa1432,32281,7.0
Forever--Young,49762,6.0
Riquetrom,35557,7.0
ThousandRJ,39486,9.0
Francisco998,2018,6.0
praise_astolfo,30503,8.0
-MYK-,34497,4.0
TiamaT-,34973,6.0
-Ace,31588,6.0
Francisco998,985,8.0
Thomas_Atwood,58080,10.0
prussianking,245,10.0
MonstruoH23,43467,10.0
Forion,441,7.0
KatsuAnael,35806,7.0
Tiff_D,42938,9.0
Cachje,811,7.0
itsTricksta,2890,9.0
Katenou,35145,7.0
ThousandRJ,1535,8.0
ThymeSeyU,34321,9.0
Fox5135,416,8.0
CRManuel,431,10.0
-Kiraide-,33028,7.0
-Gattsu-,16498,8.0
KarmaWolf,37597,7.0
itsrj20,38186,7.0
MoonTan,33241,8.0
Risteeen,33902,6.0
asaderu,35073,8.0
itsreku,431,10.0
Moniiicaa,3785,10.0
armtheque,6467,7.0
arjundhiman,30015,9.0
Monster_nachos,8577,2.0
COMThing,41312,5.0
Karuto90,10321,9.0
ForsakenHunter,14833,7.0
-Dei-,21995,7.0
ThomeofReality,36480,9.0
ivanlzy,31636,6.0
Thrust,6573,9.0
Karphyel,38422,6.0
prakhar_27__,58939,10.0
asd-,22789,8.0
RiriaMAL,54112,6.0
MonsterRubberDuc,19815,6.0
armedslave,32094,7.0
itachi-i,33654,1.0
provat_haque,11433,7.0
-Jintan-,60162,5.0
TieboRiri,25159,5.0
KatieMH,39710,7.0
arruDawOo,37393,4.0
asheccen,42438,7.0
arrarragi,56923,6.0
propatel77,35760,9.0
ThorfinnT_T,33352,9.0
itsleoxz,53787,9.0
Riotpilot14-15,23273,7.0
its_idl,39063,5.0
RiptideRush,39463,8.0
MoogVoyager,875,9.0
Riptos,41061,6.0
Thunderlord01,55774,5.0
pouckis,36862,8.0
Moon013,55651,9.0
issa_labshat,52865,9.0
RoKuRotAz,34134,10.0
Fox-Paw,35851,9.0
Rinshuu,34944,7.0
Fomero,32900,6.0
TiaraKazuya,51711,7.0
MonsieurBouclier,578,10.0
its_sans,34934,3.0
asce91,24833,5.0
CLaNLoRrD,26243,7.0
princemahdi8,51009,9.0
professor_otaku,33506,6.0
KatharinaDan,51764,1.0
Karma99,6205,6.0
psi_rockin,37483,4.0
ThyEmeraldMoon,51096,6.0
arsenixa,36511,2.0
Forcashen,15119,9.0
Thornshadow17,897,7.0
TikkiWiii,15109,7.0
Karmalvb,20507,8.0
Karoo_oo,24415,8.0
RjRaj,48760,7.0
Riptos,16700,9.0
ppots,40591,8.0
-Emiya-,37086,7.0
princefa5,138,7.0
Rizuno-Shikari,35994,7.0
prisumis,55866,9.0
artgamer0916,41915,6.0
FortniteMistress,15751,6.0
Thunder_Emp,34104,10.0
Fraisier,38883,8.0
Karyra,371,7.0
Cabotin,32981,1.0
ThorfinnT_T,52357,6.0
its_skylar12,42310,9.0
CRXWLEY666,29093,10.0
CR_Ahmed,35849,5.0
Foreverhin,41488,8.0
Karinnn___,25777,9.0
artemisthemp,19769,8.0
CaffeineCrusader,6030,9.0
KarlKafka,36475,5.0
CairoSCCP,14719,6.0
prewttyodd,11741,10.0
Moonpenguins,9617,9.0
pri_arts_,5680,8.0
Fraikz,23233,9.0
MoonlightBridge,41120,7.0
MonkUnit,2001,10.0
-Kazu,17729,8.0
arunbainz,52816,7.0
Rivido,37105,10.0
KasukeLp,37103,7.0
Katarina1804,59192,9.0
RioFutabaAztec2,50425,8.0
Monzue,1065,10.0
Foxygamerx05,57050,3.0
Rna87,33506,7.0
RiskyForYou,35790,9.0
Ticafr,10380,7.0
Riskelfish,42963,8.0
Moonxch1ld,1065,10.0
ThrowStone,57907,2.0
ForgedLives,16498,8.0
prohibitedeyes,30307,6.0
Karmalvb,40052,9.0
Rinxx,49154,7.0
ivenusdoom,36106,8.0
pozadoza,20057,8.0
Franca1212,431,9.0
Franciscoimbra,28999,8.0
Katsike,52034,7.0
artechee,5114,9.0
Katsura_Eikichi,813,8.0
Fonniz,40938,7.0
MonkeyDNic,41587,7.0
--Fiend_09--,31772,7.0
prichilla,2966,6.0
power_shile,2013,8.0
Foxy_Psycho,51215,7.0
MooDuck,269,7.0
ThugHunter,36266,7.0
Kast2,55775,4.0
iskandarsouza,1691,7.0
CQLLIST,31327,5.0
Thorfinntardw,31758,9.0
-Handcrafted,37989,8.0
psthfn,2953,7.0
Rizu_Ogata,31240,10.0
Rissenicus,35120,2.0
KasietheMighty,269,7.0
--Emiya--,35466,8.0
FoxMayCry,1840,10.0
itsonest,54789,7.0
Kate_S17,25681,8.0
MooZombie,55644,7.0
Foobanana,31309,7.0
Katakiuchi,38889,9.0
Cablecords,40693,7.0
Karo_cchi,8068,6.0
armob,25303,7.0
Cadmium,17821,6.0
asabust,12355,9.0
Thunder007,8769,9.0
psue,3652,7.0
-GabiZ-,48675,6.0
--EYEPATCH--,34599,10.0
Caju0,59160,9.0
CalCal63,1735,9.0
ForgottenClosed,8841,10.0
Tiagooow,6166,6.0
CaCl2,57,7.0
ivan2j,48583,9.0
MonsterKat,50663,8.0
-Kurara-,1170,8.0
-Dullahan,1,8.0
ThymeSeyU,44931,8.0
itsChiaki,52034,9.0
Monkwok,29803,7.0
FoolsOro,12365,8.0
ppain,269,8.0
Kataleyita,7791,10.0
-Graina-,49979,5.0
MoonLuchan,522,8.0
Riquetrom,3782,8.0
MonkeyDLuffy420,54714,8.0
Moonyp,20689,6.0
Caldog__,55996,5.0
primevalsoup,4814,6.0
Monoluxuria,22865,7.0
primzcm,33926,6.0
arta779,35790,9.0
ashigaru_anime,29093,6.0
-Blackswordsman,37991,9.0
iurikill111,25777,10.0
Monzue,37447,7.0
MonkeyDZoey,853,7.0
prollyumbra,37349,7.0
COLD_JAUM,13629,9.0
istorms132,4177,8.0
-Ellisson-,572,9.0
Monijij,55150,5.0
arvin090592,34561,7.0
ittou_shura,33489,7.0
asd-,42587,7.0
TiamaT-,4224,8.0
KasaiSenpai,199,9.0
itachi0mss,38408,7.0
Thomas02,39617,4.0
Karkato,50594,8.0
Karinyia,28957,8.0
Moodkiller,6127,9.0
Katiica4869,32030,10.0
Rioyan,50602,5.0
MonkeyDLuffy420,42224,7.0
Karrow121,51009,8.0
Ritakuma,24765,8.0
TienLachowski,40356,6.0
KasukeLp,41332,6.0
artin_1702,20787,7.0
przemek123,5204,7.0
priscillacorre1,42395,7.0
-Beffy,31758,10.0
aronyn19,4214,1.0
Fr3nch,49918,7.0
Thonkerton,53356,7.0
princefa5,23383,6.0
KariudoPL,9919,5.0
RivetingWeeb,37510,9.0
Thyst,40591,8.0
probjodye,59349,4.0
itchipsphere,43609,7.0
Throbbler,11061,6.0
armin26,30709,10.0
ito7215,2904,8.0
MonokuroKinema,4513,7.0
Ritesh_0,35466,9.0
MontuBGTB,50172,8.0
ivnat2912,34618,8.0
ThyroidBeanstalk,467,8.0
Cachoso13,42938,9.0
pr30,48842,6.0
Rmekude,58216,8.0
Throdax,2246,8.0
Rndmguypassingby,50039,8.0
proximo,4817,9.0
pragm,53393,9.0
Kashish_Jani,33222,5.0
KarsPijamaParty,38680,10.0
ps2_superstar,11785,7.0
Riondera,33050,9.0
-DEcroNANZI-,8937,9.0
Foxmester38,164,9.0
ThomasSeabear,20785,3.0
aryastrk,33674,8.0
-Dullahan,12187,7.0
-Arifin,53263,8.0
arshagor190,39617,7.0
Rizzles,18001,4.0
Rnzboy,23459,4.0
KatOtaku,36577,6.0
Monkey_D_Alif_21,29854,5.0
CLUB_ANIME,23673,7.0
Franguinho,836,5.0
-ISHTIAK-,17895,5.0
Karyio,9756,8.0
FourSeasonSage,51019,6.0
prado086432,15809,9.0
Katsudon96,28851,10.0
Forbidd,35790,7.0
CT4,40397,9.0
KasukeLp,1566,8.0
Francisco_Avila,34620,7.0
Thorgram,5681,10.0
-Jaegers-,44940,8.0
Fortunas22,35540,8.0
Monkey-D-Karen,35972,8.0
Kasusu,51648,8.0
Ripper_30,26055,9.0
asercot,13939,8.0
psdbzguy,34925,9.0
princefa5,7337,6.0
Montesinos,355,10.0
poyomon99,12467,4.0
-Dullahan,18115,7.0
Foxy15,34612,9.0
Rnxz,41025,8.0
-HonokaKousaka-,22135,10.0
Rizenrack,779,7.0
programmargorp,27957,7.0
-Daldo,36896,7.0
KarmaSoda,8557,7.0
-Cyberia-,896,5.0
Karkato,39894,10.0
Fracazo,31658,8.0
ForeverGolden,52736,1.0
Ripah,40748,9.0
Rixthul,51297,7.0
programmargorp,17265,4.0
Moontenegro,31859,8.0
KaspTheKasp,27899,9.0
-Dice-,11771,8.0
Tiaago,32282,10.0
istorms132,11837,8.0
Thuph4n,1689,6.0
KasperSwag1001,14199,3.0
Moonafier,2251,7.0
itsDeruta,37450,9.0
Thom_dos,24415,9.0
Kate_S17,40417,7.0
Katpasniss,10029,3.0
Forstarly,33964,8.0
itsmeaagain,11757,10.0
Foundec,57611,7.0
Karmel,19,6.0
Kassie_M,38691,5.0
Tic_O_Sos,26055,8.0
Forever_Dead,17389,9.0
itzTenzy,4181,10.0
Thraggrotusk,40902,4.0
potbrick,34798,10.0
-Kushii-,39324,1.0
Monoriu,30537,6.0
MonetD,14713,8.0
Kashi_Otaku,51535,8.0
Fopdoodle,35413,8.0
CaekCake,6707,5.0
Foshinh,27775,7.0
KarmaSlyr,31798,8.0
itsashxo,42923,9.0
asafsuf,31757,5.0
Monstruox23,58484,9.0
Rixge,31636,7.0
Karoo_oo,44942,7.0
Rnaka,34497,9.0
KarmaRex-69,34933,9.0
psi_rockin,38524,9.0
Thunderman88,6702,7.0
Moonxch1ld,164,8.0
-Mangekyu0-,53065,8.0
Monkeyking908,764,7.0
ThousandRJ,5630,8.0
-3002,28677,7.0
asetrisk2,18671,5.0
Karoo_oo,39569,7.0
Rizor,658,6.0
KasrkinSaser,38472,7.0
-Kota-,48736,7.0
-Dislike-,31763,6.0
ThyKonvict,53889,4.0
-Araragi-,10582,6.0
itallowinch,36896,7.0
-Aya_Chan-,7053,10.0
Foomfa,24227,5.0
Kasix123,38883,8.0
ashlynww,35849,7.0
Monusha,601,7.0
poyomon99,60543,9.0
Karuchi,528,7.0
Rkelt,9958,7.0
Ritor,30,1.0
Fox95,28907,8.0
Kasuga_Arata48,40471,7.0
Thomazotn06,39547,7.0
precurejunkie,23945,8.0
CThrall,6479,6.0
-Hina-chan-,40417,9.0
itshananas,10620,8.0
Monkey-D-Efrain,32729,9.0
CVManolo,51535,8.0
prettybot,34572,10.0
itacha4ever,9938,8.0
Thunderbolt360,35507,6.0
-Elegy-,39017,10.0
arpia97,39597,4.0
Katsuragi222,17895,9.0
KassaneRendal,32188,7.0
Fracrock,3759,5.0
Frallan0702,32379,8.0
italktowomen,34009,5.0
-Marc,9708,3.0
ThyroidBeanstalk,3574,2.0
its_ASH,37521,9.0
artkage_,3784,8.0
Foreveryoungsana,38000,10.0
itssVar0,12231,7.0
Kat0Megumi,38790,8.0
Tigereye76,44203,7.0
CTein,10213,7.0
Riptos,39026,9.0
asei,9756,10.0
TiaraKazuya,2006,8.0
Fr4m,34504,7.0
progguy,37521,9.0
CVMA027,7711,7.0
Rior_Archnemias,19109,7.0
iwsifakismag,32370,8.0
ppatatess,41468,6.0
itsBeelzi,37430,8.0
Rivaille_13,431,8.0
asdy,36098,8.0
Kasaio,777,9.0
Fox,25015,7.0
Foxmester38,39113,8.0
Riskelfish,27815,7.0
Riselv,48375,6.0
ThundRxD,934,8.0
Caiouu15,35968,8.0
ashukun,34599,10.0
--Fiend_09--,46569,8.0
it_was_me_cobo,2966,8.0
iwsifakismag,57891,5.0
Tide_125,36098,7.0
CalabreseMuzza,37210,8.0
itshoo_,31580,3.0
Riri_33,43969,6.0
Rippinite,37952,3.0
prungles,33206,6.0
itsmesky_8,35968,9.0
Fomi,9989,7.0
KashKetchum,9936,3.0
Fractyon,47164,5.0
-Kushii-,39235,1.0
FoxanaFoxy,59205,9.0
Tiger19,39196,9.0
itsAK14,55878,6.0
Kasesaurus,39533,10.0
RkGemr,1526,10.0
pseudo,21939,8.0
arizkykun,19163,7.0
KatoSama997,7817,5.0
Rising_Tempest,48633,7.0
pr30,48761,6.0
artychaild,1,10.0
TikoMia,50586,9.0
ishtiyak,5114,10.0
Fraisja,45613,4.0
poyomon99,12967,4.0
as3000,19669,8.0
Riskeric,50590,8.0
-Australis-,52364,8.0
Moonus,31483,7.0
arpia97,37347,4.0
ThymeSeyU,31757,9.0
ashibooberry,48405,6.0
Monoxide12349,52558,5.0
--Secretoben--,34514,7.0
Forqot,44203,6.0
ThunderSonTS,35376,8.0
---Th4nder,15437,7.0
Monsheri,12679,6.0
RiyalDiamond,50220,6.0
-GabiZ-,38524,9.0
Fonix2013,35073,9.0
Rivenmainlol,49930,7.0
itsmerichie,1565,7.0
ThymeSeyU,52505,8.0
Riokanol_,4901,7.0
Fradischen,27601,8.0
Kateyo_,19369,9.0
RnRoger,37086,7.0
Thyg,9989,9.0
isntdroopy,32729,8.0
Thrust,5079,6.0
istherefood,5177,9.0
itsmemario55,40752,5.0
KatrinaWeeb14,30503,10.0
MooMoonFr,52367,9.0
Riyaz47x,38329,8.0
-Animewatcher-,59001,9.0
Fr4m,28701,7.0
-LADD_RUSSO-,2994,7.0
Thorgram,1723,6.0
Monk3yKage,55994,9.0
arunbainz,38555,7.0
pseudofiji,51009,9.0
Tidehollow,199,9.0
Ritten,30296,5.0
Moonchild_ish,54789,9.0
arne0,15117,3.0
KashKetchum,24261,6.0
Monchi,2852,6.0
CafeComFarinha3,72,6.0
-LilBabuSpectre-,58082,3.0
ThomeofReality,49979,6.0
Caiyou2004,17949,8.0
Fouton,16592,3.0
Forestwilson123,35262,8.0
ivdos,6773,9.0
Foxxxel,37347,7.0
CL3GG,2251,9.0
Riyu-kun,54595,8.0
powersonic19,10119,7.0
CY0R,25283,8.0
Risti4040,37430,7.0
Fovez,1943,6.0
CactiCognoscente,54792,6.0
Riquetrom,43,8.0
-KazuChii-,37520,7.0
Tictac72,35760,8.0
artemis_77,10507,9.0
ashylz,33255,7.0
arruDawOo,16498,7.0
CaduSz,20,9.0
Ripjaw999,24451,6.0
Frank3nst3in,3588,9.0
ThuNDerSage,30296,10.0
MonkeyAvsFan,49918,8.0
Ti0_z3r0,32379,2.0
Tiamat42,5081,9.0
ivioon,3588,8.0
Fran_Law,226,5.0
Rionka,16011,8.0
RoTheLegend,34572,8.0
Kasperstad,24833,10.0
Foxcoo,25537,7.0
Monkey3215,37426,8.0
Fornoyddd,37521,7.0
itseiich,4725,8.0
MoneyMoon,37965,8.0
ForestGuardian7,37991,9.0
ThymeSeyU,8074,8.0
itskindacl0udy,31098,9.0
Moniker_S,21,1.0
Kashtanator,20365,4.0
--Emiya--,19469,7.0
RoTheLegend,40497,7.0
-Abdel-,20,9.0
prismheart,4342,8.0
TiamatNM,32686,8.0
Monochrosanity,35839,7.0
-HoneySenpai-,50030,7.0
MonkeeDan,7791,6.0
powerhouseofcell,32282,9.0
iulian700,9539,4.0
Tidy_Name,46569,6.0
Calarin,8861,9.0
asdlolxd_,177,6.0
Cablecords,52701,9.0
Ritsuchaaan,55310,7.0
CNeto,48553,8.0
pseudovrsna,42249,8.0
Monoff,31478,7.0
itoshi_kare,22147,8.0
Throttlee,40776,8.0
-Haseo-,10863,6.0
Monkiesmata,32281,9.0
Karmacrazy14,1639,3.0
Moonlava,28825,5.0
itschristuna,11739,8.0
pranss0_0,512,8.0
isxci,37517,7.0
MonstarFN,11013,7.0
Ticafr,28907,10.0
pssp_16_2005,53126,8.0
princefa5,34279,6.0
CMVenomSES,31964,7.0
Monomatt0013,2001,9.0
itsMErcy,49785,7.0
Folster,45613,7.0
italktowomen,42897,4.0
Riquiel,37520,8.0
Ritma,11371,8.0
asia_2k,5081,8.0
ThundBlack002,54633,7.0
Rissa-chan19,38830,7.0
CSRED,1818,10.0
FoxSin-Fen,34866,6.0
Kashisuke,34933,6.0
Caiyou2004,43969,6.0
arne0,437,5.0
princefa5,9598,5.0
KasteK,31722,7.0
-Cultured-,25923,7.0
Fox95,48316,8.0
MoonMoon405,12679,5.0
profuse101,31964,8.0
Monigatari,54492,10.0
-Kei_,1741,5.0
project005,452,7.0
C_Lab,45576,9.0
proton0094,199,8.0
FranJack,36903,6.0
-Gryphus-,39570,6.0
itsnotjack,41053,3.0
-Eeco,31043,8.0
Katsureki,8293,6.0
Rising_Tempest,7674,7.0
-Arcane-,32961,4.0
RippleLover,10153,6.0
prohibitedeyes,37976,7.0
Fonniz,49776,6.0
ashisland,16049,6.0
isjusme,36633,4.0
Foxygamerx05,42940,9.0
Kartik_Gusain6,10218,7.0
-Amaryllis-,38000,8.0
artikfoxa,437,9.0
Fox5135,40834,8.0
-HonokaKousaka-,9989,8.0
RivenXLukario,28819,8.0
Tiagooow,30307,7.0
Kashtanator,2490,7.0
FrankPT,42395,8.0
-AC-,11715,10.0
--EYEPATCH--,28675,9.0
Rivi_24,57,9.0
CRASHIVEY,22319,8.0
KarkLand,42203,9.0
RioAl,50953,8.0
Rion2,13357,5.0
Risaa4,56352,7.0
ForeMateus3,227,4.0
artehene,16498,7.0
MonkeyDNic,3002,8.0
KatOtaku,51473,6.0
arvon2,36943,6.0
Rirukiddo,1281,9.0
ishikawas,326,8.0
Moonphantom,24261,5.0
ashe,16762,4.0
-Animewatcher-,20507,9.0
MonsterLiebert,2001,7.0
Karo_Maus,37522,8.0
praveen97,40907,8.0
Kati-chan,33352,6.0
CageFreeSpy,47778,9.0
poziomek,32648,8.0
Forge9,52701,8.0
ForkEatingGoblin,28851,10.0
Foxhound0x00,42808,10.0
-Loli-,30296,8.0
arthurpendragon2,53887,10.0
ThomasGremory,21495,8.0
Kartik_Gusain6,21647,7.0
aroaracil,14067,5.0
-DreamerQ,8074,9.0
RitzierSeal,40357,4.0
Foodperson,51180,7.0
CagalloPerSequia,33157,9.0
Monjoex,28387,7.0
RoKuRotAz,20849,6.0
CaioOkada,40046,6.0
-ANIgourMEt,30524,5.0
KarolineCristina,28977,10.0
princessLily,16934,7.0
itotaku,32949,7.0
Foregrent,11111,6.0
FrAsta17,21881,7.0
arwen7stars,18897,6.0
prince_mors,28851,9.0
-Juanjo,41265,6.0
itskaito,39792,8.0
iva-braun,8861,7.0
Monkwok,13659,1.0
prince_loomba,40956,9.0
MoonTurkey,59989,5.0
Karrow121,49926,7.0
issy_walker88,1535,7.0
prime_1729,38483,8.0
itsanimel,40748,8.0
Karmex,55911,8.0
Moon013,59361,8.0
Foxxxxx,50265,8.0
-Deoxys-,5065,7.0
-Emiya-,16331,4.0
Katatsumuri-san,2963,7.0
Rishab_Panwar,30296,8.0
Karl-_-CxJ,23013,4.0
RitaValentim,249,7.0
TijlE,55997,7.0
CalamitasTeneo,240,9.0
arizkykun,53888,8.0
Tibbers001,22297,10.0
MoonTan,16742,9.0
Frank_Lotion,6594,9.0
isuzu_myra,38629,7.0
arthuroom,1353,7.0
prollyumbra,51705,4.0
MoonlightBridge,38793,7.0
KaseySau,431,10.0
TiagoLuiz,45055,8.0
CLADDAN,4280,5.0
Monkiesto,21339,7.0
RivaCry,37105,10.0
CaioOkada,479,5.0
Katoteshi,9253,10.0
Katrol45,30831,10.0
Fotsuan,18851,1.0
KassaneRendal,15879,5.0
itadaki_monjirou,54850,6.0
proffa0,28677,8.0
Rndmguypassingby,31181,8.0
ThymeSeyU,6880,8.0
prism__,52034,8.0
MonkeSpring,31374,7.0
itoshirin_gf,11111,8.0
CLanzion,29589,8.0
Foms,15335,10.0
Foltvers,10087,8.0
MooAnimoo151,1887,7.0
itsSleepySoul,40453,8.0
-All,4059,6.0
itikitty,39089,5.0
asiank0ala,30831,2.0
itslinotlie,58125,4.0
CafeComFarinha3,269,7.0
-Araragi-,52991,9.0
RiverOfFire,38992,10.0
-AinZ-,20,8.0
Rishon007,31043,5.0
ppots,49236,7.0
-Arifin,35203,6.0
KatsuraDaa,37510,9.0
Forion,16035,8.0
arrekkusu,30363,10.0
itachi1,33255,8.0
Monzue,39066,5.0
-Keen-,38431,6.0
Foresight45,53887,9.0
-Kiraide-,32566,7.0
Moody9868,5530,8.0
Monero-Chan,24833,6.0
asckj1,18153,8.0
Katenou,49458,7.0
-Ijumi-,51213,7.0
KatsukiChan69,42571,7.0
arshagor190,21743,7.0
Thomas466,33513,8.0
-BL0SS0M-,38476,6.0
Fr1d4y_94,48643,8.0
Montyzu,37521,8.0
-Danmaku-,35790,3.0
TiagoCosta,3226,6.0
Cainask,38524,8.0
-Kei_,37021,6.0
TiagoGomes,3572,7.0
itzl,7748,7.0
-Keen-,12029,8.0
CabMister,25159,7.0
itchika,38524,9.0
Rittsuu,57719,6.0
Thunderlord01,39030,6.0
itikitty,18277,6.0
issy_walker88,30484,8.0
MonjaElisa,4596,6.0
RisenScum,11757,3.0
projektwife,33834,4.0
Thommylipica4526,33255,9.0
ismailsrbst,46471,7.0
-Arata,6045,8.0
Francotk,59207,8.0
Karma-Senpai,42361,5.0
Throwawaybathtow,40786,6.0
Thuan224,31043,7.0
iwatch2muchanime,3577,7.0
Thunderman88,21881,7.0
arsenyshalin,56980,10.0
Foms,38889,10.0
Karma711,853,7.0
Cadisven,39617,5.0
isyasad,37999,5.0
RisingAceTraine,50392,6.0
Monkey3215,32282,9.0
CMRulZ,11633,7.0
TienLachowski,53494,6.0
KatShortwick,22745,5.0
Monctr,10216,8.0
FouAlter,50638,8.0
-Kurinto-,10721,8.0
Ca0sz,28121,7.0
ThugHunter,326,4.0
Moonaticfairy,4477,10.0
itz_centuries_,37510,9.0
prouted,578,9.0
Karumont,14345,8.0
Cale5542,36882,8.0
Katana_ntt,40372,7.0
MoonSpider,50288,6.0
-Lunarian-,18619,9.0
-Keiko-,908,7.0
artemisdeplata,22535,7.0
Rishabh069,54284,7.0
CRASHIVEY,47,8.0
psychokillerz,14227,9.0
Monsheri,30363,7.0
KarsaOrlong,11349,6.0
Moonchild_ish,7054,7.0
FranGS,477,8.0
KariudoPL,1732,8.0
Foxxxel,29093,6.0
FoxEyes,5924,6.0
pseudovrsna,38992,7.0
psh,34902,7.0
artkage_,37972,9.0
Moop_,28121,9.0
Riux,239,8.0
Katou_sama,59745,6.0
ashleyke,35851,9.0
prussianking,48736,10.0
asd-,35418,6.0
-Ian-101,34618,6.0
KasietheMighty,10357,8.0
Cah-Chan,36198,5.0
Moonchild_ish,39597,8.0
FoxOf,52830,3.0
Fouton,34332,7.0
arne0,325,4.0
Katsudon96,49612,5.0
iv0rye,40750,3.0
CaioVieira1917,10620,4.0
Caiorapososilva,34933,7.0
artispuella,14075,8.0
CXShadowHawk,552,8.0
Rlylex,2129,7.0
MoodnightCafe,40591,8.0
Monzue,12671,8.0
Riten,6045,7.0
RizelTheBaka,42897,9.0
Monijij,49918,6.0
Riot,39819,6.0
-Emiya-,34240,6.0
CUMGUZZLER69,36999,8.0
Tibler,31757,9.0
itsMErcy,6922,9.0
Karma1100,31559,7.0
Karuto90,28805,7.0
RlyBored69,40497,4.0
Thunsgp,57058,7.0
ivananime,38145,7.0
asheccen,26243,8.0
itt130,35968,9.0
CRIMSONXFROSTX,28907,7.0
Tibler,1059,5.0
KarmaNouzen,25777,10.0
Franibu,48580,8.0
Foodperson,11843,9.0
Forionsy,36266,8.0
ivekz,28025,6.0
Kasugano,3457,4.0
iwaois,24151,4.0
Foxcoo,37492,6.0
-GuyHitchens-,37779,8.0
KasumiN1x,4224,8.0
Forionsy,51128,7.0
ashpelo,10711,4.0
Fr0sTiX,1686,8.0
power_shile,1448,7.0
Cachje,6007,5.0
Ritz407,5958,8.0
Karnrage,6895,7.0
Kasugano,41006,7.0
Karokek7,57100,6.0
Cacheir,57502,8.0
--kitade--,20723,7.0
princesahu1567,16782,7.0
RizkyKusuma,39940,8.0
--Emiya--,38329,7.0
-MAZ1NO,37982,7.0
-Kitsuneko-,7748,9.0
Fractyon,58516,5.0
MonkeyAvsFan,48561,7.0
Katiica4869,50663,10.0
prime_1729,10719,6.0
-Arima,9253,10.0
prislila,40028,7.0
itsanndayo,12355,8.0
its_Eobard,40004,6.0
-Kusuriuri,50172,7.0
CLModerno,41226,6.0
-Hawke-,6114,9.0
-BL0SS0M-,55774,4.0
Ritz501,37779,9.0
--Aestuo--,3999,8.0
Tidoux,22319,7.0
CVBuckets,5114,9.0
--tsukuyomi--,6547,7.0
-Kushii-,24135,1.0
Karuchi,1192,8.0
Throwawaybathtow,48406,5.0
ashwincraft,39701,6.0
pri_arts_,49521,10.0
Monix-sama,43013,6.0
-Ifrit-,35849,5.0
TiagoGomes,4095,7.0
Risame,356,7.0
Tidoux,33818,9.0
Throndir,46095,9.0
itshoo_,9260,8.0
ivanflinn,25099,6.0
Cabubaloo,42361,8.0
Katsureki,10521,10.0
Foltvers,59845,10.0
Rippuvan,6030,9.0
RipTide,56352,8.0
-Frazzle,37430,9.0
-Denki-,30885,9.0
Ritu47,39533,9.0
-Flaky-,43690,6.0
iwasanee,33731,6.0
CPlusPlus,42361,8.0
KashKetchum,31645,5.0
Ritik_Sharma,527,8.0
Throwawaybathtow,31440,3.0
Montblanc71,22789,10.0
pressurpoint,7338,8.0
Rizuchii,48981,6.0
ThomasFukano,413,1.0
KatsuKaizo,18153,4.0
armtheque,1030,8.0
Rion2,18897,8.0
CROCODILER,11597,7.0
KasteK,31630,5.0
Karlie,479,9.0
poziomek,21843,9.0
Moon_Sham,37447,7.0
Calc_,33352,9.0
MonkeyDNic,50709,8.0
Riyuzu,52198,10.0
MonkeyDSean04,12449,7.0
-Grrzl,2961,7.0
Fr1d4y_94,459,7.0
-Lazed-,32542,9.0
-1Mary1-,1237,7.0
asa50x,52347,6.0
arodoetaniri,431,10.0
Francisket,31430,8.0
Thorfinn_glazer,223,7.0
Montyzu,60146,4.0
Fr0nzy,31636,6.0
MoooooooooMilk,4081,8.0
Franelas,23321,8.0
asaderu,12029,8.0
Kasoki,2404,6.0
Calarin,226,8.0
Katsuragi222,40357,7.0
Thundershotboy,6033,8.0
KarioBaka,40056,4.0
Thomas768,39547,9.0
ThyEmeraldMoon,33051,7.0
ixShiroKishi,824,5.0
itsMErcy,56285,8.0
Rkluppel,40540,8.0
CKRpl,34451,8.0
ThyKonvict,14513,10.0
ThomasMeta,8408,7.0
arpia97,523,10.0
ixiao8,50265,8.0
-Darczix-,16870,8.0
programmargorp,6637,7.0
Ritz407,15195,8.0
Rkader_GT,31442,4.0
CabralKDC,37497,8.0
priyaaaaa,22265,8.0
itoshi_kare,52701,6.0
Foxcoo,48583,6.0
prammy,25537,9.0
prateekchhikara,4874,6.0
Rintaro2003,32281,10.0
arpia97,27775,9.0
proxime,33010,3.0
Rm_Angelica,14355,10.0
Rkelt,36371,8.0
TikkiWiii,31680,5.0
Tiagooow,8769,7.0
proj_rone,38594,7.0
Monofly,52995,10.0
--kitade--,12581,8.0
Katsuragi222,30015,9.0
power_of_morgana,995,4.0
Forkii,41590,7.0
TigasMen,9253,10.0
Monkey_D_Noor,1210,8.0
-Mahesvara,53129,9.0
FrankTW,40748,8.0
-Ascendancy-,49220,8.0
-Ak1ra-,30363,8.0
CTcommander,1889,8.0
Franciscoimbra,31964,8.0
itikitty,39727,5.0
MooneBoy24,10397,4.0
CaffeineCrusader,30831,9.0
Riwn66,4472,7.0
Riptos,120,5.0
Monkeystrifer,199,7.0
-Jinxren-,31680,5.0
CaioCK-H,22901,6.0
-Kushii-,52173,1.0
MonkeyOtaku07,16706,8.0
MonnieohMonnie,38671,6.0
ismichi,36186,9.0
Thomasq1,2163,4.0
iwatch2muchanime,2025,8.0
Rjt,54437,10.0
Risubb,54312,10.0
Monkey_D_Mrowek,28121,6.0
Fordi,48316,9.0
ars2,25303,8.0
artsarast,26243,7.0
MonyTheGreat,34964,8.0
Foxy_Michaelis,51019,10.0
CLAR-A,20745,9.0
ashlynww,34152,6.0
RissaVik,15453,10.0
Karma___,24893,6.0
Ritor,2001,8.0
Katsuki_Rayu,51096,8.0
Katiica4869,40716,8.0
Monix-sama,9988,6.0
Cafezincomleite1,22199,8.0
prollyumbra,39617,5.0
Folousho,1889,8.0
RnRoger,36649,7.0
-AcNo-,29803,10.0
Monster_nachos,31338,4.0
Tigres,4214,9.0
CaioLima20,38940,6.0
Monitor_LCD,31706,9.0
poyomon99,31634,2.0
MonsterZero11,47160,7.0
MooXa3003,33255,8.0
Kasdar,38436,9.0
Moonknight12,10702,5.0
Monteschizo,477,7.0
-Davyd,42310,10.0
Kasuga_Arata48,34973,4.0
Fouton,7482,4.0
--kitade--,2236,8.0
FranXico1997,36999,8.0
KasKitt,35760,7.0
Monzue,39610,7.0
Kasderan,32902,7.0
profuse101,915,9.0
FraN_cs,1462,8.0
przemek123,52034,9.0
TickledPickle,33475,6.0
Monstruox23,30250,9.0
-Kotoha-,36649,8.0
isimpforwaifu,21557,9.0
CPA,13125,10.0
FourthKind,1604,10.0
isngyn,38671,6.0
FourSeasonSage,31251,7.0
-Ayu,10445,6.0
itouu,34086,8.0
artgamer0916,9515,7.0
-Kurage-,32281,9.0
-Arcane-,7596,5.0
-Hollowfication-,20583,8.0
RishabhNarayan,32935,9.0
CVNT,975,6.0
isuzusan,13767,8.0
-Araragi-,11933,8.0
FraNcy2317,40956,8.0
MonkeyNate,34618,5.0
Katakuri187,10017,8.0
itx_Kokomelon,32900,8.0
-LastPain-,38671,7.0
psm3l0,41361,6.0
Riwar9,46985,8.0
Katsunii,28223,9.0
Moonable_,59145,8.0
TiagoRn28,15085,5.0
Monzue,23831,5.0
arnold5000,32902,7.0
itsleoxz,53439,7.0
-Lightbulb,22297,8.0
Monsterko,37450,10.0
prakhargr8,15809,6.0
Thunder_1,40416,8.0
Kashima12,23847,9.0
Franck232,56842,5.0
Ritma,16668,9.0
CMAN676,49596,9.0
Tiagolima1,41491,5.0
MonsterAmwu,34599,9.0
CLCisdead,28851,10.0
Franck232,14893,9.0
RizzMonger,527,7.0
MoonWulf97,6547,8.0
Monkey-D-Efrain,56907,6.0
iwsifakismag,11013,7.0
Tieeli,12709,8.0
CYCL_Dusty,42310,6.0
CaioVictorFA,7791,10.0
Tiga42,33064,8.0
ash_utosh,48580,8.0
-0Yorunoomo0-,9919,4.0
arrazolavguille,298,7.0
COSLIAS,3455,6.0
Kataa7ina,918,10.0
Katsuragi222,57864,10.0
Thundarnix,33674,10.0
prykz,27787,8.0
CLAW_Animelife,37347,6.0
-Lofn-,45,7.0
-Dei-,24695,7.0
Risa0_0,2446,6.0
asianbearshow,21405,7.0
KatOtaku,35815,7.0
przemek123,39468,8.0
Moonchild04,52305,7.0
Fox,31043,9.0
-BL0SS0M-,31780,7.0
Tibet381,430,7.0
Riventures123,38101,7.0
itsukandy,225,8.0
-Agera-,28755,8.0
ThunderRed99,37779,8.0
-Bibs-,269,7.0
KatsuraRin,35790,7.0
Forqot,73,7.0
Riux,9919,8.0
ashai_,527,5.0
CLAR-A,1887,9.0
CKTalon1,34537,5.0
-ISHTIAK-,880,8.0
Tictac72,9890,9.0
itikitty,42483,5.0
Foundingweeb,22535,9.0
Thompson_v1,41025,8.0
Kary88,52865,8.0
Monsterko,37105,10.0
Fortescue,6213,7.0
Katakiki,7723,2.0
Thrasherx13,442,6.0
Monzue,54112,8.0
Rk003,13125,7.0
Rinxx,59342,6.0
Rishabh1987,33075,8.0
Foxxxel,22877,8.0
Tigos,41467,9.0
arvon2,31988,6.0
Tiet1,23289,2.0
ForceSpeed,22319,8.0
ashylz,51680,7.0
COLD_JAUM,1559,8.0
MooMooWeeABoo,14753,10.0
arunbainz,45613,7.0
Kashim2484,37786,8.0
ashe,38249,9.0
Mooniee,35760,9.0
MonkeyDHunter,19261,6.0
CagatayC,35994,6.0
Forest_1,35120,3.0
-Crizzy-,40935,7.0
ForlornHope,743,7.0
Kasuga_Arata48,50631,6.0
-3002,15751,6.0
itsmarx_man,36028,7.0
ThyKonvict,30240,7.0
CSGMarch,52969,5.0
itachi-uchiha007,1735,10.0
Riptos,44276,6.0
-Aster-,18153,8.0
itminly,56063,8.0
println,1033,6.0
CVMA,39533,6.0
przemek123,54595,10.0
artist-retired,10191,6.0
Thunder007,57058,7.0
asetrisk2,45574,5.0
-Ecliptix-,19221,7.0
iwum_bo,52198,8.0
prsfx1,40787,9.0
itzTenzy,31491,2.0
MonsieurPapillon,35847,8.0
Fortner,30276,4.0
ixShuriken,37393,7.0
-Aras,39196,7.0
Ristiriita,37578,8.0
CTDz,16417,7.0
Calabre006,29854,7.0
-Artix,10620,10.0
arvin946,55791,10.0
arunbainz,40902,10.0
Monix-sama,13161,7.0
Fox5135,52299,8.0
RisingAceTraine,37007,6.0
-Ifrit-,150,8.0
Fortress_Maximus,357,1.0
-Droid-,6880,8.0
-Kenshin-,189,4.0
isyasad,1832,2.0
itado,44942,8.0
pppatrik,44511,9.0
Rizhuki-san,457,7.0
ixDako,35203,1.0
itsmee,2001,9.0
itssVar0,29095,7.0
arunbainz,39518,5.0
Ripped_99,42938,8.0
itikitty,48861,5.0
C_ryptic,16592,7.0
Rinxx,16982,7.0
isumi-chan,24,9.0
-Kirito,10719,10.0
promanias,24455,7.0
praveen97,27899,7.0
Caiiii,38408,10.0
arshasj,53747,10.0
Fopdoodle,33487,6.0
ivanlzy,35823,9.0
Mons1337,39597,6.0
arnold5000,43523,7.0
itacha4ever,481,10.0
RivaCry,40930,7.0
pranta20141,1535,7.0
Monatsu,48569,10.0
Thomas466,5958,8.0
Kashi_Otaku,46985,5.0
Tichoslapek,10083,7.0
TiganuCocaCola,8861,7.0
KatieMH,12695,8.0
CNiial,31240,8.0
arverst,32937,10.0
FoolyCL,523,8.0
RioFutabaAztec2,13659,7.0
MoonLuhAna,58939,9.0
Karma717,20787,8.0
Kasd100,9253,10.0
--NoOneCares--,39567,5.0
-BerserkArmor-,31933,6.0
Frank_G,46093,7.0
iuuki,31964,8.0
KaseySau,31229,9.0
Riyuzu,8246,8.0
FoxEyes,4312,7.0
ashi_cg,731,10.0
italo_komi-san,52990,10.0
MonoText,35849,7.0
KasukeLp,51215,7.0
CTHULHU_TYK,56690,8.0
CXRBXRUS,20787,7.0
Katadon,1840,9.0
ThorviBritannia,22687,1.0
KarstNoPrime,48580,9.0
Rizk,43325,7.0
-Anako-,523,9.0
KartProwler,54839,9.0
CKK2,30016,8.0
Foodperson,17549,10.0
-BL0SS0M-,30885,7.0
Rirukiddo,40496,8.0
prismajane,15109,7.0
itsBrix,47159,9.0
ThunderRaptor,12189,5.0
arkanpm,36511,7.0
psychosanta,3457,8.0
Karu-Sama,24439,8.0
CLanzion,55774,10.0
MonkeyRafe,263,10.0
psi_rockin,49220,6.0
ivaxx,17409,6.0
itsshinn,20,7.0
Riotsuz,38101,4.0
itikitty,51499,5.0
pryzak,39555,6.0
Monga,3342,8.0
Karva1,39790,6.0
KarlHare,36726,7.0
Rionsta,1030,9.0
ThugPou,34798,7.0
prtm1908,48614,4.0
-AcNo-,42429,7.0
Ripo,2221,7.0
Fopdoodle,7791,7.0
RitaTrindade12,795,7.0
aruah,55742,8.0
FoxyRubyRouge,1689,10.0
CNeto,696,8.0
RioTey2004,31240,8.0
ThymeTraveler,1090,6.0
-Juanjo,55791,7.0
professor_otaku,52291,10.0
KatoJoro,47917,8.0
CSGMarch,934,8.0
-Atsuhi-,20787,6.0
asd-,14833,9.0
FrankFX,30296,7.0
asdpyon,1118,7.0
Monsoozi,32380,6.0
-Grrzl,35849,7.0
Karu-Sama,2951,8.0
arya_zarey,43325,9.0
princemalikxp,37514,9.0
-Arcane-,20033,7.0
Thumbelina28,3092,6.0
ppizzapie,5690,7.0
ForkzAreEvil,16706,10.0
RisingPhantom,5277,8.0
Monojitshibom091,37520,7.0
Rkyn,38414,8.0
Tigeren,877,10.0
artispuella,9963,9.0
-J-B-,2472,7.0
KarthikPoojary_6,22777,8.0
itsileana,36475,8.0
CaCl2,658,9.0
CY0R,37449,9.0
Calderia,21995,6.0
Katsike,51680,5.0
FrankTobar,6547,6.0
-Emiya-,5277,7.0
MoodyDead,49831,5.0
Tigerin0,40956,6.0
Karl-_-CxJ,9760,8.0
itseiich,31765,6.0
Mondi1234,53439,8.0
Katsureki,10213,7.0
Cainmik,49926,9.0
KateDaniels,2006,5.0
COHROSE,6573,10.0
Kashima12,35608,9.0
asd-,12549,9.0
Thomasq1,28171,8.0
Monkeyke,36840,4.0
-DeepWeeb-,31933,10.0
Thor_Almighty,6956,6.0
Thuron,58247,7.0
FontSize72LOL,8769,5.0
praveen97,39535,8.0
MonkeyAvsFan,6548,6.0
asdlolxd_,40750,5.0
ashuran9007,6166,10.0
itzVital,36563,6.0
Monkey-D-Andrei,36456,10.0
TiffyishSpiffy,2001,7.0
-FUUJIN-,51128,6.0
Kartik__187,36106,10.0
Rirukiddo,38397,6.0
Katsu-kun,25183,7.0
Montana37,36475,8.0
potatoladica,17345,8.0
practize13,28999,9.0
itsAlya,1119,7.0
RizaLy,186,8.0
ivdos,8769,8.0
-GabiZ-,35222,6.0
CUTGUT,16498,5.0
Kassitero,239,7.0
Thunderman88,55813,7.0
Fonzin,33486,9.0
itsDeruta,50481,7.0
arn26,34152,7.0
CairoSCCP,24543,6.0
aryanas159,31964,8.0
Monkey_D_Alif_21,54595,8.0
Kashi_Otaku,51019,8.0
CY0R,269,9.0
itsalwayssunny,1117,8.0
Monkwok,49519,7.0
Mooniouz,53887,8.0
Katsura_Eikichi,21405,7.0
Forrest-_-tt,38329,2.0
ashleyge,6547,6.0
Monsmania,37086,7.0
iuririn,1257,8.0
Mooniouz,37779,9.0
Riux,5040,8.0
primzcm,10278,6.0
-Hawke-,18497,4.0
CaldeCrack,39292,8.0
RiverboatRam,31758,10.0
CMinamoto,17909,9.0
Thurbs,40814,8.0
----shia,37522,5.0
iwsifakismag,5958,8.0
ashe-,17513,8.0
iuuki,29755,8.0
arrazolavguille,32447,5.0
Monzue,35834,7.0
pp4in,5205,9.0
-Kazuma_,38414,7.0
-Akarii-,37450,9.0
Kate_S17,4224,6.0
-Loli-,31859,8.0
arthur_maga,23847,8.0
Monnishue,28497,7.0
Karkato,5114,9.0
Katania48,32899,7.0
-Keen-,42249,8.0
KatherineSndval,55844,10.0
Rizor,1254,7.0
Riyuma,2391,8.0
princesserenityy,30,7.0
CaCl2,41487,6.0
Katachidfoxy,32380,7.0
FrAsta17,61847,6.0
Thuph4n,1943,8.0
--Mister_Mario--,21073,10.0
FoxSenpaiYT,14227,7.0
Tiaces,15583,7.0
Katon967,33506,8.0
-Glin,431,7.0
FrakkinChar,3761,6.0
iwatch2muchanime,36755,6.0
CabVolp,1090,6.0
MonsieurBouclier,28121,8.0
itzl,20,8.0
Kasoki,15197,7.0
Riritsu,34494,7.0
ThrawnyBoy,58131,7.0
ash_alex,20359,8.0
profsatjipto,39783,10.0
CTBlue,13125,9.0
-Jakey-,17074,8.0
Foodperson,17725,6.0
TiagoLuiz,52990,5.0
Ritsu_Kun,31704,7.0
itado,44203,5.0
Kary88,25681,8.0
Ritsu_Kun,33569,9.0
-Beffy,53887,8.0
--NoOneCares--,42962,7.0
Rithik393,58514,8.0
isshh,42923,9.0
-Handcrafted,35062,5.0
ashisland,50528,7.0
COMThing,435,7.0
RipTide,48375,7.0
KaseSenpai,28927,7.0
itsmypurgatory,33728,7.0
-Akuro,38408,4.0
princess-ark,49154,7.0
-Gremory_,14227,10.0
----shia,1548,6.0
itaaadori,58567,10.0
Monoluxuria,9379,10.0
-606,11013,7.0
ThunderBlade5053,30654,10.0
Kasou,37999,7.0
isimpfordio,52034,8.0
Moody13,32108,8.0
Rish141,52816,7.0
Monsmania,31143,4.0
Caek221,7311,9.0
MonsieurPapillon,23281,9.0
-Kirio-,15379,7.0
Montalpaca,27775,6.0
-Flaky-,42361,1.0
itzVital,15565,6.0
ivarle,59369,7.0
CT-7567,1542,9.0
Thorsson,36539,7.0
princefa5,2408,6.0
Fox0073,35330,8.0
ivekz,22789,9.0
CaLeah282,16782,9.0
Francescokun1,1030,9.0
Monix-sama,7148,7.0
Kartein,38513,2.0
itz_Aditya28,25777,9.0
itsbabu,8129,9.0
FosterSon,20021,7.0
Tiago_KT,36456,7.0
armandomora,40059,9.0
Moomeowmoomoo,39463,2.0
CXRBXRUS,50265,8.0
MoonPhos,35120,7.0
-Frigo,437,8.0
itspro,37430,10.0
CaNNaBizZ,27909,6.0
asaderu,174,6.0
Fort_Battler,1535,10.0
ivenusdoom,14189,6.0
arkady_000,30,10.0
itsMErcy,10408,10.0
itsSoHeavenly,46569,7.0
RoKc,57592,8.0
arn26,12355,9.0
FoxanaFoxy,37095,8.0
artosapien,34504,6.0
KashikoS,59459,9.0
Karo_cchi,54743,8.0
FoulPlay42,32902,8.0
-Blackicon,17637,7.0
-BL0SS0M-,12467,7.0
RitaGandra,501,9.0
Katsuna,30016,5.0
-Kiraide-,31478,7.0
Fradischen,41380,7.0
Moonman616,40620,9.0
-Albirea,24997,9.0
RoAkabane,13833,6.0
Moodipoy,41392,4.0
-FacetiousGuy-,37105,6.0
praddydaddy,21,10.0
itss_abbyyy,41487,9.0
Rndmdd,35972,8.0
-Mahesvara,54760,8.0
Riritsu,31964,8.0
-Kiraide-,14893,6.0
Montyjn,11757,2.0
CalCal63,30503,9.0
Ca7,20,9.0
Caerulcifer,20507,9.0
ivanelterrible,46,8.0
FrankPT,40496,7.0
arzynik,164,10.0
Fracrock,323,6.0
--kitade--,18671,6.0
Frank,34494,7.0
powlowc,1530,8.0
-Luhui,12117,7.0
Rlan98,12883,10.0
Caiorapososilva,39487,9.0
Monoluxuria,2156,8.0
-Juanjo,30503,8.0
Kasuri,32182,8.0
Karsaaa,35849,8.0
Karma99,7088,6.0
KarmaSlyr,53494,9.0
Thopps,35760,9.0
asdf1972,18897,6.0
itsmedibba04,43608,10.0
----shia,40496,6.0
TicklingThoughts,413,3.0
Karmacrazy14,35790,8.0
Foxtrox420,1090,7.0
Tiakka,49918,9.0
Kartoferu_,9260,10.0
aryastrk,36106,8.0
-Grand_Grievous-,17643,9.0
arzynik,31933,7.0
-Kirito,1420,10.0
ash_rosen,5667,8.0
itsiisus,15583,10.0
Karnrage,31043,8.0
FoolishTaoist,40491,6.0
CaiII0u,29093,8.0
MonkeyDHunter,48488,2.0
RitzierSeal,39790,7.0
Foyxal,35333,7.0
poyomon99,34591,9.0
Fonsu88,36992,5.0
Fractyon,43299,5.0
itsve,50265,8.0
Frajer_9,14893,6.0
Foms,25689,8.0
itstheresa,41587,6.0
Ritsu-Kawaii,29893,7.0
-Acheron,28851,8.0
Forqot,25313,7.0
RioFS,40496,3.0
ThorsTroll,36511,5.0
Foxxxel,57876,7.0
potatostuff,2167,6.0
-God,3731,8.0
----shia,4597,5.0
ivy_of_elusia,6547,7.0
aryadoto,1535,9.0
-Elliott-,15451,7.0
princesjelyfish,33834,3.0
Ritz501,37991,10.0
Monofly,59458,8.0
its_skylar12,55996,4.0
ThomasGremory,2476,1.0
-Kano,6547,7.0
Caio2000,51180,8.0
Foshito,14807,7.0
Mooniouz,53446,7.0
Riztsuki_14,50739,7.0
iwsifakismag,5114,8.0
prettyHearts,40333,6.0
Katman666,50410,8.0
KasuuKun,10408,9.0
arnvav__shr,59636,9.0
ashyz,50593,9.0
Cabezommm,10218,7.0
primagi,54233,4.0
ThorviBritannia,48736,7.0
Karurosu_ncz,49762,7.0
MonkeyDAmith63,147,8.0
Monoxide12349,37027,4.0
Monctr,431,7.0
Caerulcifer,52305,7.0
poyomon99,53127,8.0
pqzin,31043,10.0
Cairom,7711,7.0
-AC-,5521,10.0
Mony001,6702,9.0
Katsura_017,15775,8.0
KatharinaDan,6573,6.0
iwillbeanotaku,45576,9.0
Tikustin,35760,8.0
Calculus94,9513,8.0
-Lunarian-,20035,7.0
iturbeh,8769,7.0
CRXWLEY666,37105,10.0
Kashim2484,52578,9.0
CainhoDoHype,2890,7.0
CaioLima20,49387,10.0
TikkiWiii,38084,6.0
C_H_I_N_M_A_Y,22043,8.0
-Bob-,16782,2.0
Throdax,2868,2.0
-Krul,38101,8.0
KassaneRendal,22663,6.0
RoWatchesAnime,16005,8.0
Caboose,1750,3.0
CairoSCCP,38883,7.0
Thyg,481,6.0
Frank,28725,9.0
ivancho3334,28851,9.0
Kasaio,19,8.0
-Droid-,21863,8.0
Moony-Denriatys,32729,8.0
Kartigzzz,58567,10.0
Francisco_Avila,24765,6.0
Tib__Furude,59490,6.0
prsfx1,49926,5.0
istrie,31737,8.0
Katsura900,6746,9.0
MontuBoss,30654,8.0
Rna87,56449,7.0
Katanadude,22147,7.0
MonkeDLuffy,36990,8.0
princessLINDAA,5678,8.0
Moopdoop,39534,7.0
Monomatt0013,49413,8.0
KatOtaku,1119,7.0
Kartik_Gusain6,40456,8.0
Fonzinho,40936,10.0
Tigerfire77,13667,8.0
ittl,39940,7.0
itsankith,31339,10.0
CNeto,31452,6.0
-DarKSlayeR-,28851,9.0
istorms132,19163,7.0
Forever--Young,30269,5.0
MonkeyD_Goofy,52635,7.0
ThymeSeyU,9488,8.0
TikTikPL,19815,10.0
progrockboy,32664,6.0
Rio-23,28999,6.0
Risingrice,7674,6.0
Monsieur_,7592,8.0
CaekCake,269,8.0
RitaTrindade12,41946,4.0
ashe-,12531,10.0
--Luminous--,13331,7.0
-Hogarth-,1055,7.0
Caezzy,34240,9.0
-Kirito,6115,10.0
Tibler,3948,6.0
ForewerV,51179,5.0
-00,50348,3.0
arrazolavguille,20033,7.0
ivanflinn,11617,7.0
Karlosian,5680,8.0
Rnd22,49918,8.0
Calarin,34642,8.0
prouted,38691,6.0
Thor_Almighty,35073,7.0
Cajita_Hoshi,9919,9.0
-Ijumi-,51009,10.0
Foolishmints,5341,9.0
-FlowerGarden-,14719,10.0
Ritma,38436,10.0
Moneppeli,10800,7.0
Rissenicus,170,9.0
asetrisk,40004,3.0
arnina,44881,5.0
iwastooslow,42897,8.0
primevalsoup,6377,9.0
Monkeyking908,40165,8.0
its_meunlanky,57907,6.0
Moody9868,28805,9.0
artist-retired,11441,5.0
KarmaCat,30240,5.0
-BL0SS0M-,24991,6.0
Forturn,30230,7.0
Karmainstantanel,38329,10.0
isuzusan,1840,8.0
Fortio,2904,9.0
Monkeyke,30915,6.0
Monte_Carlo_1971,32937,8.0
Montie,10294,6.0
RoWatchesAnime,11013,7.0
ashton18,42250,9.0
itsAtheris,50631,8.0
arta779,54233,7.0
Forgot123,35073,10.0
arpia97,37441,6.0
Forbiddengod788,27775,8.0
Riviall-Black,29786,8.0
Fox,4246,10.0
arrarragi,14967,6.0
RitsuTwisted,32039,6.0
Moneypencil,759,10.0
TidusCR,27821,9.0
itose1915,23199,1.0
Katsureki,28861,7.0
promanias,820,7.0
-Baya-,31933,9.0
Riselv,2001,10.0
Kartinix,50663,9.0
KarmaXx,37576,4.0
Moonmonk,7711,10.0
Moniiicaa,20931,8.0
Katsuki,19429,7.0
Montinihabato13,18851,8.0
MonkeyDKyle,1691,10.0
-Akio-shin-,48549,7.0
Calabre006,36649,9.0
KarmaxD,170,8.0
CLanzion,53439,8.0
Fractured-Image,6547,4.0
ThunderC30,26055,10.0
ThyroidBeanstalk,10719,7.0
Thyg,34443,8.0
-Lazed-,30276,10.0
Karva1,37348,5.0
Riten,6408,10.0
RizelTheBaka,23273,9.0
itsmemario55,51693,6.0
ThomasMeta,28121,7.0
iwantodai,38753,5.0
Rkelt,55997,8.0
Rising_Tempest,32900,7.0
RizenAres,53887,10.0
CabralKDC,57892,7.0
-Lofn-,35849,1.0
-Akio-shin-,52588,8.0
arjupg,32188,8.0
Rizzles,19685,4.0
Katenou,38594,9.0
arshiorange,22297,8.0
-Fantasia-,11617,2.0
Rivaliti,51105,8.0
Ritokuro,51535,7.0
-Chuunibyou,31404,6.0
RisingPhantom,269,10.0
Tiakka,31245,7.0
Montie,1639,2.0
Monatsu,53580,7.0
-Kirino-,228,8.0
Forrest-_-tt,14741,1.0
MonkeyDSean04,36027,7.0
Caguuu,42361,5.0
asesinojulio98,29095,9.0
ForflayyO,2183,6.0
CL1v9zfsfo1,19703,8.0
-Keen-,38081,8.0
-DxP-,58197,4.0
Katsuki,4186,8.0
itotaku,40935,8.0
itikitty,36784,6.0
-G-L-I-T-C-H-,43608,10.0
Rizzadd10,34134,5.0
ForgottenClosed,14765,10.0
arrow-san,58173,7.0
Mondi1234,22145,9.0
MooooNbeat,32937,9.0
Riot,55818,8.0
psycogundam,3120,5.0
prof_koro,23199,8.0
FraN_cs,34051,7.0
Risubb,19759,6.0
ForflayyO,2116,5.0
Rito2Ru,30187,6.0
primordial_noir_,31722,5.0
ThorinRynd,51009,8.0
CR1T1C4L,2144,10.0
itikitty,42783,5.0
Monkey-D-Andrei,25781,10.0
Monomatt0013,38431,6.0
Moonfighterr,5342,7.0
ForestGuardian7,121,8.0
Monoriu,55774,6.0
FranTomiko,357,8.0
Caguuu,43692,7.0
arnina,59459,8.0
Riudesu,58592,8.0
Ritz407,38830,4.0
-Akirion-,40902,7.0
-Ace,11853,6.0
ThomazSpoiler,52093,6.0
Karkato,33255,10.0
Tidrake,38830,7.0
Katsuki,49363,7.0
Thrive2Mix,28927,8.0
-Heika,512,7.0
arrekkusu,6880,8.0
Folousho,50593,7.0
Monotsugi,10521,9.0
asetrisk,48583,7.0
Thunderking3,47164,7.0
itacha4ever,2386,8.0
progressivespoon,7549,6.0
ThunderBlade5053,41353,8.0
COHROSE,32281,10.0
Rkp_NS,37779,8.0
arkady_000,1735,5.0
Rinshuu,36511,6.0
CairoMirandaDK,32379,6.0
Caiyou2004,35507,10.0
MonokuroKinema,10218,7.0
Katsuragi222,3782,10.0
Monoxide12349,51866,3.0
Foshinh,47917,10.0
RivetingWeeb,2136,8.0
arthur__leywin,38000,9.0
ForgotEyeWasHere,905,6.0
its_skylar12,50739,8.0
Frainne,56838,6.0
-DreamerQ,32587,10.0
-AC-,25537,10.0
Tiame,23755,8.0
Rishabh1987,245,10.0
itsayansh,48171,9.0
psycogundam,19647,5.0
Rna87,14753,8.0
Frank,38778,7.0
RivetingWeeb,23701,6.0
Kashirou,12365,10.0
Throw3r,39652,7.0
arnold5000,34443,8.0
Tiagosonics,40356,6.0
Katenou,49918,7.0
arjundhiman,20,9.0
Ripti,21431,9.0
Fotsuan,514,7.0
Threnzy,3783,9.0
Fonzinho,37349,7.0
-Jakey-,40956,8.0
-Koda-,40881,6.0
KarnaKua,23385,7.0
ivo_nkr,18115,8.0
MoooooooooMilk,196,5.0
Rmaged0n,38000,8.0
--kitade--,9587,8.0
Monkey_D_Alif_21,38470,7.0
-Degurechaff-,36649,7.0
Karyra,199,8.0
Katman1,53446,7.0
Karkato,10534,9.0
-Ecliptix-,13125,6.0
Rizuchii,51179,8.0
RisaYuyuki,41514,10.0
ivirue,885,9.0
itsBits,52211,6.0
itskindacl0udy,42310,8.0
ivoza,32828,6.0
ThomasFukano,508,7.0
-FUUJIN-,9260,10.0
MonkeMuncher,39587,10.0
arkein,58572,8.0
Forqot,29974,1.0
prateeplus,904,6.0
Moonchild007,31478,9.0
Fr3shQ,37684,3.0
arman_,54900,9.0
Karom911,25681,8.0
RiseFromToilet,35788,8.0
prettysenpai,33036,10.0
isjmmy,65,7.0
artikfoxa,42250,4.0
arranoust,47778,7.0
--tsukuyomi--,2593,8.0
-Fuyuki_,57524,10.0
CMinamoto,4513,8.0
RoWatchesAnime,40024,5.0
Fomi,34984,8.0
Caio_Chat,1842,9.0
Franciscan_Duck,41530,8.0
Riy,30831,9.0
Tibo_Bones,45560,4.0
-Crown-,12355,10.0
arrekkusu,24991,6.0
Karinyia,227,7.0
artas152,46569,9.0
CMLeo98,35376,9.0
MonkeyWithPipe,170,7.0
-Kiraide-,36548,7.0
Fraiiz-Wanderer,7311,10.0
RitaMita,51711,8.0
Forever,981,5.0
-Lobo-,37210,6.0
Monkey_D_Alif_21,39469,7.0
-Aya_Chan-,460,10.0
CSequino,50612,6.0
Moonto1987,54865,10.0
TiagoRn28,50380,7.0
ThymeSeyU,48491,7.0
-Deimos-,1060,8.0
powlowc,39783,8.0
-Kiraide-,801,7.0
-Ichihara-Yuuko-,32871,7.0
Cachoso13,57611,6.0
Katon967,18277,7.0
potatoladica,33988,9.0
professorwho42,223,8.0
ThunderOBolt,20785,5.0
CacoMaco,34240,10.0
Karoshi_Mika,38680,7.0
Rinya_Alpaca,11759,6.0
TikoMia,50571,4.0
Riyaz47x,51498,8.0
Riokanol_,22297,4.0
MonkeSupremacy,40834,5.0
probjodye,1,7.0
Thuuduujn,28675,7.0
Monster__170,433,7.0
itsanimel,48707,8.0
Karma99,34614,6.0
artosapien,49721,8.0
primzcm,54632,6.0
-Mahesvara,39547,10.0
TikoMia,41461,5.0
-Fuyuki_,47778,10.0
Tiaz__,28223,8.0
Moniker_S,405,7.0
RkGemr,58567,10.0
Kashim2484,31297,7.0
Rio-23,8536,4.0
Rnh123,25159,8.0
Fraisja,1532,3.0
FourSeasonSage,17895,8.0
pp813,16890,7.0
iturbeh,6351,8.0
arunbainz,53889,7.0
CalcifiedCalcium,41574,5.0
Moon_spell,6,7.0
Ritsu_Kun,40594,9.0
issiehyoudou,7817,1.0
art3mes,31240,9.0
-Lobo-,4654,8.0
--Fiend_09--,19315,2.0
Tigeren,37806,7.0
Foquitoss,52173,6.0
Kasurname,52741,8.0
Monstrous_Energy,18671,7.0
princess_mermaid,19841,7.0
Monsmania,16528,7.0
--Emiya--,13759,8.0
Riy,37450,9.0
asetrisk,30370,5.0
Kasusu,9465,8.0
Monoriu,60098,8.0
ashinkei,52211,8.0
itsMErcy,38085,9.0
Cachje,1943,9.0
-Krism-,19775,7.0
Rising_Tempest,40333,7.0
TikoMia,21435,6.0
RizeleaSerafall,6347,8.0
Rior_Archnemias,34552,6.0
Kasugano,2131,7.0
Monolight,34599,10.0
-Guacamole-,9919,7.0
-HoneySenpai-,9919,8.0
arrazolavguille,12053,7.0
-Lunarian-,187,6.0
KatoWorks,37105,9.0
Foxxyoongi_,31722,5.0
itsanimel,985,8.0
arnina,48736,10.0
CaPtAiNiCeCoLd,33352,9.0
Franciel,59791,8.0
-Cyberia-,283,6.0
Mondaleaf,4155,8.0
RizeleaSerafall,30276,9.0
Rivallu,58913,9.0
pretender-,52034,8.0
KatOtaku,44130,6.0
Thunsgp,32282,7.0
CMacAkira7,53833,7.0
produdestr,21881,5.0
pretenders,31049,6.0
-Cyberia-,3127,6.0
arthurrrarghargh,9322,5.0
Tiago_Soares,36124,4.0
Riptos,39942,5.0
Kashi_Otaku,34626,7.0
CP_Zero,4280,8.0
psthfn,40456,9.0
Tiippy,50265,10.0
ThomasPokemon,40416,10.0
Moon_Sham,32962,8.0
Karlosian,11597,10.0
ForeverGolden,20847,9.0
artbbertucci,8074,4.0
MooMooWeeABoo,6512,7.0
Moodkiller,22273,9.0
Tiago_Vaz_007,1840,9.0
prefersthemoon,11757,8.0
itikitty,15227,9.0
COLD_JAUM,30,9.0
TiagoCosta,10519,5.0
CableApprehensiv,4181,10.0
-Ansh-,42361,8.0
Tiago_Soares,23623,10.0
-Ecliptix-,21329,9.0
FoxerMark,38409,10.0
RitsuOkumura,36470,6.0
-Kirito,33157,10.0
Foolyou,8408,9.0
Kasuga_Arata48,10575,8.0
ivanelterrible,5081,9.0
-Karma-,4999,8.0
precurejunkie,79,7.0
KatherineSndval,270,8.0
Cachoera,28675,7.0
powerOfNeo107,34498,6.0
Cable52,48614,3.0
Cake1111,8937,7.0
isuzusan,936,6.0
-Haseo-,4752,4.0
Tibler,32801,7.0
-Atsuhi-,36864,6.0
its_ej,10719,5.0
ThuThi,785,9.0
Tigeren,10464,7.0
-HeXy-,30782,3.0
Thunderx3509,20583,8.0
-Elegy-,242,9.0
CNeto,33354,8.0
Foolsome,36407,7.0
Cafezincomleite1,40028,8.0
RizkyKusuma,34438,8.0
prouted,54492,9.0
CaDaLy,55813,9.0
Katsuki_Ahbab1,32485,6.0
FontSize72LOL,30514,6.0
Thunderking3,23233,7.0
arne0,4898,4.0
prussianking,36049,6.0
-Lofn-,9479,3.0
asetrisk2,31414,3.0
-Ichihara-Yuuko-,22265,9.0
Franguinho,34934,7.0
Fox95,12413,8.0
its_meunlanky,47160,5.0
arutimatia,11061,9.0
-All,28977,3.0
KarlKafka,6880,8.0
prakhar27803,32935,9.0
-FrankliN,39701,9.0
CYioReti,3783,8.0
Caladan,192,8.0
isimaele,37520,7.0
ThyEmeraldMoon,52034,9.0
ashinkei,10800,8.0
-Lucilfer-,26243,7.0
as3000,3712,10.0
Kasugano,12189,8.0
ForflayyO,4752,6.0
Monoluxuria,37105,10.0
Monkeyking908,853,10.0
preet248,1735,8.0
MonkeyDLuffy420,44511,8.0
armedlmpala,40748,10.0
RnJ,25879,10.0
Caju144,34134,8.0
ForeverNotAlone,34280,6.0
prollyumbra,25013,7.0
Tidehollow,4224,4.0
Monix-sama,18229,7.0
Kartinix,50612,9.0
Karmainstantanel,2890,6.0
Caezzy,16498,7.0
Rizor,5530,8.0
-Kazu,1566,8.0
Riusnaan,11499,7.0
Foxeey,31163,9.0
CaiooRibeiro,49469,8.0
FossilFinder28,49784,8.0
Cafer7,34280,7.0
Riquixote,10020,6.0
Monoshika,185,8.0
Thom_dos,48549,7.0
Fran_Zoldyck,36882,6.0
artanblacknight,27899,3.0
MonkeyAvsFan,8841,7.0
RivalS,3783,8.0
Frank,6171,6.0
Foolyou,30191,10.0
artemisthemp,5347,5.0
arveii,33322,8.0
-BL0SS0M-,59175,6.0
Foundingweeb,38003,8.0
Caguama28,52865,9.0
Tibler,18045,8.0
-Aras,49918,7.0
arwen7stars,39535,7.0
Riyaku,11759,10.0
RiverLilly,49612,5.0
-Envy-,6114,9.0
Foxaris,34572,7.0
TiagoRn28,37403,7.0
Folsks,35676,7.0
MonsterLover22,42250,9.0
CRY_X_HEART,39196,8.0
-Arisa,457,9.0
prototypeplayer,32,7.0
poyomon99,42590,9.0
MonstAR_,10793,7.0
Francisco_Avila,25681,7.0
propatel77,16894,8.0
--Dawn--,7054,10.0
Thund3r789,49834,8.0
CaixaCaixa,14967,8.0
-Chazz,38671,8.0
-Blacha-,1,10.0
RiyalDiamond,40586,7.0
Rmaged0n,16742,7.0
-Ecliptix-,31326,9.0
project005,16059,6.0
MonkeyDgladson,28121,5.0
MonnieohMonnie,23755,7.0
promee,20555,7.0
Riunite,23209,10.0
aryxnpandey,18897,8.0
potatsguy,42203,8.0
Foofy06,37521,10.0
-Agera-,28851,8.0
Rkyn,35905,7.0
arminamini01,3010,7.0
Mooodyy,30276,7.0
prxmavera,36949,9.0
poyomon99,39026,8.0
itchika,1210,7.0
Frank_Lotion,35639,6.0
przemek123,41497,8.0
Tiburcio,42897,8.0
its_skylar12,52741,7.0
MonogatariLSD,16009,7.0
prodcyberia,226,9.0
FrancescoSP,34933,7.0
iskandarsouza,34591,8.0
Fordi,55102,10.0
-Hotaru_,8449,2.0
Monjoex,2605,10.0
ixaa,30123,5.0
MonokuroKinema,20723,6.0
Karnrage,9756,8.0
Katrix,17549,6.0
Thryms,4224,8.0
RoTheLegend,16934,8.0
isngyn,35760,9.0
MonsieurPapillon,454,8.0
Riwn66,10067,9.0
powerofemo,14653,6.0
arunbainz,35928,5.0
Tief,552,6.0
Risuperu,35120,7.0
poundscoin,52742,9.0
Thomas_Atwood,30015,10.0
Monkey_D_Mrowek,50709,7.0
artin_1702,33352,8.0
aromanga,41025,9.0
itsjvy,35860,7.0
Monya3,30907,7.0
itsfreddiejae,34577,7.0
Rise-Sama,4059,8.0
professor_otaku,28819,5.0
itss_abbyyy,52446,9.0
Monteschizo,3784,8.0
RivetingWeeb,27601,8.0
Ristarchik,51212,6.0
Monika_0089,36397,8.0
Throttlee,1525,7.0
CL_02,51535,9.0
Monkwok,56348,6.0
ashinkei,38528,8.0
-Keiko-,3652,9.0
ForVice,50608,9.0
-00,6,5.0
Moonafier,11757,6.0
KashKetchum,24415,5.0
itztragic,54714,7.0
Tiger19,50002,8.0
KatExist,41514,5.0
arumida,853,9.0
MonkeyDLuffy1428,50330,10.0
Thunder_1,40852,9.0
CagalloPerSequia,38068,7.0
ThorinPink,442,5.0
Mons1337,21881,4.0
Katler,54362,8.0
CRISTOsinP,37779,10.0
Moonquirk45,28805,7.0
Moonboy021,33352,7.0
MonsterGH,52347,6.0
Tide_125,33352,8.0
ittihatcikao,18671,5.0
-Ginko,12049,10.0
-ANIME-OVERLORD,30,10.0
KateyamaTaka,38000,9.0
pouuuiii,1886,8.0
CakesGalore_,31964,8.0
Katsudon96,41812,6.0
Moodiekiller,40855,8.0
-Lucas_Rocha-,28223,9.0
potatoladica,37348,9.0
RoZayBry,225,7.0
ivanvuruna,56285,6.0
Katsuragi222,43523,7.0
MooDuck,16782,6.0
CaioVieira1917,949,10.0
KasukeLp,5690,9.0
Monch-Senpai,24439,7.0
-Mahesvara,28891,10.0
Kasaio,1088,8.0
-FourDauntless-,1642,10.0
itikitty,38533,7.0
ThyKonvict,54789,9.0
-ANIgourMEt,24415,7.0
Monokuma39,8246,6.0
TiagoCosta,7739,3.0
CaelDeus,7711,6.0
ThomaShrek,17074,9.0
Rioton,39017,7.0
--sayori--,10067,9.0
itarekahmed,40221,10.0
-God,18247,4.0
TiagoGomes,1859,5.0
CLModerno,48661,8.0
Monstergamer265,16498,8.0
--Ryu--,53407,8.0
-Aniki-Kamina-,30240,8.0
Monkey-D-Efrain,49387,10.0
FoxSyn,34403,3.0
arpia97,36882,2.0
-Ian-101,29093,7.0
psm3l0,58939,6.0
RisingAceTraine,49709,7.0
-Juanjo,56671,4.0
Moon_spell,32,9.0
-Keiko3-,5081,3.0
Thryms,30385,5.0
promanias,22043,7.0
RisunKil,4224,8.0
CaioLima20,38936,6.0
FrankPT,31478,9.0
ThyPenguinZ,2116,8.0
KatorixKorgiz,41619,8.0
ThunK69,30654,9.0
Katsumi96,5681,6.0
potatostuff,7088,6.0
prado086432,20583,7.0
Riskeric,40010,7.0
-Kiraide-,2563,8.0
iuzumi,52193,8.0
Kath_E,38201,8.0
Tiffanylevi,42249,8.0
CPTyami,36028,10.0
iwan5566,38816,7.0
Karuchi,1387,8.0
Cajunator,31,9.0
RoDem,268,9.0
Forwards,1210,10.0
FragileGlass,36470,7.0
Moonchiix,31646,8.0
Caju144,3731,9.0
Riucc,40542,8.0
Throni,37104,1.0
KasutoroSama,2251,9.0
CSMPiano,30831,8.0
-Kiraide-,237,8.0
isipinashi,14719,8.0
Rmkk,11887,9.0
Monzazaraza,36885,7.0
Riri_33,4901,10.0
CT4,11757,6.0
CPxSUBZEROx,3654,8.0
Monel24,34543,6.0
-Aras,59095,7.0
FranTomiko,51019,9.0
artas152,22319,10.0
ThorusFTW,37055,9.0
MonkeDLuffy,23421,8.0
Monkey_D_Alif_21,32615,8.0
-Aras,24833,5.0
Monkkz,8247,7.0
Forcashen,822,10.0
art_3,34382,4.0
ixFeisty,51417,9.0
MoonMoon6969,9260,7.0
Fractured-Image,45576,6.0
przemek123,53013,6.0
Thryms,38793,6.0
itsbabu,34973,7.0
Katania48,37449,6.0
Fr3nch,18671,6.0
RizelSenpai,3918,7.0
FoxyGumiho,38408,9.0
asdasjdsa,33743,6.0
Kasou,30902,7.0
Franciscocsjr,17074,9.0
Monkeryz,31261,5.0
Mondaleaf,38691,8.0
Kaszalot,245,10.0
Katakuri187,12189,7.0
Fouadbenameur,30458,7.0
CSGMarch,8516,9.0
CaioOkada,36296,7.0
prosthesis,38826,6.0
Caju144,49692,9.0
prateekchhikara,431,8.0
Foxx_03,32995,6.0
-LilBabuSpectre-,31933,8.0
Katsuki,36474,8.0
Forever--Young,50434,7.0
-Kano-,6746,8.0
Risswelt,2403,8.0
princessLily,17259,8.0
-MAZ1NO,28977,10.0
Rizz97,35851,8.0
princessleddit,49869,1.0
Caden_Chu,35413,7.0
-LuskaS-,39741,7.0
Formutor,17819,5.0
Thryms,22535,8.0
ashyz,50410,4.0
Rkelt,52816,7.0
arkilag,45055,8.0
pr11,48614,8.0
-00,52505,5.0
Moonl1tS,11633,6.0
-Akirion-,37621,7.0
MonjaElisa,4472,7.0
Rishama,44069,8.0
arvin_1219,33558,8.0
-LuskaS-,36510,1.0
CY0R,4081,9.0
Kasll,40839,7.0
powerOfNeo107,20767,7.0
psi_rockin,55845,4.0
itsbartualtas,50608,4.0
Riuzed,36793,8.0
-Eien-,25143,5.0
Kartzw,9253,9.0
CableApprehensiv,37362,5.0
Monsmania,34284,7.0
arnav_vv,7724,7.0
Francie,38826,8.0
itsshinn,50709,8.0
MontuBoss,10495,7.0
Tiancheng964,22199,9.0
-BeQ-,779,7.0
Caioviski_,5205,9.0
Risubb,1709,8.0
Rius,10711,8.0
Foolishweeb,227,7.0
Moonalice,31914,5.0
pp813,807,7.0
Tiayeone,322,8.0
KatExist,60732,5.0
-Kazu,9181,8.0
KarnaKua,41587,6.0
issa_labshat,38691,9.0
Monga,31973,7.0
Karinyia,31117,7.0
France53,245,10.0
arul19,54918,3.0
ashmotrex,269,9.0
prince_loomba,33019,7.0
pqrro,51019,9.0
CaNNaBizZ,31772,10.0
-Kurosawa-,4970,4.0
FrancisFrancisco,32182,9.0
COSLIAS,44087,7.0
KashKetchum,32937,7.0
Monta93,34438,10.0
KarmaSlyr,5300,8.0
-Kotoamatsukami-,31181,8.0
itsmedibba04,834,5.0
-David,16894,8.0
ittybittytitty,14753,7.0
psh,35760,9.0
Karokek7,20785,8.0
RoKuRotAz,21639,7.0
Cajosh24,30484,9.0
Foxcoo,37475,6.0
Karuto90,51105,8.0
Kashtanator,54744,5.0
TiaVaylik,36516,8.0
CNeto,34290,7.0
TiinaSprout,22547,9.0
princessleddit,4483,6.0
-Kosutasu-,17729,8.0
KarstNoPrime,32937,9.0
Riselv,33309,5.0
CalCite3,52991,9.0
-Lyrica-,31706,7.0
----shia,41226,5.0
itsveryvince,40497,7.0
Karuto90,298,6.0
Katsudon96,56218,8.0
power_of_morgana,18115,7.0
-Hogarth-,6189,5.0
artubis,38753,9.0
Kartogamo,37765,8.0
itsankith,10794,9.0
artanblacknight,35249,6.0
-DarKSlayeR-,42203,9.0
Foxcoo,46569,5.0
Karuchi,10408,6.0
Threnzy,6702,9.0
Monomatt0013,13601,8.0
artreo,50602,10.0
ivilinia,457,9.0
MonsieurPapillon,11319,9.0
arpia97,358,2.0
RisottoNero1337,37078,8.0
Katie_Star77,31043,6.0
-David,36456,8.0
Riotpilot14-15,467,8.0
Cafune-,40028,8.0
prateekbhati,15809,6.0
arkandi,44524,6.0
KatShortwick,39533,10.0
Tibler,37055,9.0
Thunder__Bunny,37823,4.0
Kashifam,51535,9.0
MoonAegyo,901,8.0
Caguuu,39324,9.0
Rkelt,6956,9.0
Moonbee_0,43299,10.0
Monstruox23,50652,10.0
Monkey_D_Alif_21,41312,6.0
asahi22,3007,7.0
-Animewatcher-,37150,9.0
COMICALGRAIN,50796,9.0
Thundji,49776,9.0
poyomon99,15583,7.0
MooneBoy24,40056,6.0
KatOtaku,54775,6.0
Karma-Senpai,36649,6.0
CaelDeus,41467,8.0
Monzue,4037,5.0
-EpicMan-,41590,7.0
-Hotaru_,23289,8.0
Thomas_Atwood,34240,7.0
MoonyDoony,31478,7.0
Caerulcifer,10793,9.0
Karurosu_ncz,33505,7.0
Cacadepollo,6114,8.0
KatOtaku,39905,9.0
asaii,5680,8.0
Fpt_leyenda1105,1575,10.0
Forsterbomb,34934,4.0
Ca7,30831,8.0
arppit,35889,7.0
arxminzz,35740,8.0
Tiame,34055,6.0
as_yuuki789,32083,6.0
CXRBXRUS,37982,8.0
Katherina16,33157,6.0
artemisthemp,40956,6.0
KarlVonWolffe,31240,6.0
Cadisven,37719,6.0
pseudofiji,11617,8.0
Katman666,39617,4.0
Franchize57,24415,9.0
-Kurena-,30831,8.0
itikitty,50088,5.0
KatoSama997,42625,7.0
RissaVik,444,10.0
Fr0nzy,28891,10.0
iwsifakismag,10079,6.0
MonoText,52736,5.0
ThomasGremory,10259,6.0
Katriel,28735,10.0
ivanjrs,4155,10.0
Foolsome,23289,9.0
Mondhalika,52046,6.0
FoolyCooly01,56784,8.0
RiveTTo,37976,8.0
arya333,11737,8.0
praggg,35639,9.0
istshorty,41488,5.0
TidierBubble,23037,3.0
Thundji,11741,8.0
Ripah,121,9.0
TikkiWiii,54790,8.0
Thresandy,50203,7.0
Kaseen_Kachow,25777,8.0
Riptos,35540,7.0
Karuchi,578,8.0
Forever_Dead,37991,10.0
Riux,34383,1.0
KatsuKaizo,5040,7.0
Monatsu,31478,8.0
KasuraGirl,15225,7.0
-BeQ-,6438,7.0
princesssteIIa,11061,9.0
Karuto90,1132,8.0
itadoriii,4087,8.0
Monkey_D_Alif_21,42670,8.0
Thoru_UwU,6325,10.0
-Aeriel-,10321,6.0
Cabriti,48661,10.0
Katreena,94,9.0
Thornister,15315,6.0
TiTaNoiD,38790,6.0
Forsterbomb,37719,3.0
Karumine,6747,7.0
Rioju_06,35180,8.0
Fountain_Of_Milk,35417,7.0
FourSeasonSage,85,9.0
Moonraker009,523,10.0
itsDespera,7248,2.0
Frank-Senpai_89,53065,8.0
Karol11na,58567,10.0
arterieee,29067,8.0
Moonyp,29976,5.0
prado086432,37347,6.0
arnold5000,54265,7.0
MonokuroKinema,16201,7.0
MonnieohMonnie,1559,8.0
artgamer0916,40956,8.0
KaseySau,9941,7.0
Folsks,36407,7.0
-Bungee_Gum,31964,5.0
KarmaxD,9253,9.0
-Itachi_Uchiha,31404,9.0
ashuran9007,52985,5.0
praveen97,35760,8.0
Forrest-_-tt,30296,1.0
Foolishweeb,777,6.0
FrankPT,51213,8.0
arkanpm,39195,8.0
arrrrsh,23755,7.0
FoxKingAzod,11597,4.0
Moonl1tS,38790,7.0
Thoragorn,8769,7.0
arunbainz,15037,5.0
-Ichihara-Yuuko-,156,9.0
itz_stn,22145,9.0
Fox0073,40748,10.0
MooMooFluff,28819,8.0
-Luffy_,16894,7.0
arth2809,47391,7.0
Tiger19,59131,7.0
ThunderBird,6211,7.0
CaffeineCrusader,33094,7.0
aruuuimi,26243,8.0
Foxotonic,22535,8.0
Rlyehh,37779,9.0
ForVice,17895,10.0
Thomas466,39196,9.0
Foxx0108,38528,6.0
ashkanmh,40748,8.0
FosterSon,25157,7.0
Katsuna,39535,9.0
-KoNaChan-,1888,8.0
ivura,33654,8.0
CRG,35062,8.0
-Akirion-,50410,7.0
asaba_yorune,38040,8.0
Fractured-Image,2236,6.0
Kasoki,1,9.0
Risee_iei,40436,5.0
Monkey648,11741,10.0
Risha_Haruki,53580,9.0
Kashik,15689,9.0
Monkeydyuki,52034,8.0
Thuron,41353,8.0
ThymeSeyU,54898,9.0
-GabiZ-,18139,8.0
Katekl,416,7.0
Risuo,2966,10.0
Foxi999,35760,8.0
---Mirai---,25345,7.0
Tichoslapek,30778,6.0
aromanga,36317,5.0
FouleBazarD,34544,7.0
Kasuga_Arata48,19101,7.0
Katsura_Eikichi,29803,9.0
princesskamila,51781,8.0
Ristiriita,50380,7.0
Monigatari,29095,8.0
Rinto-kun,30654,9.0
Thunder1227,57050,7.0
Moonister,48417,6.0
RishJD,32772,7.0
CNoone,846,8.0
asdfignacio,48736,9.0
-Droid-,22265,8.0
----shia,47250,5.0
Monkeyke,18507,8.0
Riridesu,20,7.0
itikitty,5902,4.0
Cai_Gamer,40010,10.0
arkandi,41389,7.0
Karudima,8525,5.0
prewttyodd,33050,8.0
Francesco_Bossio,40211,10.0
ThunderstormTDM,22839,9.0
RoXas_MMIV,28677,8.0
Riwn66,51179,9.0
Fouton,12565,8.0
Tiago_Reis93,39783,8.0
-Kirito,34519,10.0
ivoza,11577,7.0
artemisthemp,34914,7.0
Formidable_MAL,6030,9.0
MonkeSupremacy,23199,7.0
ThunderstormTDM,2674,7.0
Rippers11,35760,10.0
ThundeRR-Sama,37779,8.0
Rivi_24,28851,9.0
its-jsan,50709,9.0
Katsuki,5734,7.0
COHROSE,31456,7.0
Cakethatisall,25519,8.0
prism__,51009,10.0
KasrkinSaser,18753,8.0
artfromthemist,7054,8.0
CPKsRezzy,24455,7.0
Franchize57,38843,7.0
Tiayeone,40591,9.0
-Bibs-,53148,7.0
Karumont,4382,9.0
-Carnifex,37722,7.0
Kasperstad,34161,8.0
iskandarsouza,270,8.0
Katachidfoxy,57592,7.0
asaderu,35075,8.0
KasumiSayuki,13601,8.0
Food_is_yumm,49413,10.0
MoonlightGZ,44200,8.0
psychiccupid,19671,9.0
itshSelyna,48316,6.0
CSRED,50664,9.0
-Cody-,37831,10.0
FoxTheStripper,36873,8.0
Moon013,43299,7.0
RivalS,4081,8.0
Cakyoin,24439,5.0
Moonscar,6572,8.0
Caddymus,37521,4.0
Tiagooow,35073,9.0
Foms,17643,9.0
Riptos,23847,7.0
RishiAnime007,55813,8.0
precurejunkie,10721,9.0
princessleddit,29787,5.0
Moonl1tS,23251,8.0
arvon2,52747,7.0
ashybutt,6045,7.0
asheccen,39243,9.0
RissaVik,37614,10.0
Tiago_Reis93,53379,7.0
COHROSE,34501,6.0
asadxawan,56690,3.0
FourthLion,1813,7.0
RiscoEdits,11577,7.0
Moonlith,2217,4.0
artgamer0916,11077,8.0
RitsuOkumura,20555,3.0
KasukeLp,36538,9.0
-Bloodreaper-,40586,8.0
-Hitokiri-,5152,6.0
CSJH,21845,6.0
RkSheep,38422,10.0
Monofly,39495,3.0
arshiliu,42941,8.0
-Caio,23277,8.0
-----9-----,36022,6.0
RiverboatRam,19163,6.0
as3000,6347,6.0
art_3,37999,9.0
-HoneySenpai-,51252,7.0
-FUUJIN-,27821,8.0
KatjieKat,40597,4.0
princedizzytoon,26123,10.0
Forever--Young,40472,10.0
RizelTheBaka,9756,9.0
psycogundam,1553,7.0
Katadziina-chan,10379,10.0
probreaux,38328,6.0
MontuBGTB,8841,5.0
Foxfrost208,52211,7.0
Rinxiao,41094,7.0
--Secretoben--,16700,8.0
Kasakiru,18897,8.0
itsNebura,20047,7.0
artemisxant,18897,8.0
Monsoozi,95,10.0
ForflayyO,40902,8.0
promanias,37086,7.0
Franciscojesus07,37522,8.0
Katsureki,849,10.0
-Keiko-,13807,6.0
MoonAegyo,28025,8.0
isostar25,777,9.0
ivivapi,43763,9.0
proximo,55526,9.0
-Kiraide-,16904,8.0
ivekz,1889,7.0
-Kurara-,24703,1.0
Frallan0702,34933,5.0
privateale,21507,6.0
ashurixo,523,9.0
Monster_nachos,37744,7.0
Fradischen,3225,8.0
artehene,228,10.0
Monzue,2001,10.0
Forever,133,5.0
Rion_666,40960,4.0
Moop_,48548,7.0
Tiffanys,10162,10.0
Monster_nachos,52461,7.0
Forwards,22535,7.0
TienLachowski,29974,6.0
istrie,48375,9.0
Ritsuga3,34480,5.0
iwsifakismag,10249,7.0
Kasey,38329,8.0
MonsterAmwu,36704,6.0
--Sunclaudius,4177,8.0
Moonalice,15751,6.0
Rlight,54234,7.0
Rising_Sun,24151,6.0
RitaTrindade12,33506,7.0
KarolineCristina,442,7.0
Katiica4869,11577,8.0
Tiago_Vaz_007,54449,8.0
-ISHTIAK-,40594,6.0
Frank_00,36475,8.0
Katsura_Eikichi,31338,6.0
TikoMia,49505,4.0
praghosh,53434,8.0
iwashalfawake,35338,5.0
Katalyzed,37521,7.0
psychoplast,10153,9.0
Katelynlist,34134,9.0
prometeo392,28907,7.0
Cactusaur,26243,7.0
MoonSun7u7,741,9.0
prodigy1807,39523,9.0
Moonnyo,6547,7.0
Karphyel,32863,6.0
Formutor,28755,7.0
MoniStar,11785,10.0
Riptos,19111,8.0
Kasuga_Arata48,59424,7.0
CP_Zero,52211,7.0
pris_sucks,40417,8.0
Katsumeio,11887,7.0
arradheen,1535,7.0
itshoo_,50265,7.0
iwashizue,40911,10.0
asheccen,7054,7.0
Thurbs,25283,6.0
Katsura_Joestar,36949,8.0
KasuuKun,51552,8.0
-LastPain-,5114,9.0
CSRED,51764,7.0
Ticafr,37347,7.0
-Bob-,54857,9.0
Formutor,22745,5.0
ashleypulido18,42897,10.0
Monkey_D_Alif_21,39806,2.0
MooXa3003,56980,7.0
asetrisk,40961,2.0
MontuBGTB,39547,8.0
CNoFlaw,21573,9.0
----shia,49818,8.0
Kastlecxyz,31043,7.0
KasukeLp,58638,9.0
ashuran9007,21511,7.0
Frank3nst3in,13601,9.0
itsCmac,6712,5.0
Karkato,37985,8.0
Monkey-D-Efrain,35756,8.0
RisuRisuRisu,164,10.0
pr4yer,33486,7.0
Karva1,57098,5.0
Katarushisu,6547,9.0
princeraj000,40456,8.0
itschrono,42361,4.0
CLAR-A,17074,10.0
-Ace,15809,8.0
Rinya_Alpaca,47194,9.0
-Kagaya-,57058,7.0
Rizz_y,42205,7.0
CStephen,30014,8.0
Cable52,10721,2.0
MongoDB,36792,9.0
----Haku----,41226,8.0
iuvin,53859,8.0
KarmaNouzen,38329,9.0
-Akirion-,27775,8.0
Thundard,522,9.0
artmarxism,24439,5.0
Cakeski,9253,9.0
CacoMaco,35788,10.0
Foxus,33028,8.0
its_me_lmao,22729,7.0
CabbagePants,1192,7.0
Rivitan,10161,8.0
itamarZ,37349,8.0
FoolishTaoist,31621,3.0
itzTenzy,24133,6.0
itztragic,33486,8.0
CaNNaBizZ,137,10.0
itsreihan,40852,8.0
MooDuck,21,9.0
Monoluxuria,21995,10.0
ividsc,60567,10.0
ThudSoundEffect,24781,5.0
TiagoMe,164,9.0
ash_ika,2890,8.0
FosterSon,36475,7.0
as_kostek,5630,5.0
--Vanilla--,44807,7.0
Rioju_06,41456,6.0
itsDeruta,50265,9.0
Rmekude,38408,8.0
KasietheMighty,32962,6.0
MontyCristo,50953,5.0
Rippinite,21743,7.0
CafeManager,52081,6.0
CVMA,46095,5.0
Caciulacdlac,20583,9.0
Thourivel,2926,6.0
-Cobre-,4181,7.0
RivalS,53580,7.0
Monzue,37779,10.0
RithLuffy,30276,10.0
KasietheMighty,35968,9.0
itt130,37999,8.0
itori,32494,10.0
MonkiDonki,12477,8.0
CaioCK-H,51662,6.0
arvin_1219,6945,9.0
-GABU-,24439,9.0
CMacAkira7,39701,8.0
arpia97,29829,7.0
-Kirio-,39463,9.0
prateeplus,928,5.0
pri_arts_,2655,9.0
ivan012345,48760,7.0
Tiago_Soares,40591,10.0
KatherineSndval,55866,10.0
Monkey_2077,14719,9.0
Kartik_1212,40496,7.0
C_Dann,42897,8.0
asianbearshow,210,8.0
Cal_cifer1,21561,7.0
KarlKafka,18397,5.0
Forte327,1575,10.0
Thrive2Mix,23301,8.0
Caiovdkato,14527,7.0
Forgotten_Memo,2167,7.0
RioLowell,30,9.0
Moonquirk45,41587,8.0
Thomas_Report,8795,7.0
ivanelterrible,26243,7.0
pp813,34280,7.0
itsFranny,5667,6.0
-Kirumi,44511,7.0
RiveTTo,38483,8.0
Montinihabato13,22673,8.0
Tia-Portal,44511,8.0
artist-retired,10628,7.0
-Hotaru_,150,7.0
Monzue,18397,5.0
Riten,5781,10.0
FoxyAnH,28121,10.0
-Kirino-,21267,7.0
MonsterLiebert,23755,8.0
Kashynku,36286,6.0
Monzue,57600,6.0
-KoNaChan-,3268,6.0
Rirukiddo,59130,5.0
aroiporridgu,59632,9.0
powersonic19,11743,9.0
Fountain_Of_Milk,42148,7.0
Thrawyacnt,15195,6.0
-Jaegers-,38000,9.0
Rizzles,461,7.0
Katrinvond,59160,8.0
RinsAl,2025,8.0
Monigatari,16782,10.0
CaffeineFiend,35823,10.0
Moonl1tS,762,7.0
poyomon99,37958,7.0
MoonBlade44,1195,10.0
asiangodz69,2904,9.0
pronky,11061,9.0
-----9-----,55791,8.0
-Lucilfer-,32355,6.0
prammy,5,9.0
ForcingARC,37998,6.0
Thom_dos,52215,10.0
Riptos,11065,5.0
Moon_War,40787,9.0
CMVenomSES,170,6.0
ascakai,413,1.0
arthuno,37965,9.0
-Hab-,11771,8.0
Thomas_Hiro,34599,7.0
potatosalad1,52619,5.0
Foms,5996,8.0
power_of_morgana,7,3.0
Kat0Megumi,31859,8.0
CT_BINO,36653,6.0
RivalS,38003,7.0
FootSlut,48561,9.0
Katsumeio,56179,6.0
Rio-,20021,8.0
ashuran9007,51180,10.0
-Danmaku-,45576,4.0
Monki_Julia,20785,5.0
ppots,40472,5.0
poyomon99,52034,9.0
itsmekarlyyy,597,8.0
princess_mermaid,916,8.0
KarioBaka,31798,6.0
Montebello,166,8.0
Foolishmints,39551,8.0
CLEsadra,50160,9.0
Fox-Paw,50205,4.0
Rinu_IDK,44074,7.0
MonkeDLuffy,10119,7.0
Riroshi,16239,7.0
Risuo,9181,6.0
CakeAttack,10162,9.0
artemistelle,1535,9.0
-BL0SS0M-,32287,6.0
MoonNymph,4866,1.0
Moonus,31240,9.0
-Kagaya-,52830,9.0
princessLily,2557,7.0
itsalwayssol,53356,6.0
Riquixote,1195,7.0
TikkiWiii,39388,7.0
asepdeni,2001,8.0
prrgangsta,37403,7.0
Riwn66,30,10.0
Forgotten6772,41006,8.0
FrancisM03,7647,10.0
Risubb,38198,10.0
Tichoslapek,38814,3.0
Calais_,20,7.0
CRASHBR4IN,43229,7.0
psychic_03,8142,8.0
CM2,40787,8.0
Frank,9314,8.0
-Jefuri-,39535,7.0
Fonazo,16916,8.0
MonstAR_,10162,8.0
Monix-sama,9790,7.0
-FacetiousGuy-,4155,5.0
Karokek7,50612,9.0
psi_rockin,32668,6.0
Fossanium,40313,7.0
Rirukiddo,4901,10.0
Frank-Senpai_89,50197,7.0
provec,55454,7.0
protostar98,6572,7.0
ForgottenDays_13,55454,8.0
itsBits,160,8.0
Rjboy13,36474,8.0
MonoUmbreon,5205,8.0
MoonViolet,40429,10.0
isshoniikitai,8795,10.0
Fopdoodle,34494,7.0
Ritik_Sharma,53393,8.0
Forest_1,10087,5.0
Cadu_xing,31783,8.0
Karmel,23283,5.0
-Cresent-,32182,8.0
Calaminty,35968,8.0
iveseenstuff,54900,5.0
CLEsadra,18897,7.0
-Aniki-Kamina-,37450,9.0
ThousandCuts,40620,6.0
TiaraKazuya,41848,7.0
-ISHTIAK-,4726,5.0
itsnotjack,269,5.0
Rinzler145,49891,9.0
-Katsuu-,11061,8.0
Kasuga_Arata48,10488,9.0
-Aether-,36038,8.0
prot0pixel,25777,6.0
Tiamat26,384,8.0
-DanZo-,26243,7.0
RizeleaSerafall,32380,9.0
Monofly,51065,3.0
KatOtaku,62101,4.0
Rivaliti,34299,8.0
Riten,53111,10.0
Moonpenguins,24037,8.0
-Luhui,28223,9.0
CT_BINO,24765,6.0
-Blackswordsman,42249,8.0
Foxmester38,18397,7.0
Katsuro-chan,10549,7.0
-Elegy-,60732,9.0
KatharinaDan,56348,5.0
Tigerin0,31953,8.0
Tiaago,35946,10.0
Tiame,33253,7.0
protleon,37764,3.0
Caico_P,52305,5.0
TikoMia,43523,5.0
itaii,21647,8.0
Thornboat,10863,8.0
Thomas41,26055,10.0
artikfoxa,26349,3.0
KatsuKaizo,10258,5.0
itsrj20,18277,8.0
Franciscocsjr,35860,8.0
RiskyPT,37722,8.0
Tiagosoutei,36474,10.0
-Hotaru_,4814,7.0
KatorixKorgiz,51552,6.0
--Mister_Mario--,39681,10.0
Kat0Megumi,51958,7.0
ashtefo,6347,8.0
Rinyaa,40540,9.0
Rjt,6702,9.0
Monolight,14353,8.0
Francis_G,33012,9.0
Thundji,13261,7.0
Rioton,1119,7.0
prabal04,49596,9.0
-LK-,16782,7.0
ThomasGremory,33659,5.0
armob,32553,9.0
Monou,2397,8.0
Fopdoodle,54595,9.0
Thuan224,58426,10.0
ForeverGolden,53407,10.0
RitsuTwisted,32995,5.0
Kathi835,18397,7.0
MonkeeDan,56845,3.0
Forever--Young,40842,10.0
Fox95,13759,9.0
-Keiko3-,40221,8.0
psihius,47257,9.0
Rivalisss,440,9.0
KatoSama997,35484,7.0
Tibler,15451,8.0
Karrzzzzzz,31389,7.0
-Kurara-,44511,6.0
CalabreseMuzza,9989,9.0
Thundeeeh,777,5.0
TiagoGomes,37651,3.0
artofyusefu,59192,8.0
its_skylar12,49596,9.0
Francis_G,39800,7.0
ThomeofReality,40489,7.0
-Marc,813,6.0
Monya3,430,7.0
Rioton,39198,8.0
arunkumaran,55644,8.0
Moodipoy,42938,9.0
MonkeyDMick,42249,8.0
iwantodai,39569,6.0
princenublet,38671,8.0
TidierBubble,36039,5.0
RivetingWeeb,34295,6.0
MoonBlade44,3712,10.0
Ritakuma,29803,9.0
RiseFromToilet,22147,7.0
KasaraEm13,1195,8.0
itsbabu,10408,9.0
Four420twenty,513,6.0
iwillxaveyou,10721,8.0
ash_ramen,40456,8.0
arrow-san,51958,8.0
Tik445,33486,8.0
MonkeyDZoey,22535,8.0
Cabezommm,30740,8.0
itallowinch,30015,7.0
premsai22k,48561,9.0
Karma717,43608,9.0
Fragworks,14407,7.0
arti131,33486,8.0
CTMB_Emotionless,37984,8.0
Moonlight_Arc-V,39196,8.0
itikitty,40100,6.0
prokkirin,20853,2.0
Katenou,54789,7.0
-ANIMEXHUNTER,35222,8.0
-Eien-,936,5.0
-1Mary1-,2034,7.0
itsParth,52481,8.0
C_Luffy,54492,7.0
Foxeey,32867,10.0
KatjieKat,565,7.0
Kast2,52367,7.0
-HeXy-,4654,7.0
Tijmuffin,2398,6.0
Ristoki,24577,6.0
poyomon99,56230,9.0
ThunderOBolt,31765,1.0
Karokek7,31553,8.0
MonjaElisa,11701,5.0
Kasuga_Arata48,32485,4.0
-AkagiChan-,2167,10.0
arpia97,9624,6.0
-LG,26243,7.0
Monya3,22145,8.0
itsmemario55,49782,9.0
Tibler,20021,8.0
Foxcoo,23321,7.0
Fountain_Of_Milk,37152,8.0
Monkeyy_,49776,9.0
RisottoNero1337,30831,7.0
Fracazo,39940,8.0
Kartik_Gusain6,48375,6.0
Karunas,48583,9.0
probreaux,6702,6.0
MoonStalker,160,10.0
CU-563,2890,8.0
-Krism-,36633,7.0
Riusnaan,17549,8.0
itoshirin_gf,37450,9.0
--Aestuo--,5097,7.0
-Ichihara-Yuuko-,34096,10.0
Rizhuki-san,38699,7.0
ittsxenia,34599,9.0
Fondofwisdom,45576,9.0
CaleHetinuse,9253,9.0
ThuThi,5042,8.0
ForcingARC,44203,7.0
Frank-Senpai_89,22961,10.0
ppelsa1432,38301,7.0
its_yane,5205,10.0
proxime,1943,7.0
Monitor_LCD,10076,7.0
prozyne,37521,9.0
Fr1d4y_94,56800,3.0
Calal-Chan,1033,7.0
Rior_Archnemias,9117,10.0
itachi_re,6793,7.0
Katakuri187,36215,9.0
Foolyou,38656,7.0
Fox____,34577,9.0
aronyn19,27891,5.0
-David-,35946,5.0
Forbiddensimp,34134,9.0
arth2809,17513,4.0
Folsks,52305,7.0
Foraustin,43690,3.0
RoXas_MMIV,6467,7.0
Kasderan,8937,8.0
Moomeowmoomoo,24765,8.0
Monoluxuria,31845,9.0
Thrust,20785,2.0
princemahdi8,38732,8.0
arkham-bat,10218,8.0
Montazer-kun,9756,10.0
-AC-,8086,10.0
Monkeyking908,35079,9.0
Tib__Furude,52657,8.0
CSR_2002,40496,8.0
Monty_mus03,7054,9.0
Fr_MoonDan,24765,8.0
-Lobo-,50265,10.0
its_GEO,4224,9.0
RishJD,37578,6.0
ashleyyeyeyyey,26055,9.0
Moonmonk,5112,6.0
Throw3r,36882,6.0
isshh,16894,8.0
-FUUJIN-,49891,6.0
Fopdoodle,59597,6.0
provat_haque,51535,7.0
CVManolo,36511,8.0
pseudokatato,52701,9.0
Rion_666,41899,7.0
asiangodz69,39555,8.0
CZ2128CZ,40591,10.0
Tiff_D,60,5.0
Thrasher96,13563,5.0
--kitade--,18115,9.0
RipVanKiller,38826,8.0
MoodnightCafe,36936,7.0
arpia97,35677,6.0
Moonsword20,41461,7.0
Tiagosoutei,37349,8.0
itilyb,1535,8.0
ivaxx,22043,10.0
Rion_666,56400,5.0
Riri-_-,18507,9.0
Kathaa,35838,9.0
Thyntho,1735,6.0
-Mahesvara,14467,9.0
Monkey_D_Mrowek,40956,7.0
MoneybagsMcGee,30307,7.0
Rivaliti,28881,9.0
ismailsrbst,32867,8.0
MoneyMoon,17729,9.0
-Fenris-,223,8.0
Foolaja,49220,8.0
Kashifam,437,9.0
CLModerno,486,8.0
arnav_vv,32281,10.0
Franelas,38935,5.0
-Des-,199,10.0
Katsuki,33489,8.0
Kasvai,20507,8.0
Cacadepollo,431,8.0
prewttyodd,54309,8.0
Forend,2904,9.0
Moodipoy,34277,7.0
Riskelfish,51122,9.0
asetrisk,413,1.0
Karma99,35968,8.0
Kasuga_Arata48,21033,8.0
Karokek7,52215,9.0
MonstroDoOlhoSo,51096,3.0
Foraustin,467,8.0
-Luhui,5085,5.0
Monkey_D_Mrowek,31933,9.0
arkandi,20853,7.0
Cainthazar,25159,7.0
arkein,49387,8.0
RoDem,7311,8.0
Foreverhin,15809,9.0
Folochs,37510,8.0
Ritz501,53065,8.0
artonelico69,4596,8.0
Katastro,11771,10.0
ThorviBritannia,39486,10.0
artaditcz,39463,7.0
pridak7,26055,10.0
-FOXX-,51180,8.0
FpzZzZ,43760,4.0
psychowera,30503,9.0
Kartik_1212,41556,6.0
-Elliot,467,8.0
Monitor_LCD,18495,6.0
ashinkei,34712,7.0
Thunder_Emp,37210,10.0
Caiyou2004,38826,9.0
itsThatWeeb,42423,9.0
itay9850,55911,10.0
Montie,37171,7.0
itzragner,56907,10.0
-Araragi-,36632,6.0
MoonTan,20931,6.0
-Graina-,1482,8.0
projectfear22,8841,10.0
CSRED,16001,10.0
-Kosutasu-,11933,9.0
Kato23,25283,9.0
CableApprehensiv,50606,7.0
TienLachowski,53887,9.0
Rising_Tempest,38924,7.0
TienLachowski,51462,9.0
FrankFX,14467,8.0
its_bunny_1536,2655,7.0
TigerOtome19,31118,10.0
CalabreseMuzza,59424,9.0
FoxiDogs,34612,10.0
CRG,32937,9.0
projectfear22,13759,10.0
Kasusu,2254,9.0
Fortealto,40935,9.0
-Hikawa-,9756,10.0
Ristarchik,35790,7.0
Fontes02,5205,9.0
RivetingWeeb,17157,8.0
Kartik_Gusain6,41389,7.0
asia540,957,7.0
ppots,35145,5.0
-Kurara-,34414,3.0
FouleBazarD,49891,9.0
Kastazo,32,8.0
RiroshiDtK,15379,8.0
przemek123,42282,7.0
pouuuiii,45576,8.0
asabust,37497,9.0
itsmepee,10863,6.0
its_el_bori,33032,8.0
prettysoon,38524,9.0
Katon967,31637,7.0
FoxOf,32182,9.0
Moon_War,22789,7.0
Rjt,56439,9.0
princedizzytoon,41389,9.0
itssaturn,38883,8.0
FoxOf,42774,5.0
----shia,12549,6.0
prefart,10087,9.0
KashKetchum,20449,6.0
Ritulis,32901,8.0
Riroshi,50265,10.0
-Cyberia-,2026,6.0
Tibikame,54839,4.0
Throni,32344,1.0
psm3l0,36098,7.0
Calamite,31764,8.0
itadaki_monjirou,31043,8.0
KasukeLp,7054,9.0
precurejunkie,14073,6.0
proudsauce,40839,2.0
Ripler,1132,7.0
asafsuf,41467,2.0
-Dullahan,4163,7.0
Fovexes71125,51019,10.0
Thoompiemas,8841,7.0
prohibitedeyes,5909,8.0
Karison,52211,6.0
itskindacl0udy,34612,8.0
Ritsuchaaan,19315,2.0
CaitNAnt,20977,7.0
ppelsa1432,11887,8.0
MoodyDead,8142,9.0
CSequino,48583,9.0
Katsu22,43007,8.0
Caity-Cat,16592,5.0
Caldog__,31757,9.0
CabMister,39587,9.0
Monoluxuria,54309,9.0
artkage_,40333,1.0
Fotsuan,918,5.0
-Boba-,37510,8.0
iskariotes,7336,8.0
itacha4ever,24913,8.0
Monzue,22297,7.0
arunbainz,19769,3.0
armanyan,21327,9.0
Moonlightblade14,16934,7.0
Frank_00,51213,7.0
CY0R,37347,9.0
-Dremer-,38524,10.0
TiffyIffy,23283,8.0
proximo,29575,9.0
Karuchi,52107,8.0
TigerInSpace,31043,7.0
asiad,11013,7.0
CabMister,38101,8.0
Kasia0909,15417,10.0
asheccen,30,8.0
Katoteshi,53148,7.0
KasteR_,31374,1.0
CROWgaandmedega,34009,6.0
Francisco_Avila,38992,8.0
provat_haque,36456,7.0
Karmel,33478,7.0
RitaGandra,24703,8.0
-FacetiousGuy-,31686,3.0
-Mahesvara,39535,8.0
COHROSE,49776,10.0
Moonus,33263,6.0
Monoriu,33161,6.0
-Boreas-,14719,8.0
Caciulacdlac,3712,7.0
ppalganppanda,431,10.0
powerOfNeo107,8861,8.0
Rmekude,58131,10.0
-FrankliN,38524,9.0
MonsterZero11,18411,7.0
arminrf,40776,10.0
Throwawaybathtow,2167,6.0
Katadon,1818,7.0
itsleoxz,48316,9.0
psychosykes,51818,10.0
Fortijack,6594,8.0
Karnrage,8676,7.0
Franguinho,9181,7.0
primzcm,41456,3.0
Karumine,15391,8.0
Follw,55701,6.0
CairoSCCP,50739,7.0
princesahu1567,35788,7.0
princefa5,44059,6.0
Rishama,53621,10.0
Risha_Haruki,31797,6.0
KashKetchum,21009,4.0
princedetective7,10793,6.0
Katler,51180,10.0
Caju0,37154,5.0
-David-,34134,6.0
ThunderRed99,48553,7.0
-Haoto-,18655,8.0
Ritinha_chan,40456,9.0
asadxawan,30015,7.0
armandomora,36999,8.0
ps2_superstar,467,9.0
asal1310m,31758,10.0
ismail18,51213,7.0
ThymeSeyU,11741,9.0
Kashiwazaki_chan,16512,7.0
-Lucas_Rocha-,40530,7.0
Ripler,44881,7.0
-Ginko,5630,9.0
-Kotoha-,38992,7.0
Rjt,58711,10.0
Kasumiiiii,35806,8.0
Karma_Bacardi,23281,8.0
itsBits,37475,5.0
arth2809,17505,10.0
ashdrxp,22319,8.0
RjtheGreat14,16001,8.0
Thrill_Vessel,38680,8.0
Tiffaniya,807,7.0
Monofly,57533,7.0
Tiffany_Zuchkan,26213,10.0
Forwpy,40853,9.0
pouckis,29067,7.0
ashuran9007,36949,9.0
Kashi_Otaku,14813,8.0
Tigeren,5973,7.0
artoriaswbm,11757,6.0
arshagor190,34566,8.0
artin_1702,11499,7.0
itacha4ever,47790,7.0
-Aster-,9969,9.0
-Jinxren-,28223,8.0
ars2,38360,7.0
CK_Underwear,31706,6.0
Riridesu,21703,5.0
Kary88,14751,9.0
MoonPhos,37095,6.0
Katsumi96,7739,4.0
arshagor190,35821,8.0
itshoo_,53411,6.0
--EYEPATCH--,51648,7.0
Moooldaccount,9919,5.0
Rmaged0n,30240,8.0
KarmaRex-69,35760,9.0
itzTenzy,58572,8.0
RisunKil,11843,7.0
CalabreseMuzza,30276,9.0
artofyusefu,53888,8.0
itzsumi,11617,7.0
-Atsuhi-,35760,8.0
Thunder_Emp,36793,10.0
arona_0101,28171,7.0
arthurpendragon2,48413,7.0
arne0,9366,3.0
Monix-sama,3090,7.0
MonkeMuncher,48585,6.0
MonkeyD_Goofy,38329,9.0
isrozzis,5204,5.0
itikitty,55310,8.0
ForestGuardian7,51009,9.0
-Dawn-,42803,10.0
FoolishTaoist,35459,3.0
Moon_Sham,8861,5.0
Tiag0,39247,8.0
Rior_Archnemias,31297,10.0
Karma_BW,28121,8.0
Ripped_99,42994,7.0
Franceuroi,21881,9.0
Katrinvond,40591,9.0
-Kitsuneko-,14967,7.0
Frank_Lotion,12365,7.0
pseudo,32268,4.0
Cake1111,41389,9.0
CMZeus,34403,8.0
-Jaegers-,40750,1.0
-Envy-,8440,8.0
RiverboatRam,53033,7.0
Kasugai0703,50608,9.0
COSLIAS,2001,8.0
COFFEE2388,40333,5.0
FoxSM,16498,9.0
Tiet1,22097,8.0
ForRealZach,15451,9.0
CLanzion,40595,9.0
CaFeSuaDaddy,30714,7.0
Moomeowmoomoo,20583,8.0
psaradwnas,47778,7.0
potatofay0,50631,4.0
Mont_,40540,4.0
MoonFangs,21105,9.0
KarolineCristina,10049,10.0
itikitty,56830,6.0
Moonquirk45,23847,8.0
FormalLetter,13601,7.0
RizenAres,6547,7.0
isntdroopy,30778,8.0
Tigres,1847,8.0
Frane,16742,8.0
Riyad69,35760,10.0
Katsu-kun,18677,7.0
arquitrabe,35714,6.0
presentday,8129,10.0
Tifa96,1816,3.0
ThundBlack002,35180,9.0
-Inuki,40356,5.0
Ritsuchaaan,16035,9.0
Cadisven,6205,5.0
CL_02,52990,8.0
Moonlightdzn,7054,8.0
itskindacl0udy,11113,9.0
Montycc,38790,6.0
-Alberto-,9379,6.0
FranXXenstein,49387,8.0
Kashi_Otaku,49893,7.0
prettysenpai,55866,10.0
-HUNTER-,31933,6.0
ashuulinksu,6895,6.0
promil16,35639,7.0
Kartik_Gusain6,55701,5.0
Monkey_soup,35994,5.0
Thomas02,34542,7.0
Katsuki,8525,8.0
MonkaStare,20,8.0
itsAvient,37765,10.0
Rinxiao,27899,8.0
arnxcra,25777,10.0
-Cheesecake-,740,8.0
MoneybagsMcGee,50307,7.0
-Araragi-,10905,7.0
-Endir-,18671,6.0
ThunderstormTDM,2678,6.0
Throwingcrabs,34060,5.0
Rlylex,50594,5.0
Thourivel,36456,8.0
Monsmania,55102,9.0
Riten,41456,7.0
projectfear22,2607,10.0
Kasusu,37126,7.0
Forwpy,38086,9.0
Kasperstad,57648,9.0
asdassss123,28171,9.0
Rithvikaa,53126,8.0
Fraisier,20785,7.0
Monitor_LCD,37458,5.0
Fr3shQ,40938,8.0
iwan5566,39547,8.0
Rioju_06,6702,6.0
Rinto-kun,19163,7.0
TigrisAlba,34382,7.0
Rizih,13759,7.0
Rkluppel,36511,6.0
itsmee_0e,41103,8.0
privatesour,22145,9.0
itss_abbyyy,50796,8.0
Rlylex,36220,3.0
psychokillerz,23273,10.0
--kitade--,2982,2.0
ThunderstormTDM,39605,7.0
-----Ren-----,37779,9.0
RoDem,39792,8.0
TikoMia,16782,3.0
CalUwU,33486,9.0
Rinrintan,16397,7.0
Moontenegro,17831,7.0
itssachalhere,31478,9.0
Rishilevi,35459,8.0
Mongezuranyan,9989,7.0
-DxP-,27991,9.0
Monica_3333,33486,10.0
Monix_,37221,8.0
arvin_1219,33161,9.0
Tieddy,514,6.0
Mondi1234,45567,5.0
CabralKDC,48849,7.0
ForeverGolden,27821,9.0
poundest,51498,6.0
TikoMia,32894,1.0
Karism,32615,9.0
Thunder007,30694,10.0
Tichoslapek,3467,6.0
RishiAnime007,49303,8.0
ThundeRR-Sama,36946,8.0
Katsureki,41124,5.0
MonocerosViatrix,50265,7.0
Kartoferu_,527,7.0
-LK-,25537,7.0
Foxtsune,55813,9.0
isuzusan,17641,3.0
CLUB_ANIME,33486,10.0
arnina,15809,5.0
asiangodz69,37105,9.0
Thonymac,20583,8.0
Katsumi_Leaf,28881,7.0
Thomasq1,40879,8.0
ForlornHope,6675,9.0
asabust,52955,6.0
Tiffanylevi,35760,10.0
KatOtaku,54595,10.0
-Droid-,48761,8.0
-Azuki-,36474,8.0
KasietheMighty,33433,5.0
Kasielo20,43325,10.0
Ritsu_Kun,44881,7.0
-Axelrod-,33489,5.0
CMRulZ,40748,8.0
CLAE_1278,51367,8.0
-GabiZ-,33094,8.0
Rioju_06,41084,9.0
Franelas,39491,8.0
Caarbon,15451,4.0
MoonyToony,42361,7.0
Tikii10,24833,9.0
KateSousa,6702,5.0
-GabiZ-,37982,4.0
-ISHTIAK-,48675,5.0
RiveTTo,38524,6.0
itachi_re,37744,6.0
-Araragi-,9723,8.0
MonsterPotato9,40456,8.0
pretenders,19815,9.0
FoolsOro,28891,8.0
-Ian-101,21881,6.0
-BL0SS0M-,604,5.0
CaelDeus,21659,6.0
itterasshai-eren,40787,10.0
Kati-chan,2219,6.0
Calal-Chan,8888,6.0
MooDuck,19363,8.0
Calculus94,39244,10.0
Riten,59177,8.0
Karmel,53865,8.0
COMELOL,40357,5.0
prantzpatil,54595,10.0
-HeXy-,27787,5.0
pssp_16_2005,55844,7.0
Monkey_D_Alif_21,6347,7.0
Riptos,23755,8.0
Foxxxel,38691,9.0
RitaTrindade12,33836,3.0
MonkeyDNic,918,9.0
powerlover1234,37981,9.0
-Alan,32182,9.0
itminly,51019,9.0
Katiesomething,50869,8.0
-Des-,41833,8.0
ividsc,60157,8.0
Moonman616,21855,8.0
C_Par,31931,9.0
Thwoops,1535,7.0
TigretonVLC,41457,9.0
RizenAres,52588,8.0
Frank,1292,8.0
-Akuro,4214,4.0
CabooseGI,27989,9.0
Frakits,41930,6.0
Riptos,10495,7.0
asheccen,28891,7.0
itsmmd99,34902,7.0
preet248,38329,9.0
MonkiDonki,31163,6.0
Riridesu,34933,6.0
Rita-,23441,7.0
Katiesomething,226,10.0
Monkey_soup,39575,7.0
RisuRisuRisu,9379,3.0
Rizu_Ogata,39195,7.0
ashigaru_anime,54265,7.0
-Ace,15729,6.0
-Crizzy-,36833,7.0
-Emiya-,6954,10.0
Katachidfoxy,37521,6.0
-Kurara-,40333,2.0
FrancWyvern,30240,8.0
KaseySau,40911,9.0
Monix-sama,23423,4.0
Kashtanator,52193,6.0
-Dakki-,35247,10.0
Kati-chan,4437,8.0
Calderia,40870,5.0
ForeverGolden,41619,9.0
Fopdoodle,13125,8.0
-Emiya-,869,7.0
-Karma-,524,7.0
aseeon,10336,5.0
RisingWeebHero,30831,8.0
Tiame,20689,8.0
Kartik_khare_18,50739,9.0
ash101939,56063,7.0
psthfn,40333,10.0
Thryms,60326,6.0
Monix-sama,52611,7.0
ivanlzy,10012,8.0
Foxtsune,48561,9.0
Kasperstad,52446,7.0
ars_andras,28735,8.0
iwan021,9041,10.0
Rjlowe921,51818,7.0
Monkey_D_Raghul,50265,10.0
ForflayyO,1859,8.0
Kashio13,40397,8.0
FourSeasonSage,1281,6.0
Forqot,65,8.0
RkGemr,9989,9.0
-FacetiousGuy-,35369,4.0
Fosrex,9513,10.0
Foyxal,10162,7.0
ThunderNe,6045,10.0
MoonPhos,33003,6.0
itzCristiRo,4224,10.0
psycogundam,1935,8.0
ThunderPrakshan,39042,4.0
itchika,44961,5.0
KatoJoro,1535,8.0
FouleBazarD,11061,9.0
potatofan123,53446,7.0
Monsheri,48753,7.0
RjtheGreat14,10495,8.0
-FacetiousGuy-,7025,2.0
itsreihan,5114,8.0
-----9-----,58131,7.0
princefa5,160,6.0
as_yuuki789,25879,8.0
Kasusu,32937,10.0
Threedo9,57555,10.0
Monijij,33834,3.0
princemahdi8,36649,8.0
Fraisja,16742,5.0
Tiiko,13655,10.0
Rixsu,51958,10.0
CYioReti,8800,8.0
TiamatNM,534,8.0
ithaswhatitisnt,34393,6.0
Rittsuu,44275,5.0
iwan021,25157,9.0
poyomon99,42072,6.0
ThunderbroAnime,5074,7.0
asheccen,34280,8.0
protostar98,25859,7.0
Forever--Young,9487,2.0
FpzZzZ,50631,8.0
Rkp_NS,35790,6.0
--Secretoben--,37890,7.0
Thoragorn,34933,7.0
MonkeyDHunter,5526,6.0
pryout,35849,7.0
princess_mermaid,8129,9.0
CLAR-A,24037,9.0
Ritsu_Kun,12581,7.0
CTDz,34944,6.0
Rmisor,28223,10.0
arntu007,39753,8.0
prokkirin,35968,9.0
Karmel,41457,7.0
asdfghjklin,63,4.0
Moonscar,3654,7.0
KatExist,28891,8.0
TiinaSprout,34403,8.0
itsEpi,8769,8.0
-CHAR-,27787,6.0
KatoSama997,1,8.0
arthuregood,17265,7.0
artikfoxa,14813,5.0
Calculus94,11633,7.0
-BL0SS0M-,34662,8.0
probigounce,41812,4.0
ForeverGolden,25159,9.0
pranto_zaho,52991,10.0
Katiesomething,55998,8.0
itsDespera,29893,8.0
CaNNaBizZ,35760,10.0
TigreGK,38408,9.0
MoonLightGirll,8888,7.0
Katsuki_Rayu,433,8.0
Moneppeli,11111,6.0
Fomi,196,6.0
Fractured-Image,35838,4.0
RisingTactician,2001,9.0
MonsterLiebert,181,4.0
itz-_-alip,30240,7.0
Kasyno01,52211,7.0
aruuuimi,10152,8.0
asia540,35843,9.0
asetrisk,33282,1.0
Rionka,49235,6.0
Riten,5114,10.0
itisme28,43299,6.0
iwatch2muchanime,9327,6.0
Ritsuga3,9000,8.0
-Graina-,1691,7.0
iwatobye,35120,7.0
Kat-Coat,32995,8.0
MonarqueCeleste,131,6.0
Kartik_1212,51837,7.0
Forever_Dead,38691,8.0
ashsih99,6707,6.0
itsBrix,34382,8.0
Cachofa,6862,8.0
KashKetchum,42307,5.0
FoxOf,58939,5.0
Karkato,41457,8.0
CabVolp,1535,8.0
RivRev9188,36990,8.0
artmeztic,1535,9.0
Ritz407,31740,7.0
Kate_S17,38883,8.0
Kat091,2890,7.0
CafeAlpha,21855,8.0
Monkeybeast,7627,9.0
Monsheri,44275,6.0
KarmaExostylx,49926,6.0
prodmingi,437,8.0
its_aiight,41353,8.0
Riskelfish,36632,6.0
iva-braun,10804,7.0
MooXa3003,19429,4.0
princesmoke10,36885,9.0
ashdrxp,269,7.0
Kate112,57334,8.0
Moonmonk,241,5.0
powersonic19,40028,8.0
Fox____,36028,9.0
-Dislike-,30191,9.0
MoonRoses,7711,5.0
Monix-sama,2870,6.0
Rizqy_FA,34321,8.0
---Mirai---,29803,7.0
itzreinier,36475,7.0
Ritsuchaaan,50399,9.0
-Kiraide-,34934,5.0
ishmamzara,36511,7.0
Tickles-BNana,37450,7.0
ThomazSpoiler,48661,7.0
MonkeyDDave,19815,9.0
Monsoozi,2385,8.0
profedsimp,54857,9.0
KassaneRendal,38186,7.0
isimpfordio,37585,4.0
arnovego,30825,4.0
Franciscojesus07,40839,5.0
Monsmania,7582,5.0
RoKuRotAz,5233,9.0
-Kagaya-,27787,8.0
poyomon99,37403,8.0
isrozzis,8426,8.0
itsyamagucci,256,5.0
princemahdi8,3972,8.0
-All,37621,4.0
KarmaCat,30015,8.0
CND_Videl,50854,8.0
privatemike,10495,10.0
Monish111,9656,8.0
-Kazuma_,37055,7.0
Kashifam,19151,2.0
Fran,43299,8.0
MonkaStare,42897,9.0
-Kirito,6381,10.0
Katon967,1887,7.0
ittybittytitty,18671,8.0
Monix-sama,40941,3.0
Riwan-chan,7193,10.0
Monsterko,14719,10.0
asdfawergfaerg2,16444,5.0
-Kurosawa-,57,9.0
-Lolita,23755,5.0
-KAL,38680,7.0
RoKuRotAz,32503,8.0
CagalloPerSequia,60508,7.0
-Cobre-,54112,3.0
iwatobye,36699,9.0
-AkagiChan-,6746,10.0
TiaanM777,35028,7.0
asian_creationz,14199,6.0
artist-retired,1118,8.0
Cafezincomleite,31267,7.0
CL1v9zfsfo1,21469,6.0
ThyEmeraldMoon,136,9.0
Katsumeio,48549,7.0
Karkitty4,28891,10.0
-FaintSmile-,1535,10.0
-AJB-,19,8.0
Fox_Cato,80,9.0
KatjieKat,32637,4.0
-Eien-,8440,4.0
ivoza,38040,10.0
arona_0101,249,7.0
Kasusu,27833,7.0
ppelsa1432,38691,8.0
ThunderBird,40956,7.0
Foreverhin,40608,6.0
-Deschain-,1631,8.0
-Ecliptix-,40507,8.0
pretender-,37430,7.0
Kathrinekmj,50608,6.0
pqBanned,31964,9.0
KatExist,54617,10.0
Kasusu,38005,7.0
Ritulis,23289,9.0
RippleLover,2904,3.0
Ritam_1,18247,7.0
Franciscocsjr,43969,9.0
its_me_lmao,1589,8.0
Moodkiller,28907,10.0
Fr0styOwl,10719,7.0
RioFutabaAztec2,18671,8.0
-MYK-,42351,7.0
RisingAceTraine,1592,5.0
Foosen,2397,7.0
Mondaleaf,96,8.0
Fonzinho,40776,8.0
MoonEresh,32995,8.0
Ripped_99,49220,8.0
ashwincraft,32951,6.0
-BL0SS0M-,5332,6.0
Monofly,56980,5.0
MooMooWeeABoo,14467,9.0
-Ayu,433,8.0
princessjaki15,877,7.0
Cairom,15583,8.0
RiyasAfdal,40776,9.0
itss_abbyyy,36885,8.0
prototypeplayer,41595,8.0
CTcommander,52995,7.0
itschristuna,7059,6.0
itsbemou,6127,7.0
KatieFrank,8408,7.0
Kashifam,44511,8.0
-MYK-,51122,8.0
asian_creationz,164,7.0
protonblast,949,8.0
CP_Zero,22535,9.0
Tigeren,32608,7.0
CaioOkada,34626,6.0
----shia,38481,7.0
Kartik_Gusain6,42249,7.0
Katoreya,185,10.0
CSDemers,28851,9.0
Franck232,41212,5.0
Caktus,30276,9.0
itachi-uchiha007,40902,8.0
RiyalDiamond,4999,8.0
issy_walker88,1689,9.0
armin12345678912,54913,8.0
KasukeLp,60470,10.0
MonokuroKinema,6749,7.0
Tigass,223,9.0
KasumiSh,585,10.0
-Kei_,34525,9.0
FrajolaMonjiro,36028,7.0
-Aya_Chan-,30749,5.0
Monkey381,57555,9.0
pressurpoint,2593,8.0
-DreamerQ,41468,10.0
Riskelfish,38422,8.0
-Cake-,33354,4.0
Tiippy,10800,10.0
Cairos,3358,8.0
iuuki,40262,7.0
Tiago_Alex,39199,4.0
ashylz,49776,7.0
ixajii,57647,9.0
KarthikPoojary_6,57181,8.0
ashtherobot,39565,9.0
prakhargr8,20541,3.0
ishoo_sama,34662,7.0
itsmedibba04,41353,7.0
Ritik_Sharma,34134,9.0
itsThatWeeb,54595,10.0
-Cyberia-,693,4.0
CXShadowHawk,2904,8.0
Tiffany_05,91,8.0
Throwawaybathtow,41946,4.0
Ritma,10800,10.0
FrancWyvern,58913,9.0
Rizh_alf,52578,9.0
-Anii-,48548,7.0
ps2_superstar,2581,9.0
Montana37,1519,8.0
-KAL,11499,6.0
Frank_Lotion,46422,8.0
--Ikaros--,31043,9.0
ixaa,43609,8.0
-Dremer-,28825,8.0
RizkyKusuma,42603,7.0
Rndmguypassingby,1074,5.0
Mooni00,38659,6.0
MonkeyDHunter,41389,6.0
Kasdar,36946,8.0
Montesinos,33003,9.0
Risubb,41109,6.0
MonkeyLuffy1811,5114,9.0
itskindacl0udy,38680,10.0
Franciful,3287,1.0
Monoluxuria,57936,7.0
RipperAkkarin,14749,7.0
KatOtaku,51616,9.0
-Envy-,5168,6.0
Throwawaybathtow,40591,9.0
-Hotaru_,17887,5.0
asetrisk2,33164,5.0
Thzinh_,37981,9.0
TigreDoPi,13939,6.0
ivananime,38671,9.0
prince9971,41487,10.0
-Arisama-,52578,7.0
Kasdar,12729,8.0
ThusSpokeMaciota,34542,8.0
Kathyc3100,40456,8.0
arizkykun,30911,5.0
arrrysu,9000,9.0
Monkey-D-Efrain,11079,6.0
--Jin--,51180,8.0
--traveler--,37744,8.0
Frajer_9,21405,8.0
Rioyan,26243,5.0
-Ender-,38959,7.0
Monolamfahim,41389,9.0
psychosanta,50612,9.0
Caitbean,49519,8.0
-Fuyuki_,34321,10.0
Thomasq1,49211,5.0
Caju0,9919,5.0
Rissa-chan19,41762,7.0
armanyan,23227,7.0
Kartik_1212,52995,4.0
TickledPickle,5341,8.0
probreaux,50481,5.0
ForgotEyeWasHere,35405,7.0
Ritma,31741,9.0
-Kazu,5177,10.0
KatharinaDan,51098,1.0
FollowValen,8074,8.0
Monctr,9515,9.0
asdy,35639,5.0
psychedoll,5680,8.0
arnvav__shr,33050,8.0
Thunder_1,15689,9.0
-Emilia,39545,7.0
MonkeyDHunter,25805,2.0
iveseenstuff,34712,5.0
ForLoveandPiece,39017,8.0
Katsuki_Ahbab1,50608,8.0
MoonlightBridge,39990,8.0
RivetingWeeb,39681,9.0
iwatch2muchanime,2441,8.0
Karolayne,30503,8.0
Cakrawala,59986,9.0
Foolyou,21185,8.0
arquitrabe,4898,6.0
pqzin,23289,10.0
Moonsome,21557,7.0
KasrkinSaser,10620,5.0
Rio-7,45576,10.0
ivarle,54744,6.0
Cachofa,27899,7.0
Foxy15,12859,8.0
Frank000,15451,8.0
Ritsuga3,37181,4.0
Thunder007,53439,8.0
MonkeeDan,51916,8.0
ashi_cg,269,10.0
-Kei_,28999,9.0
Moonxch1ld,572,8.0
Rishadahmd99,20785,6.0
Moonscar,14129,8.0
--_Hani_--,10350,7.0
MooXa3003,42894,8.0
Calculus94,15583,7.0
Rising_Tempest,51369,8.0
RisingPhantom,16894,8.0
Monsai,20899,9.0
Kartein,30654,10.0
Monoriu,14807,8.0
Moonlith,226,4.0
Caguari,19775,9.0
-Jakey-,18179,9.0
Thonynho,43,10.0
artemawpn,39710,7.0
ivarov,19815,8.0
Riq14,55887,7.0
Kasumiiiii,59160,8.0
Kasix123,38000,9.0
Thorfinn_glazer,25777,9.0
RiverLilly,5681,9.0
RizanEx_yc,30276,9.0
-Fuyuki_,28701,10.0
psi_rockin,8857,7.0
MooXa3003,12049,7.0
itsleoxz,32673,10.0
itzsammiex,31933,8.0
CYioReti,25777,9.0
asianbearshow,15689,9.0
itsrmc03,48561,8.0
FrakkinChar,5252,8.0
Tibler,31500,8.0
MoonPhos,40730,8.0
-AlexL-,49052,8.0
isnyj,199,10.0
Ritorn,20507,7.0
FouAlter,37675,9.0
-Hab-,37510,9.0
Tibet381,20583,8.0
Monkeryz,8743,4.0
pranta20141,13663,9.0
Tiet1,50739,7.0
MonsterRubberDuc,41361,9.0
TikoMia,40620,3.0
procq,28851,10.0
C_mikhail,449,7.0
Throndir,1142,7.0
ash_ika,34134,9.0
progressivespoon,3455,6.0
Cachje,4437,8.0
-Boba-,42203,8.0
Rirukiddo,30363,7.0
arrow-san,52359,9.0
aryastrk,25537,6.0
Katsura_Joestar,30307,9.0
Moontenegro,36906,7.0
-GabiZ-,48580,8.0
Frajaroma,5114,10.0
FourSeasonSage,40392,6.0
-Cheesecake-,7711,8.0
pravin_shankar,30240,8.0
CairoSCCP,6,7.0
TiagoRn28,48895,7.0
Rio-,17247,8.0
ThomasGoodman,8074,6.0
-Killua-Zoldyck-,7338,8.0
Throwawaybathtow,38787,7.0
CachGarb,40056,6.0
ThomasAndersonTR,37360,8.0
Tieguai999,23623,10.0
CMRkun,12729,7.0
Cai_Gamer,37976,8.0
arsenking,12729,7.0
--Dream3r--,32281,10.0
-LilBabuSpectre-,56843,8.0
RoKuRotAz,30749,9.0
RiverboatRam,6347,7.0
ps2_superstar,641,7.0
FraN_cs,44511,9.0
arshiA379,54837,7.0
Karmalvb,15809,5.0
pradeep_20144,36511,10.0
TikkiWiii,40803,8.0
Monkeyking908,8915,10.0
prodigy34,1735,9.0
prohli,42897,9.0
Riptos,18693,3.0
CSRED,11179,10.0
Risha_Haruki,40004,7.0
Moon_Childz,28171,7.0
-Ak1ra-,9253,10.0
itsbartualtas,37585,1.0
Tigereye76,38924,7.0
Caldo_KynoR,38778,8.0
itsmepee,4872,7.0
COMThing,51128,4.0
-Luhui,10620,9.0
arumida,33028,9.0
princesjelyfish,249,6.0
aronyn19,4181,10.0
Monsi,35249,6.0
-Akirion-,40752,9.0
asheccen,34104,6.0
Karman6,49918,3.0
MooDuck,884,6.0
artemis_77,54234,7.0
Fraetor,31821,7.0
Katsura_Joestar,23283,8.0
FranXico1997,39587,8.0
Fradischen,1142,9.0
priscillacorre1,42938,10.0
-Keiko-,884,6.0
Monofly,7021,5.0
-Danmaku-,37521,9.0
-Ace,9253,9.0
istanblue,4752,7.0
-Frimmel3456-,37105,8.0
CPU_Blanc_,37347,7.0
RiotVolt,1535,8.0
Riss-,38668,8.0
itsmarx_man,4835,6.0
Kasou,39166,8.0
CaSV,34443,7.0
-MAZ1NO,33478,5.0
CSRED,516,9.0
ForeverGolden,42340,10.0
Fovez,15583,1.0
-Kiraide-,19221,7.0
Katsudonz,11887,8.0
-Itachi_Uchiha,20,9.0
Foreverhin,32962,8.0
Thrive2Mix,58437,7.0
KarmaRex-69,30015,7.0
itzLevii_,38753,7.0
KassaneRendal,32930,8.0
isrozzis,25777,7.0
MontagZ,9736,6.0
prototypeplayer,46095,9.0
Katsuragi222,37221,8.0
Cabraboiga,39988,8.0
ashisland,32935,10.0
Foquitoss,52991,9.0
asheccen,28171,9.0
Fran_Zoldyck,34934,8.0
MonogatariLSD,32901,6.0
Riyaz47x,19163,8.0
ash_rosen,8841,8.0
-Ak1ra-,18153,8.0
Kasperstad,35314,7.0
-Kurara-,42310,4.0
-Elliott-,6547,9.0
artsysasaki,5690,9.0
primalnexus,54865,8.0
itsapplekid,48483,8.0
MonarqueCeleste,1475,6.0
RivaCry,48849,8.0
Calaber,11757,7.0
Moonus,15687,6.0
Tibox92,38691,10.0
Calc_,48553,8.0
KasanoKasa,49828,8.0
asetrisk2,37520,5.0
Monitor_LCD,33486,8.0
-DeepWeeb-,12729,6.0
Tiger19,47164,10.0
-Handcrafted,1536,2.0
RiskyPT,51705,6.0
RitzCo,16498,9.0
Francis_G,37722,7.0
itsjaquan,339,6.0
prado086432,634,1.0
Tigernater,34104,6.0
FoolishTaoist,38360,5.0
prungles,35828,4.0
-Droid-,10408,8.0
CYioReti,25157,5.0
Thomas02,23775,8.0
Thrasher96,226,7.0
praveen97,22043,10.0
FoolsOro,34547,8.0
Fox____,28677,10.0
Tiago_Reis93,51916,8.0
Fozhar,1619,7.0
Rinzler145,121,9.0
-BL0SS0M-,269,5.0
CaldeCrack,36456,8.0
Rnzboy,31964,9.0
CactusMantle,10521,7.0
Katsudonz,36838,10.0
Monix-sama,54724,8.0
ForVice,32901,10.0
Monkiesmata,42361,8.0
Monojitshibom091,918,8.0
Ti0Sen,9598,7.0
KatsuraDaa,48895,9.0
projectfear22,30250,10.0
-Ezra-,43608,9.0
asdassss123,12293,7.0
Ripo,3702,5.0
ThomazSpoiler,38883,6.0
-Hogarth-,16201,9.0
Frank_Lotion,7674,7.0
artemistelle,36704,6.0
ForeverGolden,34280,1.0
itskrrahul,37999,9.0
TiagoCosta,41372,4.0
artoriaswbm,43609,6.0
ThunderbroAnime,618,5.0
-HoneySenpai-,50515,7.0
Frallan0702,15051,7.0
prthedisaster,52198,10.0
Tiffaniya,3328,7.0
-CaptainMuffin-,43007,6.0
Fougahs,16904,7.0
itsukandy,34280,8.0
Monkeryz,39096,4.0
Riwar9,50172,10.0
Riunite,10800,10.0
-EpicMan-,43299,8.0
CabooseGI,39523,4.0
-Kr1L3-,37347,8.0
Karyra,39586,7.0
-Insider-,29511,6.0
Rissa-chan19,44037,5.0
Moonyboi,5081,9.0
MonkeeDan,15323,7.0
Riru1,6463,9.0
itsankith,27821,10.0
aryaviotta,3287,1.0
KatsuraDaa,50695,9.0
--EYEPATCH--,36511,6.0
Tichoslapek,3958,7.0
arvin_1219,25159,9.0
ituhata,30547,7.0
Cabotin,9260,8.0
programmargorp,9515,3.0
ivan012345,40960,6.0
Monstruox23,37779,9.0
Katis-Yeager,31964,10.0
Kashou_,1575,10.0
Tigeren,5675,8.0
arkham-bat,36194,2.0
RisingAceTraine,50346,6.0
Monzue,37307,9.0
CKRpl,42826,7.0
--Emiya--,30240,5.0
Rizwan531,38993,7.0
ThomasMeta,59145,5.0
Monkeystrifer,11757,9.0
-IsaqueSmile-,32542,8.0
Caio14,50265,8.0
Tiga42,2472,6.0
itsbemou,56842,6.0
MoooooooooMilk,22535,9.0
MonkeyOtaku07,32281,9.0
RivRev9188,19951,8.0
--kitade--,37993,9.0
aronh15,55129,7.0
itsankith,58359,10.0
Katadziina-chan,7059,8.0
Kartein,37781,7.0
prince_loomba,22199,6.0
Foxtsune,47,9.0
Karrzzzzzz,13851,8.0
CMacAkira7,54265,7.0
Monsmania,36038,7.0
----shia,54259,6.0
KatsuKaizo,357,4.0
RivailleJo,50265,10.0
Cai_Gamer,4565,7.0
MonsieurLune,35180,8.0
-Ellisson-,5680,9.0
-ISHTIAK-,41312,4.0
istherefood,10263,6.0
Moonshadows,35968,9.0
KasteK,4214,5.0
ismichi,2001,9.0
Katastrofico,10370,6.0
artubis,10838,8.0
FosterSon,23233,6.0
its_beako,27441,7.0
Fouton,10357,8.0
princedizzytoon,11743,8.0
Caitbean,38474,9.0
Thorlies,41353,9.0
issy_walker88,14967,2.0
-ARMIN-,41487,8.0
CMVenomSES,30276,7.0
Throttlee,25341,6.0
Rkelt,50002,7.0
Forgodzake,32553,9.0
CabbagePants,32954,5.0
Monstruox23,19369,10.0
Kathikeyan,50265,10.0
-Araragi-,15315,6.0
CMacAkira7,39196,9.0
CNeto,34881,7.0
-MYK-,19671,5.0
psychoXsan,7593,6.0
ashinkei,1818,6.0
CabooseGI,34497,7.0
itsleoxz,481,10.0
MonkeyxDxDiablo,14751,7.0
Moomeowmoomoo,17549,9.0
Tictac72,30464,5.0
Katana_ntt,37991,7.0
RitaGandra,1614,9.0
Thuynh06,8246,6.0
Risqifauzan,38003,8.0
CafeManager,37786,6.0
Caio009,59561,8.0
iv4etyy,38671,7.0
Fonzies,10588,6.0
Moon_Sham,11339,8.0
Moonscar,50380,9.0
-Fenris-,18095,6.0
Moonsome,50360,8.0
Tigerin0,49782,8.0
Risuperu,31964,8.0
CaldeCrack,35062,9.0
Monix-sama,2187,5.0
Thuichi,4059,9.0
FoxYinny,42361,8.0
Cactus_1207,1535,9.0
Katsuki,39235,7.0
-GABU-,30654,10.0
Fr1d4y_94,36906,8.0
prozyne,38408,8.0
KathPissu,39894,9.0
CabralKDC,55813,8.0
Fox0073,813,6.0
-Darkbolt-,36491,7.0
arrroke,37521,9.0
Kasusu,35427,7.0
RisefromAshes,1251,8.0
Monu36,39565,5.0
-Cresent-,18393,6.0
Monkey_D_Alif_21,38760,7.0
Kartogamo,39195,9.0
ThunderRed99,35860,8.0
KarnaKua,11887,7.0
itikitty,38302,5.0
itsjustraxa,19285,6.0
Cakrawala,48661,9.0
armob,52305,7.0
Foms,1172,9.0
Monel24,13367,7.0
asaz5566,5762,9.0
Foofy06,49909,7.0
arthur__leywin,52215,5.0
Fran694qq,9969,8.0
-Dei-,32281,10.0
aryasneedle,40052,8.0
-Ewoo-,33486,8.0
----Haku----,40028,9.0
Fox5135,33352,9.0
Monsieur_,22789,10.0
Montie,32191,6.0
Tigerfire77,37999,9.0
-BlackStar-,66,7.0
CSR_2002,38101,8.0
-Juanjo,36023,4.0
Monkey_D_Mrowek,36882,5.0
CPiva,31737,7.0
